time/fps,time/total_timesteps,time/time_elapsed,time/iterations,train/loss,train/explained_variance,train/policy_gradient_loss,train/approx_kl,train/n_updates,train/clip_range,train/learning_rate,train/entropy_loss,train/clip_fraction,train/std,train/value_loss,rollout/ep_rew_mean,rollout/ep_len_mean,eval/skor,eval/en_iyi_adim
1057,4096,3,1,,,,,,,,,,,,,,,
1428,8192,5,2,36.25413513183594,0.9521024227142334,-0.014907305943779647,0.021730173,5,0.2,0.0001,28.167424726486207,0.28525390625,0.06316773593425751,93.37123355865478,,,,
1585,12288,7,3,20.934741973876953,0.9701987504959106,-0.01049797037267126,0.024118192,10,0.2,0.0001,28.16339898109436,0.257763671875,0.0631965920329094,59.3802583694458,,,,
1406,16384,11,4,18.846059799194336,0.9760077595710754,-0.011191671376582234,0.017588336,15,0.2,0.0001,28.16384129524231,0.222607421875,0.06319491565227509,50.95363550186157,2192.845703125,1000.0,,
1449,20480,14,5,19.182035446166992,0.9781699180603027,-0.011199704778846353,0.018943813,20,0.2,0.0001,28.170767879486085,0.20849609375,0.0632144883275032,48.12822933197022,2192.845703125,1000.0,,
1537,24576,15,6,36.124755859375,0.9516943097114563,-0.011895804683445022,0.019242965,25,0.2,0.0001,28.17225584983826,0.2265625,0.06322796642780304,80.07734022140502,2192.845703125,1000.0,,
1599,28672,17,7,21.315505981445312,0.955049455165863,-0.011057311925105751,0.02179145,30,0.2,0.0001,28.172167825698853,0.207080078125,0.06325304508209229,66.53152647018433,2192.845703125,1000.0,,
1515,32768,21,8,22.677845001220703,0.9606723189353943,-0.011673779232660308,0.021618653,35,0.2,0.0001,28.173216152191163,0.248388671875,0.06322436779737473,60.62095956802368,2192.088134765625,1000.0,,
1550,36864,23,9,29.915752410888672,0.9534391760826111,-0.013793594774324448,0.019666675,40,0.2,0.0001,28.185517263412475,0.23193359375,0.06321689486503601,73.11654319763184,2192.088134765625,1000.0,,
1591,40960,25,10,87.26091766357422,0.8625658750534058,-0.011960652098059655,0.01568818,45,0.2,0.0001,28.18789529800415,0.155859375,0.06321221590042114,194.11159172058106,2192.088134765625,1000.0,,
1630,45056,27,11,27.018817901611328,0.9550157785415649,-0.012290313304401935,0.018893603,50,0.2,0.0001,28.18565454483032,0.17373046875,0.06323198974132538,70.51924209594726,2192.088134765625,1000.0,,
1582,49152,31,12,12.239649772644043,0.9775199294090271,-0.007269979361444712,0.020930499,55,0.2,0.0001,28.181232357025145,0.217138671875,0.0632387101650238,36.196274280548096,2095.94775390625,1000.0,,
1614,53248,32,13,17.719011306762695,0.9775263071060181,-0.009500882681459188,0.022442417,60,0.2,0.0001,28.180063199996948,0.24814453125,0.06328104436397552,41.78512663841248,2095.94775390625,1000.0,,
1649,57344,34,14,31.36094093322754,0.9351862072944641,-0.00904169781715609,0.014609601,65,0.2,0.0001,28.184733295440672,0.200244140625,0.06324905157089233,82.77718267440795,2095.94775390625,1000.0,,
1679,61440,36,15,11.578850746154785,0.9719529151916504,-0.010899873595917597,0.018785298,70,0.2,0.0001,28.19293565750122,0.178759765625,0.06324642896652222,38.58671293258667,2095.94775390625,1000.0,,
1611,65536,40,16,12.73653793334961,0.9739644527435303,-0.007176059496123344,0.016166795,75,0.2,0.0001,28.197668313980103,0.2080078125,0.06324317306280136,38.08307957649231,2116.801513671875,1000.0,,
1638,69632,42,17,18.6840763092041,0.9711452722549438,-0.010739407537039369,0.018313672,80,0.2,0.0001,28.199036121368408,0.2029296875,0.06322507560253143,44.4326587677002,2116.801513671875,1000.0,,
1664,73728,44,18,43.83753967285156,0.9149609208106995,-0.005098836589604616,0.0123564415,85,0.2,0.0001,28.196840000152587,0.17001953125,0.063240185379982,118.08181190490723,2116.801513671875,1000.0,,
1683,77824,46,19,22.64236068725586,0.9482144117355347,-0.011153221374843269,0.01623265,90,0.2,0.0001,28.195532989501952,0.149365234375,0.06324777007102966,66.99629411697387,2116.801513671875,1000.0,,
1634,81920,50,20,18.13210105895996,0.9627761840820312,-0.011318195087369531,0.016188964,95,0.2,0.0001,28.198010301589967,0.14111328125,0.06322156637907028,55.8685697555542,2139.67138671875,1000.0,,
1658,86016,51,21,35.49711608886719,0.9587026834487915,-0.013981453713495285,0.020760614,100,0.2,0.0001,28.200727939605713,0.20263671875,0.06318841129541397,71.57942619323731,2139.67138671875,1000.0,,
1675,90112,53,22,28.803632736206055,0.9535261392593384,-0.012487006635637954,0.021870345,105,0.2,0.0001,28.202358198165893,0.263720703125,0.06318530440330505,67.41008377075195,2139.67138671875,1000.0,,
1688,94208,55,23,10.258097648620605,0.9840396642684937,-0.0084022855036892,0.017914785,110,0.2,0.0001,28.20238275527954,0.1599609375,0.06317152082920074,27.70539860725403,2139.67138671875,1000.0,,
1640,98304,59,24,7.798689842224121,0.9859376549720764,-0.005929131712764502,0.02092696,115,0.2,0.0001,28.210464191436767,0.2482421875,0.06316747516393661,22.29539198875427,2180.2197265625,1000.0,,
1654,102400,61,25,39.045963287353516,0.9573093056678772,0.004290086682885885,0.030993208,117,0.2,0.0001,28.216372299194337,0.2283203125,0.06317248195409775,83.99175186157227,2180.2197265625,1000.0,,
1668,106496,63,26,45.93423080444336,0.9233397841453552,-0.00854236907325685,0.011281777,122,0.2,0.0001,28.217388582229614,0.09736328125,0.06316773593425751,125.47411155700684,2180.2197265625,1000.0,,
1682,110592,65,27,32.907222747802734,0.9518179893493652,-0.011472321551991627,0.013595494,127,0.2,0.0001,28.218906021118165,0.1255859375,0.06315018236637115,88.61448307037354,2180.2197265625,1000.0,,
1644,114688,69,28,17.284713745117188,0.9747505187988281,-0.011125389870721846,0.017159574,132,0.2,0.0001,28.219733810424806,0.1822265625,0.06315524876117706,43.54197311401367,2143.1728515625,1000.0,,
1657,118784,71,29,14.984612464904785,0.9749988317489624,-0.009823867736849934,0.020987255,137,0.2,0.0001,28.22035002708435,0.2345703125,0.06317394971847534,35.793952560424806,2143.1728515625,1000.0,,
1669,122880,73,30,13.200486183166504,0.9755911827087402,-0.009473884938051924,0.01982652,142,0.2,0.0001,28.21950693130493,0.222900390625,0.06318686902523041,35.264117527008054,2143.1728515625,1000.0,,
1678,126976,75,31,13.307520866394043,0.9793276190757751,-0.010382692370330914,0.020466456,147,0.2,0.0001,28.21713809967041,0.267578125,0.06319701671600342,34.122638607025145,2143.1728515625,1000.0,,
1662,131072,78,32,13.27131175994873,0.9732493162155151,-0.008488861407386139,0.02382367,152,0.2,0.0001,28.215620279312134,0.272216796875,0.0632186308503151,31.466341304779053,2121.614990234375,1000.0,,
1677,135168,80,33,48.640716552734375,0.9311875104904175,-0.009377506317105145,0.015195654,157,0.2,0.0001,28.212105560302735,0.197607421875,0.0632266253232956,120.34276676177979,2121.614990234375,1000.0,,
1687,139264,82,34,40.58356475830078,0.9585753083229065,-0.012445045239292084,0.016784094,162,0.2,0.0001,28.212752199172975,0.1439453125,0.0632302463054657,82.83325319290161,2121.614990234375,1000.0,,
1698,143360,84,35,16.054916381835938,0.9765918850898743,-0.011464294017059729,0.017338108,167,0.2,0.0001,28.213505840301515,0.17001953125,0.06323551386594772,47.073735857009886,2121.614990234375,1000.0,,
1670,147456,88,36,16.506948471069336,0.9799754023551941,-0.010910426394548266,0.01631448,172,0.2,0.0001,28.214001846313476,0.19853515625,0.06321408599615097,44.49436931610107,2110.85546875,1000.0,,
1683,151552,90,37,24.7382869720459,0.9606010913848877,-0.011067336093401537,0.016540755,177,0.2,0.0001,28.218985176086427,0.20234375,0.06318914145231247,52.47298154830933,2110.85546875,1000.0,,
1693,155648,91,38,14.184118270874023,0.9493810534477234,-0.01006963438121602,0.017202448,182,0.2,0.0001,28.229263973236083,0.181298828125,0.06316033005714417,39.3246488571167,2110.85546875,1000.0,,
1700,159744,93,39,9.503582000732422,0.9744288325309753,-0.012857748183887453,0.020768287,187,0.2,0.0001,28.236449670791625,0.228662109375,0.0631106048822403,21.93353934288025,2116.861328125,999.0,,
1679,163840,97,40,93.56958770751953,0.8921900987625122,0.0030407418186465898,0.030420914,189,0.2,0.0001,28.243267907036675,0.1950954861111111,0.06310093402862549,149.5323723687066,2169.632568359375,999.0,,
1690,167936,99,41,46.10773468017578,0.8741313219070435,-0.009547837870195508,0.013255697,194,0.2,0.0001,28.24574747085571,0.12724609375,0.06308146566152573,115.88745708465576,2169.632568359375,999.0,,
1698,172032,101,42,24.86481285095215,0.9156051874160767,-0.012567792990012094,0.016873367,199,0.2,0.0001,28.24602303504944,0.1458984375,0.0630905032157898,67.37217493057251,2169.632568359375,999.0,,
1673,176128,105,43,17.519296646118164,0.9444551467895508,-0.01258077189559117,0.019426245,204,0.2,0.0001,28.243420553207397,0.19130859375,0.06309007853269577,48.58079376220703,2127.195556640625,999.0,,
1682,180224,107,44,18.025854110717773,0.9558886289596558,-0.009952874106238596,0.017180039,209,0.2,0.0001,28.240641927719118,0.191015625,0.06311088800430298,45.62671780586243,2127.195556640625,999.0,,
1689,184320,109,45,41.1141471862793,0.9084047079086304,-0.012429715669713914,0.016002467,214,0.2,0.0001,28.23536686897278,0.18076171875,0.06312135607004166,100.8085111618042,2127.195556640625,999.0,,
1696,188416,111,46,34.251121520996094,0.9291777610778809,-0.011983963788952678,0.013568662,219,0.2,0.0001,28.23590979576111,0.13564453125,0.06312213093042374,90.74304656982422,2127.195556640625,999.0,,
1661,192512,115,47,13.551438331604004,0.9680750370025635,-0.011387770849978551,0.0182117,224,0.2,0.0001,28.23809609413147,0.176220703125,0.0631096288561821,37.995199012756345,2114.0400390625,999.0,,
1666,196608,117,48,14.025071144104004,0.9708546996116638,-0.007573480746941641,0.018148655,229,0.2,0.0001,28.238228225708006,0.21416015625,0.06307992339134216,40.03854298591614,2114.0400390625,999.0,,
1674,200704,119,49,34.289371490478516,0.9748445749282837,-0.009259093005675822,0.017684903,234,0.2,0.0001,28.24076223373413,0.220947265625,0.0630941390991211,71.93643636703491,2114.0400390625,999.0,,
1681,204800,121,50,11.202505111694336,0.9875508546829224,-0.012531379680149257,0.022052824,239,0.2,0.0001,28.245066356658935,0.207666015625,0.06308021396398544,35.61512880325317,2114.0400390625,999.0,,
1661,208896,125,51,10.415956497192383,0.9865562915802002,-0.011536677577532828,0.018037997,244,0.2,0.0001,28.25042929649353,0.216650390625,0.06307738274335861,35.44152498245239,2129.843017578125,999.0,,
1667,212992,127,52,16.49489974975586,0.9871780276298523,-0.011068450752645731,0.021034967,249,0.2,0.0001,28.257639026641847,0.24453125,0.06306333839893341,36.228769063949585,2129.843017578125,999.0,,
1675,217088,129,53,47.13698959350586,0.9049772024154663,-0.005128553207032383,0.013666654,254,0.2,0.0001,28.264991521835327,0.19482421875,0.06306479126214981,139.3998119354248,2129.843017578125,999.0,,
1683,221184,131,54,37.665489196777344,0.9483170509338379,-0.009919319243635982,0.016419318,259,0.2,0.0001,28.26374840736389,0.18134765625,0.06306249648332596,94.04423389434814,2129.843017578125,999.0,,
1669,225280,134,55,25.62275505065918,0.9632896780967712,-0.008954943949356675,0.017062655,264,0.2,0.0001,28.263715505599976,0.192919921875,0.06304143369197845,68.62904138565064,2136.561767578125,999.0,,
1675,229376,136,56,32.869964599609375,0.960613489151001,-0.012463715649209917,0.020979453,269,0.2,0.0001,28.265473747253417,0.24013671875,0.06305865198373795,67.36980476379395,2136.561767578125,999.0,,
1683,233472,138,57,34.32271957397461,0.9432779550552368,-0.012735958956182004,0.019826062,274,0.2,0.0001,28.26069769859314,0.198486328125,0.06309927254915237,94.56970024108887,2136.561767578125,999.0,,
1691,237568,140,58,47.52513122558594,0.9434863924980164,-0.011016522895079105,0.018942147,279,0.2,0.0001,28.25551676750183,0.210205078125,0.06312448531389236,105.36738090515136,2136.561767578125,999.0,,
1671,241664,144,59,28.567350387573242,0.9551093578338623,-0.013863396446686238,0.021235192,284,0.2,0.0001,28.257735633850096,0.23896484375,0.0631219744682312,80.96996593475342,2152.258544921875,999.0,,
1679,245760,146,60,28.59391212463379,0.9701480865478516,-0.01052691655640956,0.020100683,289,0.2,0.0001,28.255402898788454,0.271875,0.06312648206949234,78.67050905227661,2152.258544921875,999.0,,
1687,249856,148,61,46.50118637084961,0.9629478454589844,-0.011986610683379695,0.020287907,294,0.2,0.0001,28.258643198013306,0.224560546875,0.06311529129743576,106.3621732711792,2152.258544921875,999.0,,
1460,253952,173,62,17.75982093811035,0.9828668236732483,-0.01106556752929464,0.022504393,299,0.2,0.0001,28.2625874042511,0.19609375,0.06311362981796265,48.253485679626465,2152.258544921875,999.0,2.6028974755302676,250000
1450,258048,177,63,29.14292335510254,0.9836020469665527,0.007121987827122212,0.012563837,300,0.2,0.0001,28.261962127685546,0.1546875,0.063114695250988,58.10565719604492,2115.27880859375,1000.0,,
1458,262144,179,64,29.201366424560547,0.9531634449958801,-0.012888993549859151,0.021736182,305,0.2,0.0001,28.26171431541443,0.234765625,0.06312379986047745,89.00856218338012,2115.27880859375,1000.0,,
1463,266240,181,65,43.5531005859375,0.8722956776618958,-0.009806157450657337,0.0141875725,310,0.2,0.0001,28.26171040534973,0.133154296875,0.06313133239746094,118.39594650268555,2115.27880859375,1000.0,,
1461,270336,185,66,21.221086502075195,0.9343156218528748,-0.010635396058205515,0.01438128,315,0.2,0.0001,28.262090301513673,0.128369140625,0.06314864754676819,60.145630264282225,2115.27880859375,1000.0,,
1434,274432,191,67,23.25728416442871,0.9283944368362427,-0.010197366890497505,0.011981406,320,0.2,0.0001,28.262750101089477,0.12529296875,0.06314284354448318,63.21246042251587,2041.1607666015625,1000.0,,
1436,278528,193,68,43.21535110473633,0.9344795346260071,-0.014230510569177568,0.017050212,325,0.2,0.0001,28.263780212402345,0.167041015625,0.06311450153589249,93.96029205322266,2041.1607666015625,1000.0,,
1442,282624,195,69,28.51402473449707,0.9557579159736633,-0.01182166850194335,0.018169807,330,0.2,0.0001,28.265976476669312,0.16689453125,0.06310627609491348,65.67715187072754,2041.1607666015625,1000.0,,
1447,286720,198,70,25.568246841430664,0.9595162868499756,-0.011763069638982415,0.015639056,335,0.2,0.0001,28.26786389350891,0.191845703125,0.06310588121414185,60.189593410491945,2036.7501220703125,1000.0,,
1441,290816,201,71,16.915674209594727,0.9654291868209839,-0.011948831484187395,0.020625465,340,0.2,0.0001,28.271367692947386,0.22587890625,0.06308267265558243,48.7844898223877,2063.30712890625,1000.0,,
1449,294912,203,72,19.627239227294922,0.9732585549354553,-0.011383717355784029,0.020951781,345,0.2,0.0001,28.28211827278137,0.22109375,0.06305418163537979,43.155220699310306,2063.30712890625,1000.0,,
1455,299008,205,73,12.587129592895508,0.9781526923179626,-0.010893860959913581,0.017952595,350,0.2,0.0001,28.28948631286621,0.2015625,0.06302934885025024,37.303602647781375,2063.30712890625,1000.0,,
1460,303104,207,74,11.653264999389648,0.9822871685028076,-0.008906674501486123,0.020053694,355,0.2,0.0001,28.29189486503601,0.202734375,0.06302370131015778,31.177715396881105,2057.75146484375,1000.0,,
1455,307200,211,75,9.229711532592773,0.9838072657585144,-0.005314542900305241,0.019989472,360,0.2,0.0001,28.292822504043578,0.24111328125,0.06302256882190704,27.357018375396727,2058.390625,1000.0,,
1460,311296,213,76,52.8278923034668,0.9361789226531982,0.01251425820269755,0.014491327,361,0.2,0.0001,28.29529299054827,0.16127232142857142,0.06302553415298462,102.44951847621373,2058.390625,1000.0,,
1464,315392,215,77,35.51499938964844,0.9121155738830566,-0.011583926191087812,0.013143479,366,0.2,0.0001,28.297875213623048,0.1478515625,0.0630200058221817,84.7195242881775,2058.390625,1000.0,,
1468,319488,217,78,16.678762435913086,0.9497191905975342,-0.009839798824395984,0.015747562,371,0.2,0.0001,28.30574975013733,0.1365234375,0.0629962831735611,50.84271793365478,2046.3179931640625,1000.0,,
1462,323584,221,79,12.04574203491211,0.9757273197174072,-0.010528474480088335,0.018594287,376,0.2,0.0001,28.311765098571776,0.194970703125,0.06299415975809097,30.90776400566101,2096.041015625,1000.0,,
1468,327680,223,80,29.448627471923828,0.9571844339370728,-0.004489522730000317,0.012697203,381,0.2,0.0001,28.3153178691864,0.185302734375,0.0630093514919281,85.05347833633422,2096.041015625,1000.0,,
1474,331776,225,81,26.55141258239746,0.9655788540840149,-0.008941540343221277,0.0153905,386,0.2,0.0001,28.31687660217285,0.1458984375,0.06301313638687134,80.32175407409667,2096.041015625,1000.0,,
1479,335872,227,82,24.996028900146484,0.9729121923446655,-0.009921153436880558,0.024526559,391,0.2,0.0001,28.319540977478027,0.21181640625,0.06301064044237137,63.612362670898435,2072.191162109375,1000.0,,
1473,339968,230,83,26.661989212036133,0.9758846759796143,-0.006413004174828529,0.025317404,396,0.2,0.0001,28.320547342300415,0.278955078125,0.06299569457769394,58.51699419021607,2031.3416748046875,1000.0,,
1479,344064,232,84,33.842567443847656,0.9592286348342896,-0.007926435046829283,0.014368911,401,0.2,0.0001,28.31831030845642,0.190185546875,0.06299760937690735,105.00782718658448,2031.3416748046875,1000.0,,
1485,348160,234,85,12.187468528747559,0.983811616897583,-0.010079712385777383,0.019772492,406,0.2,0.0001,28.314188861846922,0.1728515625,0.06302793323993683,38.603413343429565,2031.3416748046875,1000.0,,
1473,352256,239,86,12.500527381896973,0.984716534614563,-0.012409730174113065,0.019704184,411,0.2,0.0001,28.307863616943358,0.209228515625,0.06306292861700058,37.68492660522461,2056.420654296875,1000.0,,
1474,356352,241,87,13.14238452911377,0.9869520664215088,-0.009323935909196734,0.019420948,416,0.2,0.0001,28.30543532371521,0.22275390625,0.06303061544895172,33.20376515388489,2056.420654296875,1000.0,,
1478,360448,243,88,16.632659912109375,0.9679036140441895,-0.010082720970967785,0.019647129,421,0.2,0.0001,28.310714721679688,0.20048828125,0.06303245574235916,39.21624312400818,2056.420654296875,1000.0,,
1483,364544,245,89,10.753971099853516,0.97867351770401,-0.009828789834864437,0.01966023,426,0.2,0.0001,28.316908025741576,0.206201171875,0.06301885843276978,25.768318700790406,2056.420654296875,1000.0,,
1475,368640,249,90,9.866931915283203,0.9812756180763245,-0.008035297211608849,0.0196734,431,0.2,0.0001,28.320173025131226,0.23876953125,0.06306274235248566,23.72225923538208,2098.341064453125,1000.0,,
1480,372736,251,91,12.94087028503418,0.9830304384231567,-0.012359205936081707,0.02247955,436,0.2,0.0001,28.315046501159667,0.271923828125,0.06309152394533157,27.515829038619994,2098.341064453125,1000.0,,
1485,376832,253,92,19.4924259185791,0.9691093564033508,-0.009452842769678681,0.018237237,441,0.2,0.0001,28.314261770248415,0.230224609375,0.06310932338237762,57.56710233688354,2098.341064453125,1000.0,,
1490,380928,255,93,15.234675407409668,0.979000449180603,-0.01365212326636538,0.021092568,446,0.2,0.0001,28.311589765548707,0.22255859375,0.06314880400896072,40.19471101760864,2098.341064453125,1000.0,,
1484,385024,259,94,15.76435375213623,0.9800814390182495,-0.01236834007431753,0.021675475,451,0.2,0.0001,28.309367418289185,0.235107421875,0.06314998865127563,36.639829111099246,2085.547119140625,1000.0,,
1489,389120,261,95,17.752460479736328,0.9815737009048462,-0.008977320545818656,0.020999722,456,0.2,0.0001,28.30574917793274,0.21181640625,0.06317971646785736,40.90178279876709,2085.547119140625,1000.0,,
1494,393216,263,96,25.10177993774414,0.9674882888793945,-0.007660426537040621,0.014020687,461,0.2,0.0001,28.302211666107176,0.19453125,0.06318279355764389,75.6784348487854,2085.547119140625,1000.0,,
1498,397312,265,97,22.912397384643555,0.9755271673202515,-0.01219127665972337,0.012157025,466,0.2,0.0001,28.301371097564697,0.117919921875,0.06317288428544998,64.05588779449462,2085.547119140625,1000.0,,
1493,401408,268,98,17.788190841674805,0.980664074420929,-0.01268277836497873,0.015507377,471,0.2,0.0001,28.301479196548463,0.17353515625,0.06317541748285294,50.51657247543335,2081.46240234375,1000.0,,
1498,405504,270,99,33.351646423339844,0.9747193455696106,-0.012822437356226147,0.017648064,476,0.2,0.0001,28.301235961914063,0.210595703125,0.06320192664861679,84.53806362152099,2081.46240234375,1000.0,,
1503,409600,272,100,41.35845184326172,0.9399101138114929,-0.009001611685380339,0.0102100745,481,0.2,0.0001,28.300746154785156,0.104052734375,0.0632169097661972,142.9250545501709,2081.46240234375,1000.0,,
1508,413696,274,101,22.43195343017578,0.9724416136741638,-0.01362442898680456,0.0127419215,486,0.2,0.0001,28.29905343055725,0.11494140625,0.0632215142250061,74.83968887329101,2081.46240234375,1000.0,,
1497,417792,278,102,26.3486328125,0.9723588228225708,-0.010805411799810826,0.012494888,491,0.2,0.0001,28.2973895072937,0.125927734375,0.06321493536233902,74.11607122421265,2051.644287109375,1000.0,,
1502,421888,280,103,16.172616958618164,0.9822022318840027,-0.0156448939233087,0.024132967,496,0.2,0.0001,28.29876890182495,0.221826171875,0.06319708377122879,39.81570711135864,2051.644287109375,1000.0,,
1507,425984,282,104,13.051475524902344,0.9747847318649292,-0.011026050872169435,0.01815845,501,0.2,0.0001,28.30245671272278,0.2060546875,0.06318050622940063,37.656643295288085,2051.644287109375,1000.0,,
1512,430080,284,105,9.810683250427246,0.9831128716468811,-0.010413984477054328,0.019073712,506,0.2,0.0001,28.302202129364012,0.206201171875,0.06316030025482178,28.471290254592894,2051.644287109375,1000.0,,
1504,434176,288,106,7.937005996704102,0.983748733997345,-0.009186343755573034,0.022500852,511,0.2,0.0001,28.303703403472902,0.23408203125,0.06319174915552139,25.47480504512787,2069.833984375,1000.0,,
1509,438272,290,107,16.834304809570312,0.9678780436515808,-0.011614969396032394,0.019589089,516,0.2,0.0001,28.3036367893219,0.22890625,0.06318145245313644,45.62042226791382,2069.833984375,1000.0,,
1514,442368,292,108,14.814496040344238,0.9681680798530579,-0.01029960829182528,0.017246673,521,0.2,0.0001,28.31190538406372,0.174169921875,0.06319957226514816,43.53712882995605,2069.833984375,1000.0,,
1517,446464,294,109,13.669182777404785,0.9737180471420288,-0.009404742933111266,0.019827385,526,0.2,0.0001,28.311277198791505,0.199365234375,0.06321964412927628,39.90478625297546,2074.342529296875,1000.0,,
1512,450560,297,110,15.798373222351074,0.9774916172027588,-0.010386448231292889,0.019567348,531,0.2,0.0001,28.3112530708313,0.205224609375,0.0632408931851387,41.46140742301941,2086.650634765625,1000.0,,
1516,454656,299,111,30.84816551208496,0.9747765064239502,-0.010960959468502552,0.018612107,536,0.2,0.0001,28.314342784881593,0.21123046875,0.06323735415935516,63.62902669906616,2086.650634765625,1000.0,,
1521,458752,301,112,14.139328002929688,0.984028697013855,-0.009158623637631536,0.017204657,541,0.2,0.0001,28.321589851379393,0.1716796875,0.06323331594467163,43.656680536270144,2086.650634765625,1000.0,,
1524,462848,303,113,12.401583671569824,0.9866604804992676,-0.009723009579465725,0.017939765,546,0.2,0.0001,28.33006362915039,0.203759765625,0.06323105096817017,38.60319156646729,2068.376708984375,1000.0,,
1517,466944,307,114,13.734195709228516,0.984073281288147,-0.008145882614189758,0.017394207,551,0.2,0.0001,28.33179454803467,0.193505859375,0.06324845552444458,37.35031805038452,2072.3251953125,1000.0,,
1521,471040,309,115,20.702774047851562,0.9743309617042542,-0.009856031101662666,0.015033423,556,0.2,0.0001,28.333182621002198,0.195458984375,0.06322427839040756,49.40703973770142,2072.3251953125,1000.0,,
1525,475136,311,116,24.22041893005371,0.9663268327713013,-0.010034384753089398,0.014497109,561,0.2,0.0001,28.34409213066101,0.15244140625,0.06318452209234238,60.74777088165283,2072.3251953125,1000.0,,
1529,479232,313,117,16.456220626831055,0.9763051867485046,-0.010440624901093543,0.0176777,566,0.2,0.0001,28.349772644042968,0.159130859375,0.06317109614610672,44.722175979614256,2061.931640625,1000.0,,
1521,483328,317,118,24.54851531982422,0.9690545797348022,-0.007281100982800126,0.015933892,571,0.2,0.0001,28.35329074859619,0.205810546875,0.06317117065191269,66.89378671646118,2038.236572265625,1000.0,,
1525,487424,319,119,38.81964111328125,0.9205538034439087,-0.012520412972662598,0.015209327,576,0.2,0.0001,28.355858898162843,0.145263671875,0.06317038834095001,91.92379779815674,2038.236572265625,1000.0,,
1529,491520,321,120,20.719953536987305,0.9327930808067322,-0.01219302931567654,0.015284489,581,0.2,0.0001,28.35762906074524,0.13759765625,0.0631771832704544,54.72587089538574,2038.236572265625,1000.0,,
1531,495616,323,121,16.254213333129883,0.9422149658203125,-0.011206512624630705,0.017452883,586,0.2,0.0001,28.356290197372438,0.1556640625,0.06319635361433029,52.567035579681395,2030.5986328125,1000.0,,
1526,499712,327,122,20.045421600341797,0.9480814337730408,-0.010514639801112936,0.01600606,591,0.2,0.0001,28.35411877632141,0.164208984375,0.06317858397960663,51.089779949188234,2036.7105712890625,1000.0,,
1435,503808,351,123,28.895235061645508,0.9438071250915527,-0.012109830789268018,0.016506992,596,0.2,0.0001,28.35901770591736,0.185693359375,0.06316708773374557,74.98013105392457,2036.7105712890625,1000.0,2.719497728935421,500000
1439,507904,352,124,22.077871322631836,0.9461363554000854,-0.011546070035547019,0.02008981,601,0.2,0.0001,28.366676092147827,0.19501953125,0.06314707547426224,68.83772888183594,2036.7105712890625,1000.0,,
1437,512000,356,125,13.521905899047852,0.9727615118026733,-0.012111148796975613,0.01856855,606,0.2,0.0001,28.37984981536865,0.231396484375,0.06307777017354965,36.44204258918762,2018.4012451171875,1000.0,,
1439,516096,358,126,17.491966247558594,0.9717997312545776,-0.010651553398929536,0.022657454,611,0.2,0.0001,28.384695386886598,0.256884765625,0.06308013200759888,41.715315437316896,2018.4012451171875,1000.0,,
1443,520192,360,127,23.975181579589844,0.9520090818405151,-0.009466529625933617,0.013484333,616,0.2,0.0001,28.380764198303222,0.190087890625,0.06309491395950317,71.06140041351318,2018.4012451171875,1000.0,,
1446,524288,362,128,24.070743560791016,0.9598596096038818,-0.009841251192847266,0.01433965,621,0.2,0.0001,28.378659057617188,0.13916015625,0.06308577209711075,66.52626047134399,2018.4012451171875,1000.0,,
1440,528384,366,129,21.213714599609375,0.9694677591323853,-0.013631747593171895,0.01759182,626,0.2,0.0001,28.383033084869385,0.19599609375,0.06302806735038757,52.96909608840942,2028.798583984375,1000.0,,
1439,532480,369,130,21.221355438232422,0.9709047079086304,-0.011926911998307333,0.019033646,631,0.2,0.0001,28.396202087402344,0.226513671875,0.0629393607378006,52.79401473999023,2028.798583984375,1000.0,,
1442,536576,371,131,11.185968399047852,0.9804946184158325,-0.009848700696602463,0.018455148,636,0.2,0.0001,28.403608798980713,0.204931640625,0.06289704144001007,32.00217719078064,2028.798583984375,1000.0,,
1445,540672,373,132,9.071288108825684,0.9863296151161194,-0.007533962826710194,0.01948645,641,0.2,0.0001,28.407948160171507,0.219580078125,0.06286382675170898,24.910897874832152,2028.798583984375,1000.0,,
1441,544768,378,133,8.19373607635498,0.9873529672622681,-0.00749166359892115,0.021815784,646,0.2,0.0001,28.408460664749146,0.239501953125,0.06285037100315094,23.634228897094726,2098.158447265625,1000.0,,
1444,548864,379,134,12.855563163757324,0.9875341653823853,-0.007961372996214777,0.022184033,651,0.2,0.0001,28.41006302833557,0.229052734375,0.06280574947595596,28.90659327507019,2098.158447265625,1000.0,,
1447,552960,381,135,68.8787612915039,0.9139881134033203,-0.006084049306809902,0.011698273,656,0.2,0.0001,28.419260931015014,0.194140625,0.06279844045639038,186.74672813415526,2098.158447265625,1000.0,,
1451,557056,383,136,14.880661964416504,0.9784512519836426,-0.010998791514430195,0.017449839,661,0.2,0.0001,28.421530866622923,0.151904296875,0.06277215480804443,45.36213126182556,2098.158447265625,1000.0,,
1447,561152,387,137,13.410734176635742,0.9832434058189392,-0.010397790203569457,0.018247128,666,0.2,0.0001,28.42995729446411,0.20830078125,0.06275973469018936,35.8989830493927,2058.531005859375,1000.0,,
1450,565248,389,138,31.11046600341797,0.9700112342834473,-0.008854338189121336,0.016746774,671,0.2,0.0001,28.43155965805054,0.208349609375,0.06277882307767868,73.49042720794678,2058.531005859375,1000.0,,
1454,569344,391,139,67.88064575195312,0.9168580174446106,-0.006172952812630683,0.010064956,676,0.2,0.0001,28.42729573249817,0.106298828125,0.06278488785028458,176.28219470977783,2058.531005859375,1000.0,,
1456,573440,393,140,56.11384201049805,0.9277148842811584,-0.0105038819485344,0.010357788,681,0.2,0.0001,28.428956985473633,0.080322265625,0.06276652216911316,145.36014251708986,2058.531005859375,1000.0,,
1452,577536,397,141,42.635841369628906,0.9399910569190979,-0.011309479258488863,0.011495242,686,0.2,0.0001,28.433208894729614,0.100390625,0.06275110691785812,117.52401752471924,2044.3712158203125,1000.0,,
1455,581632,399,142,48.075565338134766,0.9374891519546509,-0.013702782010659576,0.014035413,691,0.2,0.0001,28.435290813446045,0.13955078125,0.0627477765083313,118.99881973266602,2044.3712158203125,1000.0,,
1459,585728,401,143,43.460731506347656,0.922177791595459,-0.011045661626849324,0.012414065,696,0.2,0.0001,28.439145040512084,0.111962890625,0.06273508071899414,117.78077926635743,2044.3712158203125,1000.0,,
1462,589824,403,144,39.536136627197266,0.9315516352653503,-0.011951096696429886,0.01110201,701,0.2,0.0001,28.44235806465149,0.104345703125,0.06272857636213303,110.28514289855957,2044.3712158203125,1000.0,,
1459,593920,406,145,32.40524673461914,0.9336617588996887,-0.009728019934846089,0.011615684,706,0.2,0.0001,28.443149995803832,0.100732421875,0.06271487474441528,94.73403396606446,2012.794189453125,1000.0,,
1463,598016,408,146,39.86965560913086,0.9507083892822266,-0.01356247158255428,0.015146584,711,0.2,0.0001,28.44520049095154,0.167578125,0.06270947307348251,93.87828826904297,2012.794189453125,1000.0,,
1466,602112,410,147,28.547996520996094,0.969124436378479,-0.011464556190185249,0.01554727,716,0.2,0.0001,28.44694404602051,0.13291015625,0.06270230561494827,79.6965579032898,2012.794189453125,1000.0,,
1469,606208,412,148,20.777698516845703,0.9721899628639221,-0.009184373973403126,0.01541561,721,0.2,0.0001,28.448337697982787,0.132080078125,0.06268758326768875,70.7064700126648,2012.794189453125,1000.0,,
1464,610304,416,149,19.513269424438477,0.9830896854400635,-0.00975216623628512,0.015170541,726,0.2,0.0001,28.449294996261596,0.162548828125,0.062694251537323,48.25090446472168,2057.913818359375,1000.0,,
1467,614400,418,150,31.997026443481445,0.9644435048103333,-0.008328353555407375,0.016012272,731,0.2,0.0001,28.44735097885132,0.1765625,0.06269699335098267,79.21579332351685,2057.913818359375,1000.0,,
1470,618496,420,151,31.1513729095459,0.9630874395370483,-0.009120185929350554,0.01662916,736,0.2,0.0001,28.44572696685791,0.169140625,0.06271098554134369,86.20535039901733,2057.913818359375,1000.0,,
1473,622592,422,152,26.38350486755371,0.9717568159103394,-0.009673179127275944,0.015569717,741,0.2,0.0001,28.445522165298463,0.1525390625,0.0627104789018631,67.01688213348389,2046.17626953125,1000.0,,
1469,626688,426,153,26.965417861938477,0.9697914719581604,-0.009123826550785452,0.015534572,746,0.2,0.0001,28.445340728759767,0.1587890625,0.06271940469741821,69.81475343704224,2010.028564453125,1000.0,,
1472,630784,428,154,46.3722038269043,0.9360479116439819,-0.011617465369636194,0.01633081,751,0.2,0.0001,28.443586921691896,0.18720703125,0.06270210444927216,122.49275722503663,2010.028564453125,1000.0,,
1475,634880,430,155,39.0585823059082,0.9284663796424866,-0.01046146871522069,0.014793534,756,0.2,0.0001,28.447672843933105,0.15029296875,0.06270331144332886,108.67133769989013,2010.028564453125,1000.0,,
1478,638976,432,156,24.60157585144043,0.950291633605957,-0.012152141786646097,0.017528769,761,0.2,0.0001,28.447261619567872,0.160546875,0.06270500272512436,76.34748134613037,2001.731201171875,1000.0,,
1475,643072,435,157,25.884035110473633,0.9583517909049988,-0.011613927991129458,0.018855274,766,0.2,0.0001,28.449370193481446,0.175390625,0.06271600723266602,76.53625802993774,2004.07177734375,1000.0,,
1478,647168,437,158,50.26931381225586,0.9292290210723877,-0.009904731734422967,0.020823058,771,0.2,0.0001,28.447341203689575,0.21083984375,0.06272425502538681,114.18919277191162,2004.07177734375,1000.0,,
1480,651264,439,159,18.87051773071289,0.9624941349029541,-0.009338459483115003,0.017152622,776,0.2,0.0001,28.446249866485594,0.1796875,0.06271937489509583,56.78661851882934,2004.07177734375,1000.0,,
1483,655360,441,160,13.943673133850098,0.9685588479042053,-0.007376232510432601,0.017799798,781,0.2,0.0001,28.447468423843382,0.215283203125,0.06272172927856445,46.04592642784119,1992.4906005859375,1000.0,,
1480,659456,445,161,14.332637786865234,0.9784854054450989,-0.00888072878587991,0.020972123,786,0.2,0.0001,28.4498562335968,0.212255859375,0.06271428614854813,35.594710397720334,2053.809814453125,1000.0,,
1483,663552,447,162,54.84153366088867,0.9178470969200134,-0.002067544317105785,0.011503194,791,0.2,0.0001,28.453966760635375,0.224462890625,0.06271953135728836,132.09567470550536,2053.809814453125,1000.0,,
1485,667648,449,163,27.15897560119629,0.9443261027336121,-0.010694936860818415,0.01720389,796,0.2,0.0001,28.454354095458985,0.147265625,0.06271004676818848,81.13463344573975,2053.809814453125,1000.0,,
1488,671744,451,164,22.5161075592041,0.9614828824996948,-0.010730711463838815,0.021313623,801,0.2,0.0001,28.4554340839386,0.21044921875,0.06272035837173462,66.54141502380371,2043.930908203125,1000.0,,
1483,675840,455,165,21.72513198852539,0.9729259014129639,-0.008239551080300266,0.027631257,806,0.2,0.0001,28.452461348639595,0.2740342881944444,0.0627543106675148,53.092760721842446,2074.379638671875,1000.0,,
1485,679936,457,166,30.099384307861328,0.9571731686592102,-0.011047534935642034,0.01783001,811,0.2,0.0001,28.4482213973999,0.2341796875,0.06274116039276123,89.46542825698853,2074.379638671875,1000.0,,
1487,684032,459,167,12.99875545501709,0.9830342531204224,-0.01004842124613268,0.026245972,816,0.2,0.0001,28.453108814784457,0.22818080357142856,0.0627070888876915,33.502155031476704,2074.379638671875,1000.0,,
1485,688128,463,168,9.566972732543945,0.9869006872177124,-0.007118629082106054,0.025588028,821,0.2,0.0001,28.456284761428833,0.286767578125,0.06271370500326157,25.104226064682006,2129.1640625,1000.0,,
1486,692224,465,169,11.34078598022461,0.9867714643478394,-0.005908552813343704,0.022346947,826,0.2,0.0001,28.45944004058838,0.253125,0.06267773360013962,26.69812536239624,2129.1640625,1000.0,,
1489,696320,467,170,13.849748611450195,0.965994119644165,-0.007880319794639944,0.015670897,831,0.2,0.0001,28.466492938995362,0.206640625,0.06264863163232803,39.58698873519897,2129.1640625,1000.0,,
1492,700416,469,171,13.537028312683105,0.976026177406311,-0.009949209145270288,0.016249673,836,0.2,0.0001,28.46787385940552,0.178369140625,0.06263060122728348,32.96457648277283,2129.1640625,1000.0,,
1488,704512,473,172,11.392635345458984,0.9816786646842957,-0.008438161213416607,0.015598943,841,0.2,0.0001,28.473899269104002,0.200146484375,0.06260905414819717,32.19468483924866,2129.979736328125,1000.0,,
1491,708608,475,173,14.578424453735352,0.9746273159980774,-0.013016610720660538,0.02144414,846,0.2,0.0001,28.476838970184325,0.2150390625,0.0625978410243988,38.017307090759275,2129.979736328125,1000.0,,
1493,712704,477,174,27.60934066772461,0.9742810130119324,-0.008835254505163792,0.031453412,851,0.2,0.0001,28.48033506220037,0.24852035984848486,0.06258506327867508,60.403958754106,2129.979736328125,1000.0,,
1496,716800,479,175,9.692508697509766,0.9878615736961365,-0.007954557333141566,0.020390145,856,0.2,0.0001,28.485094118118287,0.212890625,0.06253725290298462,28.850599908828734,2129.979736328125,1000.0,,
1492,720896,482,176,18.157995223999023,0.9871094226837158,0.01227041099789656,0.033136822,858,0.2,0.0001,28.498455895317925,0.18663194444444445,0.06252989917993546,38.98751958211263,2175.5029296875,1000.0,,
1495,724992,484,177,16.99425506591797,0.9850413203239441,-0.010833257029298693,0.022486735,863,0.2,0.0001,28.498863172531127,0.24736328125,0.06253085285425186,35.809908056259154,2175.5029296875,1000.0,,
1498,729088,486,178,34.272308349609375,0.9612319469451904,-0.007605464878724888,0.014872801,868,0.2,0.0001,28.496421909332277,0.19404296875,0.06252660602331161,86.58231220245361,2175.5029296875,1000.0,,
1500,733184,488,179,14.479615211486816,0.9807900786399841,-0.012392300937790424,0.019093243,873,0.2,0.0001,28.499606895446778,0.1896484375,0.06252197176218033,39.560024929046634,2175.5029296875,1000.0,,
1497,737280,492,180,16.853872299194336,0.9790121912956238,-0.007859916344750672,0.01736021,878,0.2,0.0001,28.5006573677063,0.189990234375,0.06253416836261749,41.23008680343628,2189.638671875,1000.0,,
1499,741376,494,181,20.101303100585938,0.9800018668174744,-0.013330185366794468,0.020841282,883,0.2,0.0001,28.500894784927368,0.246875,0.06250693649053574,46.46829319000244,2189.638671875,1000.0,,
1502,745472,496,182,49.41188049316406,0.9185770153999329,-0.0051930862769950185,0.009881239,888,0.2,0.0001,28.5094961643219,0.1619140625,0.06249099597334862,153.7521728515625,2189.638671875,1000.0,,
1505,749568,498,183,28.86370277404785,0.9706560969352722,-0.012561357545200736,0.017369837,893,0.2,0.0001,28.51337127685547,0.160888671875,0.06247645989060402,72.19315385818481,2189.638671875,1000.0,,
1439,753664,523,184,15.735430717468262,0.9799792766571045,-0.011316045967396349,0.016923103,898,0.2,0.0001,28.517636632919313,0.17578125,0.062467072159051895,42.367067432403566,2143.210205078125,1000.0,2.66287431496404,500000
1441,757760,525,185,29.808053970336914,0.9622413516044617,-0.013191820512292906,0.01871251,903,0.2,0.0001,28.52056155204773,0.218701171875,0.06247415021061897,73.3276843070984,2143.210205078125,1000.0,,
1444,761856,527,186,27.698200225830078,0.9605772495269775,-0.010855371446814388,0.017488696,908,0.2,0.0001,28.519882726669312,0.195751953125,0.06250757724046707,63.131366920471194,2143.210205078125,1000.0,,
1446,765952,529,187,11.489446640014648,0.9719128012657166,-0.013115123490570113,0.019383602,913,0.2,0.0001,28.51519169807434,0.229833984375,0.06253411620855331,35.28692784309387,2143.210205078125,1000.0,,
1444,770048,533,188,11.181225776672363,0.9724110960960388,-0.00909248982788995,0.020316146,918,0.2,0.0001,28.5083824634552,0.233984375,0.06257293373346329,34.72400269508362,2175.41796875,1000.0,,
1446,774144,535,189,21.877159118652344,0.9673975706100464,-0.010752528044395148,0.019149443,923,0.2,0.0001,28.49817795753479,0.223583984375,0.06258903443813324,53.862950801849365,2175.41796875,1000.0,,
1448,778240,537,190,46.42842483520508,0.9333657622337341,-0.009095060965046286,0.01486774,928,0.2,0.0001,28.494306898117067,0.189697265625,0.06258085370063782,100.11687126159669,2175.41796875,1000.0,,
1451,782336,539,191,15.433646202087402,0.97157222032547,-0.009355651075020432,0.017933026,933,0.2,0.0001,28.493940687179567,0.161279296875,0.06257770210504532,44.87864603996277,2175.41796875,1000.0,,
1448,786432,542,192,12.144210815429688,0.9803063869476318,-0.011900756135582924,0.019607928,938,0.2,0.0001,28.495393800735474,0.214794921875,0.06251516193151474,32.12883095741272,2192.510498046875,1000.0,,
1451,790528,544,193,24.08968162536621,0.9732150435447693,-0.011541785846929997,0.02056684,943,0.2,0.0001,28.50718379020691,0.232275390625,0.06250876933336258,54.11034870147705,2192.510498046875,1000.0,,
1453,794624,546,194,16.852455139160156,0.9808927774429321,-0.008056365605443715,0.017130177,948,0.2,0.0001,28.507733583450317,0.192431640625,0.06251909583806992,39.88968372344971,2192.510498046875,1000.0,,
1456,798720,548,195,14.724884986877441,0.9818537831306458,-0.009232743813481648,0.017035551,953,0.2,0.0001,28.50255880355835,0.225537109375,0.0625140443444252,35.34241070747375,2193.71630859375,1000.0,,
1453,802816,552,196,15.370762825012207,0.9825847744941711,-0.010780179488938302,0.022690479,958,0.2,0.0001,28.50135817527771,0.24990234375,0.06247000768780708,38.316936779022214,2176.14697265625,1000.0,,
1456,806912,554,197,37.62418746948242,0.9637469053268433,-0.007938484498299658,0.016038984,963,0.2,0.0001,28.50824418067932,0.184619140625,0.06244869530200958,84.9817518234253,2176.14697265625,1000.0,,
1458,811008,555,198,23.524776458740234,0.9661923050880432,-0.010896440286887809,0.015224552,968,0.2,0.0001,28.513434743881227,0.17060546875,0.0624554418027401,72.31804113388061,2176.14697265625,1000.0,,
1460,815104,557,199,13.789015769958496,0.9757236242294312,-0.010905785928480327,0.017447144,973,0.2,0.0001,28.515586376190186,0.172802734375,0.06246047094464302,47.049875259399414,2158.005615234375,1000.0,,
1458,819200,561,200,11.718332290649414,0.9860454797744751,-0.011495195867610164,0.020725703,978,0.2,0.0001,28.51815037727356,0.194189453125,0.06246335804462433,32.481676769256595,2134.100341796875,1000.0,,
1461,823296,563,201,55.13206100463867,0.9509087800979614,-0.010980913462117315,0.01882951,983,0.2,0.0001,28.518241262435915,0.255029296875,0.06244068220257759,131.1350311279297,2134.100341796875,1000.0,,
1463,827392,565,202,50.00436782836914,0.9470890760421753,-0.011852659739088268,0.013072681,988,0.2,0.0001,28.51915349960327,0.157958984375,0.06242934614419937,138.74428691864014,2134.100341796875,1000.0,,
1465,831488,567,203,22.59955406188965,0.9756224751472473,-0.013398701522964985,0.015450041,993,0.2,0.0001,28.520154666900634,0.1666015625,0.0624268613755703,70.5664529800415,2113.2607421875,1000.0,,
1463,835584,571,204,22.48904037475586,0.9817574620246887,-0.012067586928606034,0.017168082,998,0.2,0.0001,28.523070430755617,0.182275390625,0.062411677092313766,57.203356170654295,2138.611328125,1000.0,,
1465,839680,572,205,35.38827133178711,0.9608652591705322,-0.011916112713515758,0.019600421,1003,0.2,0.0001,28.52591667175293,0.1990234375,0.062400396913290024,75.36130599975586,2138.611328125,1000.0,,
1468,843776,574,206,16.499099731445312,0.9745489954948425,-0.010915625467896461,0.01501034,1008,0.2,0.0001,28.52945442199707,0.163720703125,0.06240144371986389,44.53386564254761,2138.611328125,1000.0,,
1470,847872,576,207,16.528560638427734,0.9774242043495178,-0.011856056097894908,0.016166482,1013,0.2,0.0001,28.533507776260375,0.1619140625,0.06238862872123718,45.45202188491821,2127.845703125,1000.0,,
1467,851968,580,208,12.329380989074707,0.9873786568641663,-0.009719397721346468,0.020034108,1018,0.2,0.0001,28.54124870300293,0.20380859375,0.06237952783703804,29.418272924423217,2174.32666015625,1000.0,,
1470,856064,582,209,24.209381103515625,0.9726648926734924,-0.012234942801296712,0.01611901,1023,0.2,0.0001,28.548801231384278,0.19560546875,0.06236200034618378,65.77012729644775,2174.32666015625,1000.0,,
1472,860160,584,210,12.0227632522583,0.9872836470603943,-0.010956501355394721,0.018738905,1028,0.2,0.0001,28.555186223983764,0.163818359375,0.062342818826436996,33.33702640533447,2174.32666015625,1000.0,,
1469,864256,588,211,10.426593780517578,0.9866915941238403,-0.007528042141348124,0.01949374,1033,0.2,0.0001,28.56038293838501,0.2103515625,0.06232026219367981,26.327524256706237,2155.629638671875,1000.0,,
1471,868352,590,212,10.793699264526367,0.9863604307174683,-0.0036397578893229364,0.016549535,1038,0.2,0.0001,28.56150903701782,0.195458984375,0.062314003705978394,28.246842622756958,2155.629638671875,1000.0,,
1473,872448,592,213,31.381898880004883,0.9138011336326599,-0.010664474114309996,0.018680971,1043,0.2,0.0001,28.564283227920534,0.218115234375,0.06232284754514694,90.60813102722167,2155.629638671875,1000.0,,
1475,876544,593,214,16.817909240722656,0.9596015214920044,-0.013181500148493796,0.019775588,1048,0.2,0.0001,28.566685962677003,0.201220703125,0.0622963011264801,41.79803051948547,2155.629638671875,1000.0,,
1473,880640,597,215,11.115360260009766,0.9712600111961365,-0.012595456634880976,0.023460465,1053,0.2,0.0001,28.574450159072875,0.2390625,0.06225447729229927,31.08167371749878,2164.078125,1000.0,,
1475,884736,599,216,19.925214767456055,0.9701235294342041,-0.010754718841053546,0.020555539,1058,0.2,0.0001,28.582068252563477,0.236865234375,0.0622384287416935,42.50854120254517,2164.078125,1000.0,,
1477,888832,601,217,35.49669647216797,0.9540901780128479,-0.008174480858724565,0.011852223,1063,0.2,0.0001,28.584372806549073,0.135888671875,0.06223456561565399,103.05947017669678,2164.078125,1000.0,,
1479,892928,603,218,14.011795043945312,0.981866717338562,-0.011960491072386503,0.01920578,1068,0.2,0.0001,28.585181427001952,0.184326171875,0.06225104629993439,42.44205632209778,2164.078125,1000.0,,
1475,897024,607,219,16.029788970947266,0.9816369414329529,-0.010053808643715457,0.020436425,1073,0.2,0.0001,28.58457269668579,0.209326171875,0.06223300099372864,43.25594172477722,2166.702392578125,1000.0,,
1477,901120,609,220,14.513548851013184,0.9850072860717773,-0.011008668414433487,0.023824412,1078,0.2,0.0001,28.585597133636476,0.24931640625,0.06221918761730194,36.62021369934082,2166.702392578125,1000.0,,
1479,905216,611,221,41.83948516845703,0.9587643146514893,-0.006344613677356392,0.017272692,1083,0.2,0.0001,28.58572072982788,0.24130859375,0.06223711371421814,98.79430408477783,2166.702392578125,1000.0,,
1481,909312,613,222,17.30971908569336,0.9785231947898865,-0.010451323026791215,0.01893565,1088,0.2,0.0001,28.589995861053467,0.18720703125,0.06222916767001152,51.06616287231445,2166.702392578125,1000.0,,
1477,913408,618,223,13.381706237792969,0.9844552278518677,-0.007925227939267643,0.025268346,1093,0.2,0.0001,28.60032739639282,0.243017578125,0.0622178316116333,40.327413415908815,2176.629150390625,1000.0,,
1480,917504,619,224,16.18280601501465,0.9846019744873047,-0.01345600034110248,0.022578306,1098,0.2,0.0001,28.60910744667053,0.2689453125,0.062190111726522446,42.82255687713623,2176.629150390625,1000.0,,
1482,921600,621,225,46.58598327636719,0.9481455087661743,-0.011908777244389056,0.020532679,1103,0.2,0.0001,28.614130163192748,0.238720703125,0.06217795982956886,116.34350280761718,2176.629150390625,1000.0,,
1484,925696,623,226,15.466316223144531,0.9809300899505615,-0.014187312708236277,0.019580822,1108,0.2,0.0001,28.616120767593383,0.198681640625,0.06214052811264992,44.29731187820435,2176.629150390625,1000.0,,
1482,929792,627,227,10.694437026977539,0.9885030388832092,-0.012440170143963768,0.02019741,1113,0.2,0.0001,28.623147535324097,0.210009765625,0.06210232898592949,27.93956604003906,2186.341796875,1000.0,,
1484,933888,629,228,16.15254783630371,0.9767665863037109,-0.011624535109149292,0.020542387,1118,0.2,0.0001,28.62895770072937,0.213671875,0.06208891049027443,49.03297843933105,2186.341796875,1000.0,,
1486,937984,630,229,27.782806396484375,0.9506974816322327,-0.011909051722614094,0.014495685,1123,0.2,0.0001,28.63281135559082,0.158837890625,0.06208289414644241,82.5248872756958,2186.341796875,1000.0,,
1488,942080,632,230,20.328290939331055,0.9662620425224304,-0.012734420428751036,0.014988774,1128,0.2,0.0001,28.630577564239502,0.153466796875,0.062084365636110306,56.585018730163576,2186.341796875,1000.0,,
1486,946176,636,231,11.39954662322998,0.978233277797699,-0.010156507109059021,0.018937595,1133,0.2,0.0001,28.631416845321656,0.201025390625,0.062079768627882004,34.008361387252805,2199.2919921875,1000.0,,
1488,950272,638,232,17.47929573059082,0.9852039217948914,-0.008722335667698644,0.022227973,1138,0.2,0.0001,28.63004069328308,0.25576171875,0.06207168847322464,38.21209926605225,2199.2919921875,1000.0,,
1490,954368,640,233,21.98050308227539,0.9827103018760681,-0.011716053582495079,0.021455955,1143,0.2,0.0001,28.628718757629393,0.244677734375,0.06207454949617386,46.989110231399536,2199.2919921875,1000.0,,
1491,958464,642,234,10.55077075958252,0.9872152209281921,-0.006353028258308769,0.020200832,1148,0.2,0.0001,28.630834341049194,0.21708984375,0.06206584721803665,31.09287223815918,2192.364013671875,1000.0,,
1489,962560,646,235,8.37985897064209,0.9917949438095093,-0.004028730001300574,0.023822976,1153,0.2,0.0001,28.63519082069397,0.266796875,0.06203931197524071,21.599454593658447,2182.387451171875,1000.0,,
1491,966656,648,236,16.45586395263672,0.977867603302002,-0.010004766809288412,0.020356983,1158,0.2,0.0001,28.638410234451293,0.252392578125,0.06203541159629822,42.40996685028076,2182.387451171875,1000.0,,
1493,970752,649,237,52.961849212646484,0.960999071598053,0.009445335183824812,0.015740516,1159,0.2,0.0001,28.639130456107004,0.19614955357142858,0.06203482672572136,99.06268201555524,2182.387451171875,1000.0,,
1495,974848,651,238,20.383474349975586,0.9748227596282959,-0.010239225102122874,0.015351185,1164,0.2,0.0001,28.639603567123412,0.151513671875,0.0620366595685482,53.518521785736084,2171.269775390625,1000.0,,
1492,978944,656,239,24.43581199645996,0.9745556712150574,-0.011821214004885405,0.016418833,1169,0.2,0.0001,28.640410470962525,0.202880859375,0.06201811879873276,57.236103534698486,2158.491455078125,1000.0,,
1494,983040,657,240,21.748226165771484,0.9693565368652344,-0.01154684164794162,0.01602567,1174,0.2,0.0001,28.643819999694824,0.1810546875,0.06200375035405159,56.79243679046631,2158.491455078125,1000.0,,
1496,987136,659,241,16.68587875366211,0.9761624336242676,-0.010478164709638804,0.015763316,1179,0.2,0.0001,28.646037817001343,0.160009765625,0.062004558742046356,41.61048746109009,2158.491455078125,1000.0,,
1497,991232,661,242,18.409982681274414,0.9759392142295837,-0.01216568696545437,0.017534524,1184,0.2,0.0001,28.647718954086304,0.1876953125,0.062003493309020996,47.713676834106444,2142.80224609375,1000.0,,
1495,995328,665,243,12.674212455749512,0.9810562133789062,-0.014185226568952203,0.01636168,1189,0.2,0.0001,28.64957227706909,0.1787109375,0.06199583411216736,36.364219951629636,2151.503662109375,1000.0,,
1497,999424,667,244,55.83832550048828,0.920978307723999,-0.011752603051718324,0.012938565,1194,0.2,0.0001,28.6494029045105,0.14462890625,0.06200670450925827,156.2685161590576,2151.503662109375,1000.0,,
1451,1003520,691,245,43.82698440551758,0.9458509683609009,-0.01348021074081771,0.018358227,1199,0.2,0.0001,28.64767780303955,0.183984375,0.06201004236936569,111.41270503997802,2151.503662109375,1000.0,2.6748710277131766,500000
1453,1007616,693,246,16.830196380615234,0.983044445514679,-0.010303892195224762,0.015437851,1204,0.2,0.0001,28.647125339508058,0.1462890625,0.062019869685173035,44.466801691055295,2145.234619140625,1000.0,,
1451,1011712,696,247,15.931563377380371,0.9814056158065796,-0.009945162522490137,0.018642755,1209,0.2,0.0001,28.64441523551941,0.192041015625,0.06203021481633186,41.071571588516235,2185.992919921875,1000.0,,
1453,1015808,698,248,64.97997283935547,0.9304845333099365,-0.00712351324618794,0.011944615,1214,0.2,0.0001,28.643089008331298,0.168505859375,0.06203506514430046,143.12657718658448,2185.992919921875,1000.0,,
1455,1019904,700,249,36.25551223754883,0.9434671401977539,-0.010522978095104918,0.013786145,1219,0.2,0.0001,28.642374753952026,0.116259765625,0.06203090399503708,99.0766393661499,2185.992919921875,1000.0,,
1454,1024000,704,250,30.520648956298828,0.9524013996124268,-0.0128510408452712,0.014761925,1224,0.2,0.0001,28.64189534187317,0.158251953125,0.0620538704097271,87.67744455337524,2131.303955078125,1000.0,,
1455,1028096,706,251,34.919708251953125,0.9566144347190857,-0.013858194788917899,0.016742658,1229,0.2,0.0001,28.634147596359252,0.18134765625,0.06207967549562454,86.21608238220215,2131.303955078125,1000.0,,
1457,1032192,708,252,59.691749572753906,0.9111783504486084,-0.01417242937895935,0.01832899,1234,0.2,0.0001,28.629399442672728,0.18828125,0.06209614872932434,132.36049137115478,2131.303955078125,1000.0,,
1459,1036288,710,253,43.174739837646484,0.9492245316505432,-0.01145468176691793,0.022764448,1239,0.2,0.0001,28.62461647987366,0.230029296875,0.062114961445331573,93.26408424377442,2131.303955078125,1000.0,,
1457,1040384,713,254,8.342348098754883,0.9856914281845093,-0.009813922282774001,0.025176201,1244,0.2,0.0001,28.62449679374695,0.209033203125,0.062062665820121765,24.098669385910036,2158.10302734375,1000.0,,
1459,1044480,715,255,12.786260604858398,0.984354555606842,-0.0035941207781434057,0.024104716,1249,0.2,0.0001,28.632157278060912,0.26845703125,0.06200959160923958,29.083122777938843,2158.10302734375,1000.0,,
1461,1048576,717,256,36.82481384277344,0.9635223746299744,-0.004129403305705636,0.013501756,1254,0.2,0.0001,28.63154535293579,0.198095703125,0.0620109960436821,90.04460411071777,2158.10302734375,1000.0,,
1462,1052672,719,257,24.517955780029297,0.9777792692184448,-0.010638029174879193,0.019742072,1259,0.2,0.0001,28.631172132492065,0.190380859375,0.06201203167438507,54.74563665390015,2158.10302734375,1000.0,,
1460,1056768,723,258,22.210886001586914,0.9771884679794312,-0.010505213157739491,0.01726617,1264,0.2,0.0001,28.634844160079957,0.19033203125,0.062013890594244,56.47956953048706,2096.267578125,1000.0,,
1461,1060864,725,259,13.889302253723145,0.9802265167236328,-0.00994484145194292,0.01810076,1269,0.2,0.0001,28.63414397239685,0.2185546875,0.06202556565403938,37.96336545944214,2096.267578125,1000.0,,
1462,1064960,728,260,13.803565979003906,0.9777889251708984,-0.007989048305898905,0.016468342,1274,0.2,0.0001,28.630906057357787,0.18740234375,0.06204097345471382,47.82295904159546,2096.267578125,1000.0,,
1463,1069056,730,261,15.234108924865723,0.9712269306182861,-0.009765715477988124,0.016408846,1279,0.2,0.0001,28.629076623916625,0.14365234375,0.062040217220783234,52.21007823944092,2096.267578125,1000.0,,
1460,1073152,734,262,19.032817840576172,0.9720725417137146,-0.010043346555903554,0.015645342,1284,0.2,0.0001,28.628852128982544,0.143896484375,0.06205783411860466,48.446971845626834,2140.992431640625,1000.0,,
1462,1077248,736,263,19.445953369140625,0.9744274020195007,-0.007197034952696413,0.016765423,1289,0.2,0.0001,28.627175283432006,0.175244140625,0.06207020580768585,50.68640146255493,2140.992431640625,1000.0,,
1463,1081344,738,264,35.50185775756836,0.9609169960021973,-0.01268003006116487,0.017885908,1294,0.2,0.0001,28.625570869445802,0.19794921875,0.06209161877632141,74.71105585098266,2140.992431640625,1000.0,,
1465,1085440,740,265,16.48867416381836,0.978779137134552,-0.011152129591209814,0.018012688,1299,0.2,0.0001,28.618756675720213,0.185009765625,0.0621156245470047,40.97932324409485,2140.992431640625,1000.0,,
1462,1089536,744,266,13.433130264282227,0.9816346764564514,-0.009252297721104696,0.02025507,1304,0.2,0.0001,28.609584379196168,0.2279296875,0.06211574003100395,38.11749534606933,2174.64306640625,1000.0,,
1464,1093632,746,267,20.91257667541504,0.9749019145965576,-0.008143907439080066,0.019527078,1309,0.2,0.0001,28.607862281799317,0.22236328125,0.06211063265800476,52.24513740539551,2174.64306640625,1000.0,,
1465,1097728,748,268,7.87155818939209,0.9845916032791138,-0.005708970443811268,0.0232878,1314,0.2,0.0001,28.605082988739014,0.23662109375,0.06212284788489342,23.921474003791808,2174.64306640625,1000.0,,
1467,1101824,750,269,22.158124923706055,0.9804027676582336,0.012359514716081321,0.014759951,1315,0.2,0.0001,28.60261082649231,0.1884765625,0.062126029282808304,50.67001914978027,2174.64306640625,1000.0,,
1465,1105920,754,270,11.564570426940918,0.9843065142631531,-0.00937759381486103,0.021117123,1320,0.2,0.0001,28.601897048950196,0.219384765625,0.062159765511751175,32.27335658073425,2172.234130859375,1000.0,,
1467,1110016,756,271,18.024263381958008,0.9805018901824951,-0.005836953432299197,0.025906978,1324,0.2,0.0001,28.60029691060384,0.2544921875,0.06217574328184128,40.35451774597168,2172.234130859375,1000.0,,
