adim,skor,devrilen,odul_+0.10_+0.00_+0.00,odul_-0.10_+0.00_+0.00,odul_+0.00_+0.06_+0.00,odul_+0.00_-0.06_+0.00,odul_+0.00_+0.00_+0.40,odul_+0.00_+0.00_-0.40,odul_+0.10_+0.04_+0.25,zemin_çukur 60 geri,zemin_çukur 45 yana,zemin_kaygan yokuş 15 μ0.3,zemin_kaygan yokuş 20 μ0.4,zemin_engebe 40 ileri,zemin_engebe 60 yana
250000,2.4299,0,3.0847,3.0542,2.785,2.8168,2.0244,2.1136,3.0698,2.6777,2.5442,1.2746,1.2284,2.8377,2.078
500000,2.301,0,3.0627,3.0016,2.7729,2.8045,2.0196,2.1,3.1277,1.1952,2.4643,1.1695,1.1893,2.7805,2.2251
750000,2.2986,0,3.0414,2.9791,2.776,2.8104,2.0775,2.1262,3.1079,1.2337,2.4205,1.1441,1.1991,2.7482,2.2171
1000000,2.3179,0,3.0472,2.976,2.7707,2.8128,2.0835,2.139,3.1264,1.2466,2.4132,1.1571,1.2292,2.8198,2.3115
1250000,2.4217,0,2.9935,2.9532,2.7528,2.8082,2.1118,2.1446,3.0972,2.5918,2.5712,1.1141,1.0734,2.8492,2.4215
1500000,2.2967,0,2.9663,2.9377,2.76,2.804,2.1021,2.1456,3.0715,1.3224,2.1675,1.2624,1.2607,2.7227,2.3344
1750000,2.3255,0,2.9845,2.9805,2.7336,2.8168,2.0664,2.1382,3.035,1.2864,2.4718,1.3242,1.2776,2.8082,2.3084
2000000,2.3221,0,2.9847,2.947,2.7046,2.8182,2.0828,2.1103,3.0497,1.2459,2.1481,1.4598,1.4373,2.8687,2.3295
2250000,2.3178,0,3.0431,2.9303,2.7383,2.8058,2.1017,2.1173,3.1021,1.3077,1.9259,1.4976,1.3868,2.807,2.3683
2500000,2.327,0,3.02,2.966,2.7515,2.7972,2.0889,2.0993,3.0821,1.4092,2.162,1.3966,1.3351,2.7831,2.36
2750000,2.3278,0,3.026,2.9804,2.7426,2.8054,2.0785,2.1175,3.1052,1.2878,2.4951,1.2571,1.2578,2.7376,2.3699
3000000,2.4331,0,2.9749,3.0333,2.7529,2.7935,2.0845,2.115,3.0784,2.7375,2.3086,1.35,1.2656,2.7609,2.3752
