time/total_timesteps,time/iterations,time/fps,time/time_elapsed,train/n_updates,train/clip_fraction,train/explained_variance,train/value_loss,train/std,train/policy_gradient_loss,train/approx_kl,train/clip_range,train/entropy_loss,train/loss,train/learning_rate,rollout/ep_len_mean,rollout/ep_rew_mean
2048,1,545,3,,,,,,,,,,,,,
4096,2,628,6,1,0.18115234375,0.9179148077964783,99.0847396850586,0.022539183497428894,-0.02610787597950548,0.013411308,0.2,8.610081672668457,46.6339111328125,0.0001,,
6144,3,630,9,3,0.1865234375,0.9145330190658569,104.67932510375977,0.022539202123880386,-0.025588576061030228,0.027607078,0.2,8.593212286631266,42.88287353515625,0.0001,,
8192,4,601,13,5,0.17047991071428573,0.9078799486160278,95.37889753069196,0.02253919094800949,-0.023484340735844204,0.02448897,0.2,8.647694042750768,45.828407287597656,0.0001,1000.0,2054.90869140625
10240,5,621,16,7,0.19559151785714285,0.8903927206993103,98.17728315080915,0.022539131343364716,-0.020040976349264383,0.027730772,0.2,8.629708971296038,38.93928527832031,0.0001,1000.0,2054.90869140625
12288,6,641,19,9,0.16183035714285715,0.9189580678939819,89.14718082972935,0.022539041936397552,-0.019424160543297018,0.022535026,0.2,8.684938975742885,38.36513137817383,0.0001,1000.0,2054.90869140625
14336,7,658,21,11,0.16434151785714285,0.9143998622894287,69.68234579903739,0.022538935765624046,-0.02550848027957337,0.025088482,0.2,8.755484308515276,29.125286102294922,0.0001,1000.0,2054.90869140625
16384,8,641,25,14,0.18641493055555555,0.9239181876182556,98.95999145507812,0.022538773715496063,-0.017251999013953738,0.035506874,0.2,8.690020349290636,38.34270095825195,0.0001,1000.0,2204.27197265625
18432,9,653,28,16,0.1650390625,0.9111274480819702,74.62882423400879,0.022538665682077408,-0.023160557262599468,0.022583924,0.2,8.790303230285645,32.64993667602539,0.0001,1000.0,2204.27197265625
20480,10,664,30,18,0.16438802083333334,0.8655407428741455,90.5024922688802,0.02253856509923935,-0.02098446587721507,0.029245201,0.2,8.83881425857544,42.00349426269531,0.0001,1000.0,2204.27197265625
22528,11,673,33,20,0.1982421875,0.8831747174263,95.36196899414062,0.02253846637904644,-0.010065622627735138,0.029033054,0.2,8.745203653971354,45.417503356933594,0.0001,1000.0,2204.27197265625
24576,12,658,37,22,0.18359375,0.9038976430892944,77.33657455444336,0.022538354620337486,-0.019702028095101316,0.02857883,0.2,8.868538697560629,39.748817443847656,0.0001,1000.0,2237.245849609375
26624,13,663,40,24,0.18498883928571427,0.8995307683944702,76.65598406110492,0.022538213059306145,-0.01859879101227437,0.026768977,0.2,8.873181751796178,40.143775939941406,0.0001,1000.0,2237.245849609375
28672,14,669,42,26,0.18196614583333334,0.8493224382400513,103.92151514689128,0.022538261488080025,-0.02701853945230444,0.03389704,0.2,8.727819283803305,56.2393913269043,0.0001,1000.0,2237.245849609375
30720,15,675,45,28,0.206640625,0.8566416501998901,94.71463470458984,0.02253841422498226,-0.029252713546156883,0.043046888,0.2,8.818127250671386,43.226070404052734,0.0001,1000.0,2237.245849609375
32768,16,666,49,30,0.178125,0.8347349166870117,113.5232650756836,0.02253841422498226,-0.01463171374052763,0.03715582,0.2,8.856700134277343,53.00899887084961,0.0001,1000.0,2196.5029296875
34816,17,672,51,32,0.15755208333333334,0.8913106918334961,76.14305750528972,0.022538283839821815,-0.015856876658896606,0.02558828,0.2,8.767801284790039,34.48289108276367,0.0001,1000.0,2196.5029296875
36864,18,677,54,35,0.20442708333333334,0.9526796936988831,47.84026845296224,0.022538091987371445,-0.013911412614915106,0.03360112,0.2,8.898624632093641,20.253442764282227,0.0001,1000.0,2196.5029296875
38912,19,678,57,38,0.16779119318181818,0.9347133636474609,63.33378670432351,0.02253781631588936,-0.01583256796849045,0.025742412,0.2,8.852798461914062,23.343446731567383,0.0001,1000.0,2196.5029296875
40960,20,667,61,41,0.1796875,0.9502415060997009,45.96208641745827,0.02253761887550354,-0.02823176218027418,0.031291913,0.2,8.785345597700639,18.724262237548828,0.0001,1000.0,2246.33203125
43008,21,671,64,43,0.17745535714285715,0.9107658863067627,51.86069107055664,0.022537393495440483,-0.020866977450038706,0.02817476,0.2,8.907704625810895,23.650869369506836,0.0001,1000.0,2246.33203125
45056,22,675,66,45,0.1572265625,0.863694429397583,65.35977745056152,0.022537095472216606,-0.014659455666939417,0.02671427,0.2,8.925721645355225,33.40809631347656,0.0001,1000.0,2246.33203125
47104,23,676,69,47,0.1552734375,0.8832480311393738,64.38679440816243,0.022536883130669594,-0.019122151502718527,0.025319442,0.2,8.837432861328125,32.10879898071289,0.0001,1000.0,2246.33203125
49152,24,665,73,49,0.17890625,0.8858497142791748,59.88127746582031,0.022536808624863625,-0.020073311775922774,0.039031565,0.2,8.961398887634278,29.047285079956055,0.0001,1000.0,2269.439208984375
51200,25,669,76,51,0.1703125,0.9070605039596558,52.930250549316405,0.022536806762218475,-0.01729592834599316,0.032511733,0.2,8.923012351989746,24.282686233520508,0.0001,1000.0,2269.439208984375
53248,26,672,79,53,0.169140625,0.9137441515922546,52.008216857910156,0.022536877542734146,-0.02079266090877354,0.035381086,0.2,8.860282897949219,25.498613357543945,0.0001,1000.0,2269.439208984375
55296,27,675,81,54,0.22607421875,0.9216277003288269,51.22089195251465,0.02253684215247631,-0.013783644419163465,0.018583834,0.2,8.905474185943604,28.1546688079834,0.0001,1000.0,2269.439208984375
57344,28,669,85,56,0.200390625,0.9222157001495361,45.537767028808595,0.022536568343639374,-0.012933474220335483,0.033080403,0.2,8.886547088623047,22.882951736450195,0.0001,1000.0,2258.747802734375
59392,29,673,88,58,0.205859375,0.8983017802238464,50.43655166625977,0.02253623679280281,-0.006935259327292442,0.039426718,0.2,8.866805458068848,26.10626983642578,0.0001,1000.0,2258.747802734375
61440,30,674,91,60,0.174609375,0.8975813984870911,49.06656723022461,0.022535836324095726,-0.018058312125504017,0.035357542,0.2,8.856682205200196,25.035442352294922,0.0001,1000.0,2258.747802734375
63488,31,674,94,62,0.20149739583333334,0.9119343161582947,44.12043126424154,0.022535381838679314,-0.013962642832969626,0.03163004,0.2,8.893114884694418,21.554824829101562,0.0001,1000.0,2258.747802734375
65536,32,663,98,64,0.215625,0.9183229207992554,38.96481628417969,0.022534940391778946,-0.021714079938828946,0.04895096,0.2,8.910240364074706,18.058246612548828,0.0001,1000.0,2244.62158203125
67584,33,661,102,66,0.19661458333333334,0.9541324377059937,40.44988187154134,0.022534538060426712,-0.014587841462343931,0.03295793,0.2,8.882028102874756,19.817153930664062,0.0001,1000.0,2244.62158203125
69632,34,661,105,68,0.1533203125,0.9665470719337463,34.21876843770345,0.02253418229520321,-0.0165088571763287,0.025748407,0.2,8.970902442932129,15.048077583312988,0.0001,1000.0,2244.62158203125
71680,35,661,108,70,0.191650390625,0.9670228362083435,33.578895807266235,0.022533822804689407,-0.01832743384875357,0.02610436,0.2,9.001550316810608,17.434188842773438,0.0001,1000.0,2244.62158203125
73728,36,655,112,73,0.1953125,0.9684900641441345,30.672481536865234,0.02253357321023941,-0.024739042441878054,0.038179427,0.2,8.916546185811361,15.30056095123291,0.0001,1000.0,2266.6025390625
75776,37,655,115,75,0.16048177083333334,0.8843123912811279,35.68714269002279,0.02253338135778904,-0.019097606418654323,0.029042795,0.2,9.037367820739746,15.838478088378906,0.0001,1000.0,2266.6025390625
77824,38,655,118,77,0.19661458333333334,0.785477876663208,25.345518430074055,0.022533053532242775,-0.016832105349749327,0.03588119,0.2,9.071725209554037,12.539408683776855,0.0001,1000.0,2266.6025390625
79872,39,655,121,79,0.216015625,0.8201180696487427,26.498028182983397,0.022532857954502106,-0.013426483236253261,0.04894854,0.2,8.980599403381348,13.35190486907959,0.0001,1000.0,2266.6025390625
81920,40,648,126,81,0.171875,0.7631557583808899,25.587062072753906,0.022532453760504723,-0.016921615786850454,0.037620638,0.2,9.066685485839844,12.760136604309082,0.0001,1000.0,2301.982177734375
83968,41,649,129,83,0.171875,0.9333781003952026,40.74753265380859,0.022531909868121147,-0.01327474946156144,0.035323575,0.2,8.94600830078125,21.498743057250977,0.0001,1000.0,2301.982177734375
86016,42,648,132,85,0.193359375,0.964276909828186,24.28349717458089,0.022531352937221527,-0.016268091121067602,0.03168773,0.2,8.874850114186605,11.94233512878418,0.0001,1000.0,2301.982177734375
88064,43,643,136,87,0.158203125,0.9503519535064697,28.31562156677246,0.022531012073159218,-0.02126716114580631,0.03228501,0.2,8.986133766174316,13.785274505615234,0.0001,1000.0,2306.031005859375
90112,44,645,139,89,0.165234375,0.9644507765769958,23.230358505249022,0.02253062278032303,-0.021187295019626618,0.03000071,0.2,8.965216064453125,11.964422225952148,0.0001,1000.0,2306.031005859375
92160,45,646,142,91,0.19498697916666666,0.9357700943946838,28.012881914774578,0.02253032848238945,-0.01355574761206905,0.03223031,0.2,8.907940864562988,13.603960990905762,0.0001,1000.0,2306.031005859375
94208,46,646,145,93,0.15559895833333334,0.9395471811294556,26.57805061340332,0.022530166432261467,-0.014716224434475103,0.025167719,0.2,9.016135215759277,12.730134963989258,0.0001,1000.0,2306.031005859375
96256,47,641,149,95,0.157421875,0.9418877959251404,28.664503479003905,0.022529704496264458,-0.026433243602514266,0.038737427,0.2,9.027154731750489,14.783746719360352,0.0001,1000.0,2313.697021484375
98304,48,642,152,97,0.20546875,0.9305142164230347,35.82540588378906,0.022528808563947678,-0.008340341132134199,0.038789853,0.2,8.943356895446778,19.05656623840332,0.0001,1000.0,2313.697021484375
100352,49,643,155,99,0.197265625,0.9158843159675598,43.636114756266274,0.02252776548266411,-0.016092547525962193,0.03356903,0.2,8.941743850708008,20.632617950439453,0.0001,1000.0,2313.697021484375
102400,50,644,158,101,0.17410714285714285,0.9452345967292786,29.501689638410294,0.022526830434799194,-0.007260571566543409,0.024468863,0.2,8.949854033333915,13.509538650512695,0.0001,1000.0,2313.697021484375
104448,51,639,163,103,0.1962890625,0.9265221953392029,39.67447090148926,0.022526441141963005,-0.0199963441118598,0.030826952,0.2,8.907147725423178,19.992795944213867,0.0001,1000.0,2311.63134765625
106496,52,640,166,105,0.16127232142857142,0.8764885663986206,70.46259307861328,0.022526152431964874,-0.02327894206557955,0.022839472,0.2,8.917010716029576,34.332115173339844,0.0001,1000.0,2311.63134765625
108544,53,641,169,108,0.2224609375,0.8923232555389404,95.80274887084961,0.022525830194354057,-0.020439178124070166,0.031316694,0.2,9.000512409210206,45.30046463012695,0.0001,1000.0,2311.63134765625
110592,54,641,172,112,0.17354910714285715,0.9086033701896667,82.23942020961216,0.022525498643517494,-0.022026556776836514,0.030667286,0.2,8.945609842027936,42.10318374633789,0.0001,1000.0,2311.63134765625
112640,55,638,176,115,0.17106119791666666,0.890924870967865,119.2510248819987,0.022525444626808167,-0.012719938647933304,0.025042333,0.2,8.890606005986532,51.568180084228516,0.0001,1000.0,2299.897705078125
114688,56,639,179,118,0.1616753472222222,0.9245662093162537,64.83799150254991,0.02252567745745182,-0.027932596082488697,0.039030105,0.2,8.909080823262533,32.44609069824219,0.0001,1000.0,2299.897705078125
116736,57,639,182,121,0.17296006944444445,0.9318070411682129,51.03938335842557,0.02252565324306488,-0.016220837947912514,0.03172224,0.2,8.913528866238064,22.55331039428711,0.0001,1000.0,2299.897705078125
118784,58,640,185,123,0.141357421875,0.9136740565299988,52.251944065093994,0.022525496780872345,-0.025205638958141208,0.01990407,0.2,8.834700345993042,25.681777954101562,0.0001,1000.0,2299.897705078125
120832,59,635,190,126,0.162109375,0.9395078420639038,36.45425881279839,0.022525010630488396,-0.017193582892003987,0.03056028,0.2,8.888575659857857,15.626116752624512,0.0001,1000.0,2297.3818359375
122880,60,634,193,129,0.1943359375,0.919053316116333,50.87161979675293,0.022524205967783928,-0.019610643899068237,0.029305506,0.2,8.86414041519165,27.360599517822266,0.0001,1000.0,2297.3818359375
124928,61,634,196,132,0.161328125,0.939299464225769,37.79844360351562,0.02252325415611267,-0.023621135810390114,0.028433464,0.2,8.781776714324952,19.460010528564453,0.0001,1000.0,2297.3818359375
126976,62,636,199,135,0.1616753472222222,0.9286295175552368,47.14313761393229,0.022522270679473877,-0.023633420350961387,0.032755934,0.2,8.873624695671928,22.068796157836914,0.0001,1000.0,2297.3818359375
129024,63,634,203,138,0.1527777777777778,0.9275025725364685,44.106583489312065,0.02252153307199478,-0.019976949733164575,0.030175703,0.2,8.883496708340115,18.53018569946289,0.0001,1000.0,2293.363525390625
131072,64,636,205,140,0.185302734375,0.9284483194351196,49.13931751251221,0.022521071135997772,-0.023205364181194454,0.02436297,0.2,8.794111251831055,26.501989364624023,0.0001,1000.0,2293.363525390625
133120,65,638,208,142,0.1845703125,0.9255696535110474,48.791754404703774,0.022520747035741806,-0.020534093181292217,0.028417476,0.2,8.95115296045939,26.58458137512207,0.0001,1000.0,2293.363525390625
135168,66,639,211,144,0.188720703125,0.9296928644180298,43.78725528717041,0.02252022922039032,-0.01900684169959277,0.025149645,0.2,8.96190071105957,20.983959197998047,0.0001,1000.0,2293.363525390625
137216,67,637,215,147,0.19460227272727273,0.9555104374885559,30.38698456504128,0.02251933142542839,-0.016077697785063225,0.027529178,0.2,8.846376245672053,15.13133430480957,0.0001,1000.0,2294.0341796875
139264,68,638,218,149,0.184326171875,0.9358064532279968,42.5380163192749,0.0225188210606575,-0.026527650421485305,0.022918262,0.2,8.865134716033936,20.820161819458008,0.0001,1000.0,2294.0341796875
141312,69,638,221,151,0.1708984375,0.8982853293418884,36.409613609313965,0.02251829393208027,-0.020143222820479423,0.023243971,0.2,8.799351334571838,16.2222843170166,0.0001,1000.0,2294.0341796875
143360,70,639,224,155,0.2596354166666667,0.9271552562713623,28.43642438252767,0.02251792885363102,-0.017826276272535323,0.031945404,0.2,8.744659042358398,12.482261657714844,0.0001,1000.0,2294.0341796875
145408,71,637,227,157,0.17020089285714285,0.8858978748321533,34.87770080566406,0.022518079727888107,-0.02473934181034565,0.024720045,0.2,8.782579149518694,16.931983947753906,0.0001,1000.0,2254.0146484375
147456,72,639,230,160,0.1943359375,0.9003190398216248,46.31762161254883,0.022518383339047432,-0.019230146333575247,0.030320475,0.2,8.870439624786377,20.422460556030273,0.0001,1000.0,2254.0146484375
149504,73,640,233,163,0.181640625,0.9089038372039795,33.66123708089193,0.022518321871757507,-0.013589983806014061,0.033712786,0.2,8.83784548441569,16.85078239440918,0.0001,1000.0,2254.0146484375
151552,74,641,236,166,0.173046875,0.9164744019508362,31.21208095550537,0.022517936304211617,-0.025805894285440445,0.029626902,0.2,8.905542469024658,15.544142723083496,0.0001,1000.0,2254.0146484375
153600,75,637,241,168,0.193359375,0.9185869097709656,33.25172138214111,0.022517286241054535,-0.023920896773537,0.03682215,0.2,8.883429050445557,16.515653610229492,0.0001,1000.0,2256.04443359375
155648,76,638,243,171,0.2092013888888889,0.8345112800598145,71.59351264105902,0.02251642942428589,-0.006609315363069375,0.030559154,0.2,8.860827234056261,32.82415771484375,0.0001,1000.0,2256.04443359375
157696,77,639,246,174,0.1732421875,0.8733873963356018,52.853353118896486,0.022515954449772835,-0.024977823812514545,0.031353682,0.2,8.855417156219483,26.7775821685791,0.0001,1000.0,2256.04443359375
159744,78,640,249,176,0.17299107142857142,0.8675863742828369,51.37496076311384,0.022515717893838882,-0.02667005573000227,0.028574636,0.2,8.881693295070104,23.681612014770508,0.0001,1000.0,2256.04443359375
161792,79,636,254,178,0.19977678571428573,0.8917528390884399,46.73159572056362,0.022515475749969482,-0.013041334093681403,0.029036818,0.2,8.86192171914237,22.817373275756836,0.0001,1000.0,2240.1748046875
163840,80,637,257,180,0.13671875,0.7536823153495789,64.0892842610677,0.022515403106808662,-0.022157664876431227,0.024685312,0.2,8.903463999430338,31.745121002197266,0.0001,1000.0,2240.1748046875
165888,81,637,260,182,0.20284598214285715,0.5649014711380005,97.50995853969029,0.022515058517456055,-0.018085401305662736,0.030176772,0.2,8.952400071280342,52.88092041015625,0.0001,1000.0,2240.1748046875
167936,82,638,263,184,0.1904296875,0.6434417366981506,72.90490245819092,0.022514842450618744,-0.020402712281793356,0.02672093,0.2,8.956850290298462,35.00368881225586,0.0001,1000.0,2240.1748046875
169984,83,637,266,186,0.1552734375,0.7578004002571106,54.21143658955892,0.022514553740620613,-0.018876423283169668,0.029272292,0.2,8.900672594706217,26.673843383789062,0.0001,1000.0,2258.921630859375
172032,84,638,269,188,0.19838169642857142,0.9271198511123657,53.31434685843332,0.02251378446817398,-0.011760802340826817,0.029696114,0.2,8.878138133457728,25.92633819580078,0.0001,1000.0,2258.921630859375
174080,85,639,272,190,0.18191964285714285,0.9569480419158936,42.98991230555943,0.02251305989921093,-0.022988512446837767,0.026277915,0.2,8.872414861406599,20.453292846679688,0.0001,1000.0,2258.921630859375
176128,86,638,275,192,0.1630859375,0.9598196148872375,35.18295351664225,0.022512473165988922,-0.023043496534228325,0.031388294,0.2,8.782763799031576,16.40874481201172,0.0001,1000.0,2227.705810546875
178176,87,639,278,194,0.157421875,0.9658533334732056,29.820749282836914,0.02251197025179863,-0.012939954549074173,0.030209586,0.2,8.870897102355958,15.710546493530273,0.0001,1000.0,2227.705810546875
180224,88,640,281,196,0.190234375,0.9382567405700684,39.90302963256836,0.02251145802438259,-0.01878125686198473,0.03831898,0.2,8.866268539428711,19.6328067779541,0.0001,1000.0,2227.705810546875
182272,89,641,284,199,0.21744791666666666,0.9576419591903687,23.254886415269638,0.02251066081225872,-0.009229042360352145,0.034635995,0.2,8.783199628194174,10.825457572937012,0.0001,1000.0,2227.705810546875
184320,90,640,287,201,0.20670572916666666,0.9490231871604919,31.032880783081055,0.022509953007102013,-0.018740064309289057,0.035024725,0.2,8.863156954447428,14.557293891906738,0.0001,1000.0,2211.175537109375
186368,91,641,290,203,0.1875,0.9242228269577026,46.14985148111979,0.022509442642331123,-0.01205277613674601,0.03067511,0.2,8.878896077473959,20.056758880615234,0.0001,1000.0,2211.175537109375
188416,92,642,293,205,0.15625,0.8252438306808472,49.50334014892578,0.022508906200528145,-0.031061044335365294,0.038985256,0.2,8.73526439666748,25.85943603515625,0.0001,1000.0,2211.175537109375
190464,93,643,295,207,0.2158203125,0.8273061513900757,49.00239817301432,0.022508293390274048,0.0030152791490157447,0.029989839,0.2,8.818394184112549,23.95903205871582,0.0001,1000.0,2211.175537109375
192512,94,641,300,209,0.15792410714285715,0.8164927959442139,48.39945547921317,0.02250758558511734,-0.02176469817225422,0.024267307,0.2,8.785004615783691,24.51323699951172,0.0001,1000.0,2179.25732421875
194560,95,642,302,211,0.205078125,0.7698698043823242,63.2019408089774,0.022506827488541603,-0.014893303359193462,0.02934659,0.2,8.75360597882952,33.11608123779297,0.0001,1000.0,2179.25732421875
196608,96,643,305,213,0.20033482142857142,0.8423606157302856,62.34459413800921,0.022506108507514,-0.027174829372337887,0.02661301,0.2,8.863977568490165,29.312978744506836,0.0001,1000.0,2179.25732421875
198656,97,644,308,215,0.18973214285714285,0.8004882335662842,78.961181640625,0.02250569686293602,-0.01920880949390786,0.02720075,0.2,8.856452533176967,34.4274787902832,0.0001,1000.0,2179.25732421875
200704,98,642,312,217,0.20572916666666666,0.8371480107307434,61.01313336690267,0.02250554785132408,-0.021211668965406716,0.033070907,0.2,8.764692147572836,29.245115280151367,0.0001,1000.0,2169.551025390625
202752,99,643,315,219,0.173095703125,0.8213039040565491,73.76474618911743,0.022505145519971848,-0.01900419022422284,0.021666244,0.2,8.801647424697876,32.11030960083008,0.0001,1000.0,2169.551025390625
204800,100,644,317,221,0.1787109375,0.9213033318519592,45.63296175003052,0.022504733875393867,-0.0220746033010073,0.024118619,0.2,8.790908217430115,23.261795043945312,0.0001,1000.0,2169.551025390625
206848,101,645,320,223,0.2041015625,0.9053677320480347,55.44300524393717,0.02250441163778305,-0.027791920118033886,0.037579104,0.2,8.800850868225098,27.366533279418945,0.0001,1000.0,2169.551025390625
208896,102,643,324,225,0.181640625,0.89585942029953,52.81354849679129,0.02250419370830059,-0.0162443554561053,0.025957415,0.2,8.804549080984932,24.207223892211914,0.0001,1000.0,2176.572265625
210944,103,644,327,227,0.150390625,0.8738272190093994,94.11826433454242,0.02250402793288231,-0.020571773472641195,0.021108404,0.2,8.782682146344866,48.00188446044922,0.0001,1000.0,2176.572265625
212992,104,645,329,230,0.17171223958333334,0.9060112833976746,99.0790335337321,0.022503741085529327,-0.025351242705558736,0.026277615,0.2,8.777196089426676,42.484291076660156,0.0001,1000.0,2176.572265625
215040,105,646,332,234,0.19020432692307693,0.8942541480064392,101.51839212270883,0.02250387705862522,-0.025436760356219914,0.035387043,0.2,8.734455915597769,45.41913986206055,0.0001,1000.0,2176.572265625
217088,106,645,336,237,0.1826171875,0.9232487678527832,68.68226890563965,0.022504353895783424,-0.021927590668201446,0.030869953,0.2,8.751583766937255,30.180362701416016,0.0001,1000.0,2139.825927734375
219136,107,646,338,240,0.1753472222222222,0.898522675037384,80.18557993570964,0.022504709661006927,-0.02526053222310212,0.036134582,0.2,8.731500307718912,39.919639587402344,0.0001,1000.0,2139.825927734375
221184,108,647,341,243,0.21640625,0.8829043507575989,58.939445114135744,0.022504568099975586,-0.016469751414842904,0.03359218,0.2,8.754202556610107,30.247236251831055,0.0001,1000.0,2139.825927734375
223232,109,648,344,245,0.12825520833333334,0.9104788303375244,47.77431869506836,0.022504396736621857,-0.020649834846456844,0.023413338,0.2,8.799911657969156,23.405561447143555,0.0001,1000.0,2139.825927734375
225280,110,647,348,247,0.210693359375,0.9195597171783447,46.79343032836914,0.022503718733787537,-0.01286175916902721,0.02568709,0.2,8.820441007614136,23.305774688720703,0.0001,1000.0,2151.390625
227328,111,648,350,249,0.168212890625,0.9381355047225952,46.54788303375244,0.022502345964312553,-0.017074123257771134,0.024050895,0.2,8.763570547103882,23.365585327148438,0.0001,1000.0,2151.390625
229376,112,648,353,252,0.215234375,0.961258590221405,35.39182319641113,0.022501178085803986,-0.01437818557024002,0.032693274,0.2,8.85985450744629,16.242429733276367,0.0001,1000.0,2151.390625
231424,113,649,356,254,0.15657552083333334,0.9626164436340332,37.98449961344401,0.022500647231936455,-0.020335040443266433,0.025455013,0.2,8.866401513417562,17.424243927001953,0.0001,1000.0,2151.390625
233472,114,648,359,256,0.201904296875,0.9674752950668335,29.374735593795776,0.022499943152070045,-0.005788548733107746,0.023696635,0.2,8.746806383132935,14.274506568908691,0.0001,1000.0,2155.504638671875
235520,115,649,362,260,0.19065504807692307,0.852276086807251,78.76020930363582,0.022498993203043938,-0.01588578400417016,0.03184263,0.2,8.849099452678974,38.68784713745117,0.0001,1000.0,2155.504638671875
237568,116,650,365,262,0.142578125,0.808639407157898,81.31008039202008,0.02249869890511036,-0.02765828776838524,0.022627547,0.2,8.856839316231865,42.254859924316406,0.0001,1000.0,2155.504638671875
239616,117,651,367,264,0.19642857142857142,0.8869501948356628,39.42292513166155,0.022498495876789093,-0.02447530547423022,0.027594278,0.2,8.747867039271764,20.351560592651367,0.0001,1000.0,2155.504638671875
241664,118,649,371,266,0.20068359375,0.8416508436203003,58.943955421447754,0.02249833196401596,-0.013986577512696385,0.02450131,0.2,8.872225046157837,28.213376998901367,0.0001,1000.0,2153.750244140625
243712,119,650,374,268,0.20865885416666666,0.9600836038589478,35.18323644002279,0.02249821089208126,-0.028906790850063164,0.03680797,0.2,8.823842366536459,17.200695037841797,0.0001,1000.0,2153.750244140625
245760,120,650,377,271,0.208203125,0.9752275943756104,31.970625114440917,0.022498006001114845,-0.0010436646174639464,0.03102898,0.2,8.744289207458497,12.992081642150879,0.0001,1000.0,2153.750244140625
247808,121,651,380,273,0.111083984375,0.963721513748169,36.50157451629639,0.022497307509183884,-0.02236954652471468,0.015638102,0.2,8.840784311294556,16.567129135131836,0.0001,1000.0,2153.750244140625
249856,122,650,384,275,0.16713169642857142,0.9668144583702087,33.07198360988072,0.022496648132801056,-0.02386926779789584,0.024217926,0.2,8.828623635428292,16.769020080566406,0.0001,1000.0,2163.43896484375
251904,123,650,387,277,0.198486328125,0.9175894856452942,74.84823894500732,0.022496206685900688,-0.018258808879181743,0.026131196,0.2,8.749444961547852,35.912506103515625,0.0001,1000.0,2163.43896484375
253952,124,651,389,279,0.140625,0.9366800785064697,43.30551290512085,0.02249588631093502,-0.020985813229344785,0.018929727,0.2,8.82224714756012,22.218856811523438,0.0001,1000.0,2163.43896484375
256000,125,647,395,282,0.197265625,0.9373735785484314,43.653438568115234,0.022495277225971222,-0.018910989072173832,0.030029679,0.2,8.84901819229126,22.155658721923828,0.0001,1000.0,2151.7080078125
258048,126,648,398,284,0.194580078125,0.9306818842887878,46.10823726654053,0.022494738921523094,-0.01634286087937653,0.023127045,0.2,8.798558950424194,25.558242797851562,0.0001,1000.0,2151.7080078125
260096,127,648,400,286,0.17103794642857142,0.9519146084785461,35.87927763802664,0.022494357079267502,-0.02058912068605423,0.02616322,0.2,8.851876531328474,16.73465919494629,0.0001,1000.0,2151.7080078125
262144,128,648,404,288,0.148681640625,0.9439222812652588,41.724947929382324,0.02249380573630333,-0.023762399738188833,0.020442022,0.2,8.852437019348145,20.028461456298828,0.0001,1000.0,2151.7080078125
264192,129,646,408,291,0.1591796875,0.9527353048324585,34.64718437194824,0.022493164986371994,-0.021062293089926243,0.03364829,0.2,8.83570556640625,16.93743133544922,0.0001,1000.0,2140.719970703125
266240,130,646,411,293,0.17252604166666666,0.950221836566925,36.96731376647949,0.0224926695227623,-0.021083814635251958,0.028814824,0.2,8.844289938608805,19.93599510192871,0.0001,1000.0,2140.719970703125
268288,131,646,414,295,0.184326171875,0.9261667728424072,55.76615810394287,0.02249210514128208,-0.014149612368782982,0.023471877,0.2,8.89657461643219,29.18644142150879,0.0001,1000.0,2140.719970703125
270336,132,647,417,297,0.16015625,0.9541170597076416,32.76025390625,0.022491365671157837,-0.020618811382779052,0.025365377,0.2,8.893279348100934,17.48243522644043,0.0001,1000.0,2140.719970703125
272384,133,645,421,299,0.18108258928571427,0.9380828142166138,46.29040690830776,0.022490622475743294,-0.021071967535785267,0.03024123,0.2,8.812302589416504,22.418621063232422,0.0001,1000.0,2121.615966796875
274432,134,645,424,301,0.18359375,0.941201388835907,47.25742292404175,0.022490086033940315,-0.013346121719223447,0.02220875,0.2,8.866548776626587,23.124784469604492,0.0001,1000.0,2121.615966796875
276480,135,646,427,303,0.170654296875,0.9473932981491089,43.907625675201416,0.022489719092845917,-0.025289949728175998,0.02088741,0.2,8.824577927589417,21.678279876708984,0.0001,1000.0,2121.615966796875
278528,136,646,430,306,0.2046875,0.9472162127494812,43.66738929748535,0.022489015012979507,-0.023538844380527734,0.032775037,0.2,8.743726634979248,20.242103576660156,0.0001,1000.0,2121.615966796875
280576,137,645,434,308,0.1845703125,0.9575740098953247,34.143839836120605,0.02248849906027317,-0.02712145323554675,0.03177592,0.2,8.814551989237467,15.89416790008545,0.0001,1000.0,2107.41796875
282624,138,645,437,310,0.20563616071428573,0.943814754486084,48.13418633597238,0.02248799428343773,-0.01119196494775159,0.030234292,0.2,8.842087064470563,26.234935760498047,0.0001,1000.0,2107.41796875
284672,139,645,440,313,0.183984375,0.9564527273178101,36.03339881896973,0.0224873349070549,-0.016865933313965797,0.031049289,0.2,8.7843731880188,16.723308563232422,0.0001,1000.0,2107.41796875
286720,140,646,443,315,0.17354910714285715,0.9541016221046448,34.765882219587056,0.02248683199286461,-0.027661315631121397,0.024760475,0.2,8.823084150041852,17.61600112915039,0.0001,1000.0,2107.41796875
288768,141,644,447,317,0.15657552083333334,0.960724949836731,31.295157432556152,0.022486520931124687,-0.019330300235499937,0.025273915,0.2,8.823925495147705,15.010601997375488,0.0001,1000.0,2121.59228515625
290816,142,644,450,319,0.15169270833333334,0.9456859827041626,33.09726746877035,0.02248615399003029,-0.022135391909008224,0.026756914,0.2,8.697758197784424,14.724273681640625,0.0001,1000.0,2121.59228515625
292864,143,645,453,321,0.15657552083333334,0.8640804290771484,30.68055311838786,0.022485792636871338,-0.013609328307211399,0.024884973,0.2,8.788575331370035,15.155776977539062,0.0001,1000.0,2121.59228515625
294912,144,645,456,323,0.203369140625,0.9040530323982239,23.00032067298889,0.022485563531517982,-0.016833005473017693,0.024971783,0.2,8.784533143043518,11.016417503356934,0.0001,1000.0,2121.59228515625
296960,145,642,461,325,0.163330078125,0.9153770208358765,20.725130796432495,0.022485487163066864,-0.022239487268961966,0.02115372,0.2,8.693351745605469,9.079882621765137,0.0001,1000.0,2130.77978515625
299008,146,642,465,327,0.202880859375,0.7500373721122742,96.3700304031372,0.022485388442873955,-0.0065040766494348645,0.024125207,0.2,8.767722845077515,49.4889030456543,0.0001,1000.0,2130.77978515625
301056,147,642,468,331,0.19154575892857142,0.7332471609115601,123.92733982631138,0.022485410794615746,-0.027626661151381477,0.031887155,0.2,8.776405675070626,53.17020034790039,0.0001,1000.0,2130.77978515625
303104,148,642,471,335,0.22356770833333334,0.7782045602798462,109.65606587727865,0.02248549461364746,-0.028175911897172532,0.0300593,0.2,8.693995157877604,49.46516036987305,0.0001,1000.0,2130.77978515625
305152,149,640,476,339,0.1630859375,0.7753994464874268,103.40215253829956,0.02248554490506649,-0.023697286727838218,0.025607424,0.2,8.742153644561768,49.288204193115234,0.0001,1000.0,2111.468505859375
307200,150,640,479,341,0.17354910714285715,0.8733084201812744,77.30353437151227,0.02248537167906761,-0.031382368611437936,0.028519629,0.2,8.7394346509661,34.72291564941406,0.0001,1000.0,2111.468505859375
309248,151,640,482,344,0.17078993055555555,0.9653564691543579,33.259166929456924,0.0224849171936512,-0.011553093377086852,0.033831216,0.2,8.680929183959961,13.399557113647461,0.0001,1000.0,2111.468505859375
311296,152,641,485,347,0.15733506944444445,0.9611769318580627,33.03715176052518,0.022484632208943367,-0.027637226196626823,0.031071484,0.2,8.680905977884928,15.59467601776123,0.0001,1000.0,2111.468505859375
313344,153,639,490,350,0.190625,0.9494596719741821,34.37568378448486,0.022484760731458664,-0.02288934150710702,0.032459583,0.2,8.738571453094483,15.505311012268066,0.0001,1000.0,2123.56396484375
315392,154,639,493,353,0.2021484375,0.9147558212280273,52.67055816650391,0.022484758868813515,-0.019457045011222363,0.030964315,0.2,8.701491165161134,24.606813430786133,0.0001,1000.0,2123.56396484375
317440,155,639,496,355,0.185302734375,0.9306285381317139,32.72742700576782,0.02248438447713852,-0.022323394543491304,0.025778595,0.2,8.68338668346405,15.316886901855469,0.0001,1000.0,2123.56396484375
319488,156,639,499,357,0.17940848214285715,0.9223295450210571,37.07916096278599,0.02248387597501278,-0.02526390685566834,0.026754543,0.2,8.744949340820312,17.135629653930664,0.0001,1000.0,2123.56396484375
321536,157,638,503,359,0.134375,0.9342072606086731,30.575585174560548,0.022483380511403084,-0.019909247010946273,0.031937093,0.2,8.712993240356445,14.950456619262695,0.0001,1000.0,2139.49462890625
323584,158,639,506,361,0.158203125,0.9607513546943665,36.43298594156901,0.022482819855213165,-0.00998418622960647,0.02613544,0.2,8.587214152018229,17.239845275878906,0.0001,1000.0,2139.49462890625
325632,159,639,509,363,0.182861328125,0.9591616988182068,42.47302722930908,0.022482572123408318,-0.019373623188585043,0.02451763,0.2,8.65585446357727,20.832897186279297,0.0001,1000.0,2139.49462890625
327680,160,639,512,365,0.18994140625,0.9579620957374573,44.51577568054199,0.022482501342892647,-0.02505205769557506,0.024304353,0.2,8.660148859024048,19.093461990356445,0.0001,1000.0,2139.49462890625
329728,161,638,516,367,0.16155133928571427,0.9699004292488098,29.83252743312291,0.022482214495539665,-0.018358068806784495,0.024701832,0.2,8.577303341456822,13.762158393859863,0.0001,1000.0,2121.06884765625
331776,162,637,520,369,0.201171875,0.8782996535301208,68.07145254952567,0.022481687366962433,-0.022038721745567664,0.027582427,0.2,8.681436811174665,37.21875762939453,0.0001,1000.0,2121.06884765625
333824,163,637,523,371,0.17936197916666666,0.9166133403778076,34.85397402445475,0.022481298074126244,-0.02147962898015976,0.034092527,0.2,8.694284280141195,16.362577438354492,0.0001,1000.0,2121.06884765625
335872,164,637,526,373,0.17545572916666666,0.9000656604766846,36.554755528767906,0.022480977699160576,-0.01569399144500494,0.03492234,0.2,8.548494815826416,17.78118896484375,0.0001,1000.0,2121.06884765625
337920,165,636,530,375,0.17996651785714285,0.9054993987083435,35.400506428309846,0.022480491548776627,-0.020098610847656215,0.025178501,0.2,8.6349458694458,19.34815216064453,0.0001,1000.0,2118.862060546875
339968,166,636,533,378,0.19300426136363635,0.8818956613540649,104.07890944047408,0.022479869425296783,-0.007401232184334235,0.028411346,0.2,8.612531055103648,52.616477966308594,0.0001,1000.0,2118.862060546875
342016,167,636,536,381,0.15376420454545456,0.8555647134780884,105.63510131835938,0.022479649633169174,-0.026505511889064855,0.026810825,0.2,8.52980847792192,46.54820251464844,0.0001,1000.0,2118.862060546875
344064,168,635,541,383,0.154296875,0.8743487596511841,97.42739868164062,0.02247949130833149,-0.03059089300222695,0.022697132,0.2,8.62595283985138,42.51877975463867,0.0001,1000.0,2096.7275390625
346112,169,636,544,386,0.18782552083333334,0.8871101140975952,87.05033365885417,0.022478803992271423,-0.017200074236219127,0.025309926,0.2,8.629357735315958,40.18572235107422,0.0001,1000.0,2096.7275390625
348160,170,636,547,388,0.17643229166666666,0.8878253102302551,55.072849909464516,0.02247813530266285,-0.026589544179538887,0.03399611,0.2,8.542595227559408,28.68197250366211,0.0001,1000.0,2096.7275390625
350208,171,636,550,391,0.1968315972222222,0.9278755187988281,37.99408255683051,0.02247733622789383,-0.010029098112782877,0.030521194,0.2,8.626342137654623,18.48236083984375,0.0001,1000.0,2096.7275390625
352256,172,635,554,395,0.17103794642857142,0.9221654534339905,42.49150548662458,0.022476399317383766,-0.02597862309111016,0.033145696,0.2,8.630422728402275,17.971248626708984,0.0001,1000.0,2099.4091796875
354304,173,635,557,397,0.18247767857142858,0.9027538895606995,49.40972791399275,0.02247568964958191,-0.027391658164560795,0.02701363,0.2,8.548683847699847,26.20631980895996,0.0001,1000.0,2099.4091796875
356352,174,635,560,399,0.21205357142857142,0.9561610221862793,32.74628339494978,0.02247491292655468,-0.013430049709443535,0.027225291,0.2,8.595433643886022,16.135725021362305,0.0001,1000.0,2099.4091796875
358400,175,635,563,401,0.20947265625,0.958795428276062,30.512726068496704,0.02247408963739872,-0.019165924517437816,0.027745735,0.2,8.564126968383789,15.428229331970215,0.0001,1000.0,2099.4091796875
360448,176,634,567,404,0.2064453125,0.9524894952774048,37.33272514343262,0.022473566234111786,-0.008980327378958463,0.030341972,0.2,8.536138916015625,16.96990966796875,0.0001,1000.0,2096.93896484375
362496,177,635,570,407,0.1421440972222222,0.9108956456184387,57.55150180392795,0.022473597899079323,-0.021588596877538495,0.03152048,0.2,8.54029729631212,30.1508846282959,0.0001,1000.0,2096.93896484375
364544,178,635,573,409,0.15764508928571427,0.5319685339927673,60.10259028843471,0.02247387170791626,-0.019623903241673752,0.022474112,0.2,8.506806918552943,27.730609893798828,0.0001,1000.0,2096.93896484375
366592,179,635,576,411,0.19791666666666666,0.4071809649467468,64.64142926534016,0.022474100813269615,-0.02093773428350687,0.031044755,0.2,8.446641445159912,36.33512496948242,0.0001,1000.0,2096.93896484375
368640,180,634,581,413,0.201171875,0.42903798818588257,74.42370300292968,0.02247416414320469,-0.022628853004425763,0.044485368,0.2,8.451407051086425,35.452857971191406,0.0001,1000.0,2081.76318359375
370688,181,634,584,415,0.17327008928571427,0.7483747005462646,57.137620653424946,0.022473756223917007,-0.0165012940498335,0.023893898,0.2,8.49535437992641,29.083755493164062,0.0001,1000.0,2081.76318359375
372736,182,634,587,417,0.197021484375,0.9254590272903442,33.50953960418701,0.02247335948050022,-0.009926365193678066,0.023202071,0.2,8.565845847129822,15.002224922180176,0.0001,1000.0,2081.76318359375
374784,183,635,589,419,0.16964285714285715,0.9300497770309448,35.26454653058733,0.022472865879535675,-0.02860331678363894,0.023676181,0.2,8.488588196890694,15.966289520263672,0.0001,1000.0,2081.76318359375
376832,184,634,594,421,0.17522321428571427,0.9218440651893616,34.62540980747768,0.022472145035862923,-0.010714304067992739,0.023078099,0.2,8.558120591299874,17.600208282470703,0.0001,1000.0,2074.327392578125
378880,185,634,596,424,0.17317708333333334,0.8413861989974976,93.61465199788411,0.02247125655412674,-0.02183607831183407,0.034782115,0.2,8.539818233913845,49.804954528808594,0.0001,1000.0,2074.327392578125
380928,186,635,599,426,0.173095703125,0.8962599635124207,90.19420433044434,0.022471008822321892,-0.024260076228529215,0.021896414,0.2,8.459259986877441,44.170562744140625,0.0001,1000.0,2074.327392578125
382976,187,635,602,428,0.17717633928571427,0.8791071772575378,108.14977264404297,0.022470703348517418,-0.026479947547029172,0.025142336,0.2,8.56049292428153,53.612979888916016,0.0001,1000.0,2074.327392578125
385024,188,635,606,430,0.19140625,0.8915234208106995,91.16767501831055,0.02247037924826145,-0.020749462069943547,0.026313892,0.2,8.572774410247803,42.290130615234375,0.0001,1000.0,2066.33642578125
387072,189,635,608,432,0.1767578125,0.8704193830490112,81.06871700286865,0.02247045561671257,-0.024363274220377207,0.024948917,0.2,8.454852223396301,39.48915481567383,0.0001,1000.0,2066.33642578125
389120,190,636,611,435,0.20703125,0.8276607394218445,47.56380844116211,0.022470766678452492,-0.015674112121235918,0.028499017,0.2,8.568796504627574,25.62769317626953,0.0001,1000.0,2066.33642578125
391168,191,636,614,437,0.13755580357142858,0.8716762065887451,43.41778073992048,0.022470952942967415,-0.02791095431894064,0.021293506,0.2,8.540980339050293,20.7181396484375,0.0001,1000.0,2066.33642578125
393216,192,636,617,439,0.16455078125,0.8713776469230652,38.17868137359619,0.022470932453870773,-0.01859348319703713,0.021678243,0.2,8.441036105155945,18.439144134521484,0.0001,1000.0,2047.39892578125
395264,193,637,620,442,0.18098958333333334,0.8146882057189941,73.02269426981609,0.02247062884271145,-0.017221841573094327,0.026843566,0.2,8.55801010131836,34.91122817993164,0.0001,1000.0,2047.39892578125
397312,194,637,623,445,0.1430121527777778,0.7837781310081482,114.22920650906033,0.022470632568001747,-0.0232105713027219,0.033808187,0.2,8.572962125142416,54.04707717895508,0.0001,1000.0,2047.39892578125
399360,195,638,625,448,0.15625,0.8091416954994202,99.63392893473308,0.022470390424132347,-0.021164723827193182,0.032357417,0.2,8.469065348307291,51.68681335449219,0.0001,1000.0,2047.39892578125
401408,196,637,629,451,0.142578125,0.7889828681945801,126.13162061903212,0.02247004397213459,-0.022073714579972956,0.030012168,0.2,8.541769769456652,59.28786087036133,0.0001,1000.0,2042.1700439453125
403456,197,638,632,454,0.1802734375,0.8532760143280029,64.39751777648925,0.022469665855169296,-0.023389813676476478,0.031164572,0.2,8.527452945709229,30.64185333251953,0.0001,1000.0,2042.1700439453125
405504,198,638,634,456,0.1572265625,0.9085268974304199,39.5234120686849,0.022469110786914825,-0.016225870543469984,0.025407191,0.2,8.48872423171997,19.810348510742188,0.0001,1000.0,2042.1700439453125
407552,199,639,637,458,0.185546875,0.9062432050704956,38.25295748029436,0.022468410432338715,-0.020828046835958958,0.02884907,0.2,8.509892327444893,20.915512084960938,0.0001,1000.0,2042.1700439453125
409600,200,638,641,461,0.1912109375,0.8833760619163513,47.62702407836914,0.022467292845249176,-0.015132109541445971,0.030204458,0.2,8.508399963378906,25.841472625732422,0.0001,1000.0,2022.96533203125
411648,201,638,644,463,0.17154947916666666,0.9262546300888062,46.11621920267741,0.022466784343123436,-0.020928920557101566,0.028672418,0.2,8.452298323313395,22.36672019958496,0.0001,1000.0,2022.96533203125
413696,202,639,647,465,0.18331473214285715,0.9442645311355591,34.48643003191267,0.0224660262465477,-0.024805192702582905,0.028053792,0.2,8.478625297546387,15.677006721496582,0.0001,1000.0,2022.96533203125
415744,203,639,649,467,0.15885416666666666,0.932700514793396,45.966495513916016,0.022465521469712257,-0.013408771095176538,0.026637701,0.2,8.497409343719482,21.882766723632812,0.0001,1000.0,2022.96533203125
417792,204,639,653,469,0.1728515625,0.9317602515220642,49.401474475860596,0.022465042769908905,-0.014505101600661874,0.020974878,0.2,8.472789645195007,25.336509704589844,0.0001,1000.0,2012.6722412109375
419840,205,639,656,471,0.130615234375,0.9162246584892273,63.471654415130615,0.022464493289589882,-0.022521851933561265,0.02135008,0.2,8.423381447792053,30.18708610534668,0.0001,1000.0,2012.6722412109375
421888,206,640,659,473,0.188232421875,0.9407382607460022,49.33535194396973,0.0224639642983675,-0.027979292790405452,0.025239313,0.2,8.458792924880981,24.634199142456055,0.0001,1000.0,2012.6722412109375
423936,207,640,661,475,0.19363839285714285,0.9400472640991211,45.94175284249442,0.022463498637080193,-0.021436439560992376,0.02953972,0.2,8.49335275377546,22.316301345825195,0.0001,1000.0,2012.6722412109375
425984,208,640,665,477,0.188720703125,0.9437493085861206,42.2896842956543,0.022462643682956696,-0.022941731149330735,0.02651576,0.2,8.416826248168945,21.71424102783203,0.0001,1000.0,2008.584716796875
428032,209,640,668,480,0.1987847222222222,0.8654720783233643,89.73341200086806,0.02246168442070484,-0.009772867352391282,0.03290861,0.2,8.506104681226942,46.307064056396484,0.0001,1000.0,2008.584716796875
430080,210,641,670,484,0.19110576923076922,0.8439394235610962,98.02208592341496,0.022460537031292915,-0.02516107223569774,0.030647483,0.2,8.542131423950195,44.63309097290039,0.0001,1000.0,2008.584716796875
432128,211,640,674,486,0.170654296875,0.8820421099662781,69.91208362579346,0.022459866479039192,-0.021714655606047017,0.023371086,0.2,8.435829281806946,35.5931282043457,0.0001,1000.0,1989.119384765625
434176,212,641,677,489,0.1953125,0.893222451210022,76.68643951416016,0.022459236904978752,-0.021021234492460888,0.031576086,0.2,8.543727980719673,33.40153503417969,0.0001,1000.0,1989.119384765625
436224,213,641,679,494,0.22254774305555555,0.9069382548332214,48.10481961568197,0.022458739578723907,-0.019568863997442856,0.027514663,0.2,8.490730497572157,24.859968185424805,0.0001,1000.0,1989.119384765625
438272,214,641,683,498,0.21106770833333333,0.9106947779655457,44.16292266845703,0.022457890212535858,-0.03269084189087153,0.029387528,0.2,8.360549481709798,19.529769897460938,0.0001,1000.0,1989.119384765625
440320,215,640,687,500,0.1875,0.9066808223724365,39.6430288042341,0.02245716005563736,-0.025134405520345484,0.029378394,0.2,8.482411793300084,18.37169647216797,0.0001,1000.0,1981.9658203125
442368,216,640,690,502,0.18247767857142858,0.9090061187744141,45.12104688371931,0.022456763312220573,-0.019699483178555965,0.024321577,0.2,8.45268998827253,20.304548263549805,0.0001,1000.0,1981.9658203125
444416,217,640,694,504,0.157470703125,0.962192952632904,32.48004198074341,0.02245662361383438,-0.019735980255063623,0.021823976,0.2,8.42750370502472,15.041449546813965,0.0001,1000.0,1981.9658203125
446464,218,640,697,506,0.19001116071428573,0.9596483707427979,35.219889232090544,0.022456426173448563,-0.016775538280074085,0.027042383,0.2,8.498136520385742,16.534528732299805,0.0001,1000.0,1981.9658203125
448512,219,639,701,509,0.17317708333333334,0.9580294489860535,32.61203744676378,0.022455964237451553,-0.019046116516821913,0.03280059,0.2,8.500444836086697,14.432525634765625,0.0001,1000.0,1978.79443359375
450560,220,639,704,511,0.213671875,0.9482370615005493,39.10529479980469,0.0224554855376482,-0.02274796012789011,0.04027209,0.2,8.403414154052735,18.208223342895508,0.0001,1000.0,1978.79443359375
452608,221,639,707,513,0.195703125,0.9450235366821289,33.631167602539065,0.02245485410094261,-0.02549753300845623,0.042611286,0.2,8.486899948120117,16.31685447692871,0.0001,1000.0,1978.79443359375
454656,222,640,710,515,0.17154947916666666,0.9399442076683044,40.155500411987305,0.02245425432920456,-0.011148699248830477,0.025505045,0.2,8.502268473307291,19.551794052124023,0.0001,1000.0,1978.79443359375
456704,223,639,714,517,0.14704241071428573,0.9434012174606323,35.411299569266184,0.022453755140304565,-0.016339253700737442,0.022845445,0.2,8.462962014334542,17.476736068725586,0.0001,1000.0,1979.8359375
458752,224,639,717,519,0.1904296875,0.9047704935073853,51.85572862625122,0.022453548386693,-0.011175270308740437,0.026402783,0.2,8.519120812416077,23.966524124145508,0.0001,1000.0,1979.8359375
460800,225,639,720,522,0.1732421875,0.8907665014266968,48.884286880493164,0.022453438490629196,-0.019611639878712596,0.032829706,0.2,8.534958744049073,23.50287437438965,0.0001,1000.0,1979.8359375
462848,226,639,723,524,0.17131696428571427,0.8938261270523071,37.46406064714704,0.022453367710113525,-0.025745585660583208,0.027027065,0.2,8.484552655901227,17.194141387939453,0.0001,1000.0,1979.8359375
464896,227,638,727,526,0.171875,0.8992331027984619,36.160793940226235,0.022453341633081436,-0.011536732393627366,0.026994541,0.2,8.453349272410074,16.54948616027832,0.0001,1000.0,1984.121826171875
466944,228,638,731,528,0.17494419642857142,0.9284218549728394,42.745482853480745,0.022453347221016884,-0.013183430835072483,0.024952233,0.2,8.441052845546178,21.3255672454834,0.0001,1000.0,1984.121826171875
468992,229,638,734,530,0.16552734375,0.9442818760871887,37.405231952667236,0.02245330810546875,-0.019749806553591043,0.024571612,0.2,8.394070863723755,18.87630271911621,0.0001,1000.0,1984.121826171875
471040,230,638,737,532,0.16155133928571427,0.9118228554725647,46.849722726004465,0.022452952340245247,-0.017882094319377626,0.023472885,0.2,8.3572632925851,22.61717414855957,0.0001,1000.0,1984.121826171875
473088,231,637,741,534,0.193359375,0.9312768578529358,43.294664655412944,0.022452307865023613,-0.027001487157706703,0.026941419,0.2,8.377422196524483,20.931747436523438,0.0001,1000.0,1978.5400390625
475136,232,637,744,537,0.2033203125,0.8713867664337158,73.82969512939454,0.022451698780059814,-0.020528386463411152,0.03366366,0.2,8.462886905670166,37.54015350341797,0.0001,1000.0,1978.5400390625
477184,233,637,748,540,0.14952256944444445,0.744512677192688,123.7183329264323,0.022451264783740044,-0.024982176617615752,0.03054048,0.2,8.425019264221191,55.172393798828125,0.0001,1000.0,1978.5400390625
479232,234,638,751,543,0.16145833333333334,0.707077145576477,118.90481821695964,0.022451307624578476,-0.024617149184147518,0.03463719,0.2,8.487558682759603,62.225154876708984,0.0001,1000.0,1978.5400390625
481280,235,637,755,545,0.19503348214285715,0.8698270916938782,70.08905029296875,0.022451328113675117,-0.034589779895863364,0.030125909,0.2,8.502452169145856,33.35440444946289,0.0001,1000.0,1985.9017333984375
483328,236,637,758,547,0.19873046875,0.9222544431686401,50.728318214416504,0.022450990974903107,-0.016021697636460885,0.024135128,0.2,8.34654951095581,26.095731735229492,0.0001,1000.0,1985.9017333984375
485376,237,637,761,549,0.15178571428571427,0.9361717700958252,44.72752707345145,0.022450676187872887,-0.021507258660026958,0.022984445,0.2,8.428555352347237,22.239675521850586,0.0001,1000.0,1985.9017333984375
487424,238,638,763,551,0.15755208333333334,0.9470441341400146,38.255288441975914,0.02245051972568035,-0.021230677763621014,0.02647327,0.2,8.423558712005615,20.101961135864258,0.0001,1000.0,1985.9017333984375
489472,239,637,768,553,0.21400669642857142,0.9354733824729919,49.26536614554269,0.02245035581290722,-0.02172933572104999,0.02901127,0.2,8.31806686946324,21.72649383544922,0.0001,1000.0,1960.13427734375
491520,240,637,771,555,0.16861979166666666,0.9087826013565063,41.684352238972984,0.022450149059295654,-0.022526780764261883,0.027233206,0.2,8.386555512746176,20.8460750579834,0.0001,1000.0,1960.13427734375
493568,241,637,773,557,0.19252232142857142,0.9151313900947571,34.3593760899135,0.022449897602200508,-0.012303171745900596,0.024172507,0.2,8.407240322657994,16.26741600036621,0.0001,1000.0,1960.13427734375
495616,242,638,776,560,0.1799045138888889,0.9111895561218262,32.961407555474175,0.02244938537478447,-0.02483729671479927,0.03769908,0.2,8.2799989912245,16.351282119750977,0.0001,1000.0,1960.13427734375
497664,243,637,780,562,0.15318080357142858,0.9092152118682861,33.889508383614675,0.022448936477303505,-0.016057748081428663,0.023965204,0.2,8.326454298836845,16.991832733154297,0.0001,1000.0,1940.567138671875
499712,244,638,783,564,0.169921875,0.9022114872932434,51.40158026559012,0.022448677569627762,-0.013134926690586976,0.024150157,0.2,8.413180215018135,26.631816864013672,0.0001,1000.0,1940.567138671875
501760,245,638,785,566,0.180908203125,0.8997713327407837,50.60505390167236,0.02244836464524269,-0.021616655139951035,0.022978539,0.2,8.306673765182495,27.550613403320312,0.0001,1000.0,1940.567138671875
503808,246,639,788,568,0.159765625,0.902080774307251,44.274472045898435,0.022448142990469933,-0.02140005733817816,0.030302534,0.2,8.347316932678222,21.35590934753418,0.0001,1000.0,1940.567138671875
505856,247,638,792,570,0.17857142857142858,0.9362343549728394,33.48231015886579,0.022447746247053146,-0.02044023180912648,0.027405811,0.2,8.32753576551165,16.470138549804688,0.0001,1000.0,1970.262939453125
507904,248,638,795,572,0.19252232142857142,0.9377145767211914,42.34700502668108,0.02244696579873562,-0.025356826605275273,0.031001499,0.2,8.246661186218262,18.457740783691406,0.0001,1000.0,1970.262939453125
509952,249,638,798,574,0.17354910714285715,0.9370545744895935,42.89406749180385,0.022446172311902046,-0.015409903334719794,0.023517385,0.2,8.299553053719658,20.240489959716797,0.0001,1000.0,1970.262939453125
512000,250,638,801,576,0.158203125,0.9262655377388,46.02682749430338,0.02244555950164795,-0.017970440598825615,0.02735883,0.2,8.299493630727133,21.175804138183594,0.0001,1000.0,1963.5927734375
514048,251,638,804,578,0.18798828125,0.943014919757843,41.361571311950684,0.02244490757584572,-0.019235117360949516,0.023255866,0.2,8.2842937707901,20.27748680114746,0.0001,1000.0,1963.5927734375
516096,252,639,807,583,0.22707648026315788,0.9085836410522461,76.29287840190686,0.022444363683462143,-0.016595781094541674,0.029218642,0.2,8.243492327238384,34.177467346191406,0.0001,1000.0,1963.5927734375
518144,253,639,809,586,0.1615234375,0.9166675209999084,78.73969497680665,0.022444020956754684,-0.03131852662190795,0.03298078,0.2,8.269351196289062,35.37730407714844,0.0001,1000.0,1963.5927734375
520192,254,639,813,589,0.1603515625,0.9250157475471497,62.218953704833986,0.022443151101469994,-0.021178122982382773,0.029818224,0.2,8.276701545715332,29.392261505126953,0.0001,1000.0,1950.4627685546875
522240,255,639,816,593,0.21414620535714285,0.9303382039070129,70.17897142682757,0.022442085668444633,-0.021015821922836558,0.029714126,0.2,8.189136368887764,32.08772659301758,0.0001,1000.0,1950.4627685546875
524288,256,639,819,595,0.18805803571428573,0.9276511669158936,50.92914744785854,0.02244170382618904,-0.023147030600479672,0.027603792,0.2,8.253725596836635,25.594867706298828,0.0001,1000.0,1950.4627685546875
526336,257,640,821,597,0.158203125,0.9251867532730103,48.94728914896647,0.02244134619832039,-0.02055597227687637,0.025988614,0.2,8.301466782887777,24.04049301147461,0.0001,1000.0,1950.4627685546875
528384,258,639,825,599,0.18136160714285715,0.8959680795669556,64.8545902797154,0.022440990433096886,-0.01794638697590147,0.025404647,0.2,8.161699295043945,31.940893173217773,0.0001,1000.0,1936.5623779296875
530432,259,640,828,601,0.1796875,0.9098333120346069,52.638789653778076,0.022440722212195396,-0.02481158856971888,0.02287465,0.2,8.193296670913696,29.22460174560547,0.0001,1000.0,1936.5623779296875
532480,260,640,831,603,0.158935546875,0.8918849229812622,35.33777904510498,0.02244051732122898,-0.016158522077603266,0.022320822,0.2,8.233519196510315,17.35074234008789,0.0001,1000.0,1936.5623779296875
534528,261,641,833,605,0.142578125,0.9006195068359375,35.685001373291016,0.022440141066908836,-0.02264541434124112,0.024486387,0.2,8.106324354807535,17.571866989135742,0.0001,1000.0,1936.5623779296875
536576,262,640,837,607,0.1767578125,0.8754881024360657,34.99990129470825,0.022439826279878616,-0.01646079428610392,0.023682874,0.2,8.170792698860168,17.31993293762207,0.0001,1000.0,1957.0972900390625
538624,263,640,840,609,0.16015625,0.8929999470710754,37.844091796875,0.02243959531188011,-0.02269774628803134,0.034617316,0.2,8.168635940551757,17.417587280273438,0.0001,1000.0,1957.0972900390625
540672,264,641,842,611,0.166015625,0.9499794244766235,53.03594462076823,0.022439295426011086,0.0017511839978396893,0.027353555,0.2,8.056248188018799,23.270383834838867,0.0001,1000.0,1957.0972900390625
542720,265,641,845,614,0.1953125,0.9609256386756897,30.002354621887207,0.022438714280724525,-0.023421562928706407,0.028537422,0.2,8.152817821502685,13.611136436462402,0.0001,1000.0,1957.0972900390625
544768,266,641,849,617,0.21158854166666666,0.946702241897583,42.78438017103407,0.02243802137672901,-0.028389460355457332,0.043208513,0.2,8.206133206685385,20.43242073059082,0.0001,1000.0,1964.0625
546816,267,641,852,619,0.16484375,0.935137152671814,35.24904556274414,0.022437572479248047,-0.02685777060687542,0.032680098,0.2,8.073685836791991,16.313562393188477,0.0001,1000.0,1964.0625
548864,268,642,854,621,0.205078125,0.9327884912490845,30.88090642293294,0.02243722788989544,-0.01638373111685117,0.031143166,0.2,8.150600910186768,15.408746719360352,0.0001,1000.0,1964.0625
550912,269,642,857,623,0.17903645833333334,0.9149972796440125,40.40354347229004,0.022437024861574173,-0.011619257895896832,0.029736515,0.2,8.193308035532633,20.50136375427246,0.0001,1000.0,1964.0625
552960,270,642,861,625,0.194580078125,0.9370826482772827,30.803744316101074,0.022436514496803284,-0.021425329730845988,0.026913201,0.2,8.077937185764313,14.175217628479004,0.0001,1000.0,1941.8408203125
555008,271,642,864,628,0.1957465277777778,0.8943286538124084,69.66138246324327,0.02243587002158165,-0.011026227588040961,0.033825472,0.2,8.141049067179361,35.28837966918945,0.0001,1000.0,1941.8408203125
557056,272,642,867,630,0.158447265625,0.9161425232887268,79.75608348846436,0.022435273975133896,-0.024218163947807625,0.022757083,0.2,8.15591835975647,37.975589752197266,0.0001,1000.0,1941.8408203125
559104,273,642,869,632,0.17822265625,0.9195160269737244,76.44186782836914,0.022434739395976067,-0.021706160623580217,0.024042713,0.2,8.104407548904419,39.73033142089844,0.0001,1000.0,1941.8408203125
561152,274,641,874,634,0.151611328125,0.9162686467170715,91.84251976013184,0.02243453450500965,-0.012623716873349622,0.019720083,0.2,8.116408824920654,48.70967102050781,0.0001,1000.0,1923.714111328125
563200,275,641,877,636,0.19056919642857142,0.9316456317901611,58.05459812709263,0.022434279322624207,-0.028594651658620154,0.02587725,0.2,8.116811207362584,32.86039352416992,0.0001,1000.0,1923.714111328125
565248,276,641,880,638,0.17857142857142858,0.9389437437057495,35.575220925467356,0.022434018552303314,-0.02244564611464739,0.02672127,0.2,8.045813696725029,17.034488677978516,0.0001,1000.0,1923.714111328125
567296,277,641,883,640,0.17578125,0.9304887056350708,39.52464993794759,0.022433573380112648,-0.022664822948475678,0.030247599,0.2,8.024158875147501,19.518585205078125,0.0001,1000.0,1923.714111328125
569344,278,641,887,643,0.2140625,0.9474774599075317,28.096297454833984,0.02243257313966751,-0.01656229542568326,0.033392444,0.2,8.05206069946289,12.669872283935547,0.0001,1000.0,1922.67822265625
571392,279,641,890,646,0.19618055555555555,0.8927248120307922,56.03411738077799,0.022431952878832817,-0.01997239533294406,0.03212905,0.2,8.064426051245796,27.649927139282227,0.0001,1000.0,1922.67822265625
573440,280,641,893,649,0.1734375,0.9316525459289551,39.24926605224609,0.02243153005838394,-0.02095965309999883,0.030728819,0.2,7.973613452911377,17.014175415039062,0.0001,1000.0,1922.67822265625
575488,281,641,896,651,0.16927083333333334,0.9148249626159668,39.52641677856445,0.022431213408708572,-0.02521794002192716,0.029503468,0.2,8.04980738957723,20.203628540039062,0.0001,1000.0,1922.67822265625
577536,282,640,901,653,0.1787109375,0.9268018007278442,41.448060035705566,0.022430917248129845,-0.011684203462209553,0.023061614,0.2,8.053360223770142,20.02849006652832,0.0001,1000.0,1917.175048828125
579584,283,640,904,655,0.17885044642857142,0.9018515944480896,40.37012481689453,0.02243047021329403,-0.026320073221411024,0.026964426,0.2,7.916341917855399,19.082138061523438,0.0001,1000.0,1917.175048828125
581632,284,640,907,657,0.18977864583333334,0.9034740924835205,36.00137138366699,0.022430043667554855,-0.0215909054580455,0.028221017,0.2,7.99136479695638,17.295547485351562,0.0001,1000.0,1917.175048828125
583680,285,640,910,660,0.20789930555555555,0.9299503564834595,32.40574582417806,0.02242916077375412,-0.01687033324398928,0.036290236,0.2,8.042132907443577,16.044397354125977,0.0001,1000.0,1917.175048828125
585728,286,640,915,662,0.1650390625,0.9155963063240051,30.70458984375,0.02242867834866047,-0.017855613802870113,0.032735232,0.2,7.942586660385132,15.576902389526367,0.0001,1000.0,1928.5557861328125
587776,287,640,918,664,0.17131696428571427,0.7937804460525513,129.93609401157923,0.02242829091846943,-0.004484929310690079,0.023620069,0.2,8.02538469859532,59.34549331665039,0.0001,1000.0,1928.5557861328125
589824,288,640,921,668,0.19405691964285715,0.803007960319519,111.80698830740792,0.022427596151828766,-0.023158313540209616,0.030713554,0.2,8.0914705821446,51.130428314208984,0.0001,1000.0,1928.5557861328125
591872,289,640,924,671,0.1630859375,0.7653909921646118,164.92088775634767,0.02242714911699295,-0.024106497503817083,0.03142651,0.2,7.958920049667358,73.42166900634766,0.0001,1000.0,1928.5557861328125
593920,290,639,928,674,0.179296875,0.8202401995658875,114.32688751220704,0.02242668904364109,-0.028685468574985863,0.03197307,0.2,8.015375089645385,54.795928955078125,0.0001,1000.0,1903.2147216796875
595968,291,639,931,677,0.19158380681818182,0.8919596672058105,59.213849154385656,0.02242651768028736,-0.022554224653338843,0.028592885,0.2,8.018976775082676,27.48703384399414,0.0001,1000.0,1903.2147216796875
598016,292,639,934,679,0.155517578125,0.9352715015411377,38.957892417907715,0.022426368668675423,-0.021544736402574927,0.021046083,0.2,7.924152314662933,21.982662200927734,0.0001,1000.0,1903.2147216796875
600064,293,638,939,681,0.11969866071428571,0.937776505947113,38.72587094988142,0.0224259402602911,-0.01535076049289533,0.018253233,0.2,7.956405094691685,18.513715744018555,0.0001,1000.0,1857.4425048828125
602112,294,638,942,683,0.15266927083333334,0.9403386116027832,36.9402707417806,0.022425297647714615,-0.01969891934034725,0.02581323,0.2,8.026981830596924,19.621665954589844,0.0001,1000.0,1857.4425048828125
604160,295,639,945,685,0.189453125,0.8890523314476013,102.13111877441406,0.02242469973862171,-0.030618224292993546,0.035739675,0.2,7.977357069651286,50.10215759277344,0.0001,1000.0,1857.4425048828125
606208,296,639,948,687,0.17220052083333334,0.9291797280311584,63.084309895833336,0.02242419309914112,-0.019247427582740784,0.03063724,0.2,7.9695234298706055,32.428524017333984,0.0001,1000.0,1857.4425048828125
608256,297,638,952,689,0.14290364583333334,0.9180520176887512,70.46699396769206,0.02242383360862732,-0.01515167144437631,0.026882093,0.2,7.989997943242391,33.82003402709961,0.0001,1000.0,1840.5618896484375
610304,298,639,954,691,0.21958705357142858,0.9294787645339966,61.53338623046875,0.022423453629016876,-0.02171471282573683,0.03230847,0.2,7.9499326433454245,30.46656036376953,0.0001,1000.0,1840.5618896484375
612352,299,639,957,694,0.19779829545454544,0.9315128326416016,38.68605353615501,0.022423194721341133,-0.015542948682030494,0.02824834,0.2,7.902126312255859,19.247713088989258,0.0001,1000.0,1840.5618896484375
614400,300,639,960,697,0.151953125,0.9258393049240112,35.59135437011719,0.022423267364501953,-0.0209589752368629,0.027575262,0.2,7.911637926101685,17.281864166259766,0.0001,1000.0,1840.5618896484375
616448,301,639,963,700,0.1755642361111111,0.9307513236999512,33.363822513156464,0.022422967478632927,-0.026940790936350822,0.0397037,0.2,7.897712071736653,15.490212440490723,0.0001,1000.0,1842.2713623046875
618496,302,639,966,702,0.181640625,0.913809061050415,45.87791388375418,0.022422198206186295,-0.018925927379833802,0.025716608,0.2,7.847210271017892,25.16352081298828,0.0001,1000.0,1842.2713623046875
620544,303,640,969,704,0.17350260416666666,0.9391049146652222,43.29017321268717,0.02242160215973854,-0.021540137939155102,0.028348166,0.2,7.929734706878662,22.082284927368164,0.0001,1000.0,1842.2713623046875
622592,304,640,971,706,0.16927083333333334,0.9240631461143494,42.87413469950358,0.02242112159729004,-0.018847509908179443,0.027025253,0.2,7.918932358423869,21.2780818939209,0.0001,1000.0,1842.2713623046875
624640,305,639,976,708,0.18798828125,0.9260526299476624,46.96946144104004,0.022420432418584824,-0.009715013031382114,0.024628885,0.2,7.833301424980164,24.456069946289062,0.0001,1000.0,1826.2939453125
626688,306,640,978,710,0.12239583333333333,0.9331437945365906,52.64790598551432,0.02242012694478035,-0.02183533910041054,0.023800887,0.2,7.929923931757609,26.163772583007812,0.0001,1000.0,1826.2939453125
628736,307,640,981,712,0.2197265625,0.8513901233673096,78.55008029937744,0.022419828921556473,-0.008829500759020448,0.02874012,0.2,8.027222275733948,40.2175178527832,0.0001,1000.0,1826.2939453125
630784,308,640,984,715,0.15516493055555555,0.8830077052116394,64.50232145521376,0.02241922728717327,-0.020583084939668577,0.0337624,0.2,7.886880185869005,32.1276969909668,0.0001,1000.0,1826.2939453125
632832,309,640,988,717,0.17522321428571427,0.8893715143203735,59.41461345127651,0.022418655455112457,-0.019173945566373213,0.025157323,0.2,7.987379687173026,31.07395362854004,0.0001,1000.0,1819.281982421875
634880,310,640,990,719,0.166259765625,0.8525485992431641,85.68841743469238,0.022418277338147163,-0.018760408041998744,0.021455266,0.2,8.002464950084686,43.89442825317383,0.0001,1000.0,1819.281982421875
636928,311,641,993,722,0.14952256944444445,0.9227875471115112,37.599115159776474,0.02241775579750538,-0.024534909209857386,0.030379854,0.2,7.828378571404351,17.895212173461914,0.0001,1000.0,1819.281982421875
638976,312,641,996,724,0.16764322916666666,0.8946340680122375,47.37072245279948,0.022417329251766205,-0.031036075825492542,0.028336953,0.2,7.896447499593099,23.015705108642578,0.0001,1000.0,1819.281982421875
641024,313,640,1000,726,0.17734375,0.8507000207901001,55.23203964233399,0.02241688035428524,-0.018699797987937927,0.0381815,0.2,7.916588211059571,25.284130096435547,0.0001,1000.0,1810.4720458984375
643072,314,640,1003,728,0.1796875,0.9247462153434753,45.93894386291504,0.0224164891988039,-0.018854525483523805,0.031898282,0.2,7.7408976554870605,22.20459747314453,0.0001,1000.0,1810.4720458984375
645120,315,641,1006,730,0.17885044642857142,0.912994384765625,40.750418526785715,0.02241605333983898,-0.01981456923697676,0.022488466,0.2,7.762590067727225,17.964548110961914,0.0001,1000.0,1810.4720458984375
647168,316,641,1008,732,0.20703125,0.8243919014930725,60.868578592936196,0.0224156454205513,-0.027079806042214234,0.03737039,0.2,7.804693380991618,29.849273681640625,0.0001,1000.0,1810.4720458984375
649216,317,640,1013,734,0.18131510416666666,0.9024404287338257,38.03816223144531,0.022415168583393097,-0.02444011066108942,0.03122512,0.2,7.659281492233276,18.417587280273438,0.0001,1000.0,1781.1259765625
651264,318,640,1016,736,0.18391927083333334,0.7499648332595825,97.59745025634766,0.0224147941917181,-0.008402516832575202,0.030449912,0.2,7.704406340916951,45.362545013427734,0.0001,1000.0,1781.1259765625
653312,319,640,1019,738,0.165771484375,0.7596163153648376,92.9929084777832,0.022414347156882286,-0.024114565108902752,0.023591392,0.2,7.752860724925995,49.59572982788086,0.0001,1000.0,1781.1259765625
655360,320,640,1022,740,0.169140625,0.8173052072525024,71.5849853515625,0.022414062172174454,-0.03136437684297562,0.03258459,0.2,7.651699066162109,35.09960174560547,0.0001,1000.0,1781.1259765625
657408,321,640,1026,742,0.17903645833333334,0.831426739692688,71.32695770263672,0.0224139466881752,-0.012037952120105425,0.027329115,0.2,7.659657637278239,34.253517150878906,0.0001,1000.0,1746.6265869140625
659456,322,640,1030,744,0.1787109375,0.7264143228530884,64.00937843322754,0.022413702681660652,-0.025158559903502464,0.030610602,0.2,7.771856784820557,32.88755798339844,0.0001,1000.0,1746.6265869140625
661504,323,640,1033,746,0.19893973214285715,0.697796106338501,46.8896598815918,0.022413218393921852,-0.012216608771788222,0.028474173,0.2,7.7019854954310825,20.33798599243164,0.0001,1000.0,1746.6265869140625
663552,324,640,1036,748,0.19447544642857142,0.5690983533859253,41.95843778337751,0.022412389516830444,-0.0257248859187322,0.02884304,0.2,7.674957207271031,21.929723739624023,0.0001,1000.0,1746.6265869140625
665600,325,639,1040,750,0.17159598214285715,0.5894300937652588,53.04497691563198,0.022411378100514412,-0.023011116976184503,0.026053214,0.2,7.731610911233084,25.727243423461914,0.0001,1000.0,1748.32861328125
667648,326,639,1044,754,0.24684495192307693,0.745381772518158,60.83250397902269,0.02241007424890995,-0.011667310940818144,0.03380503,0.2,7.6985321411719685,27.971391677856445,0.0001,1000.0,1748.32861328125
669696,327,638,1048,756,0.171142578125,0.8032985329627991,49.26124143600464,0.022409657016396523,-0.015123675693757832,0.021817999,0.2,7.661439001560211,24.354549407958984,0.0001,1000.0,1748.32861328125
671744,328,639,1051,758,0.167578125,0.7961710691452026,54.14923629760742,0.02240949124097824,-0.021186158806085587,0.03311275,0.2,7.74781494140625,26.60707664489746,0.0001,1000.0,1748.32861328125
673792,329,638,1055,760,0.20833333333333334,0.8196735978126526,52.378937403361,0.022409213706851006,-0.013676881169279417,0.037654474,0.2,7.709263642628987,24.98927116394043,0.0001,1000.0,1739.578857421875
675840,330,638,1058,763,0.169921875,0.860791027545929,100.10873158772786,0.022408736869692802,-0.012666696372131506,0.0323755,0.2,7.6043697992960615,48.120361328125,0.0001,1000.0,1739.578857421875
677888,331,638,1061,765,0.166015625,0.9065766334533691,82.79566287994385,0.02240801230072975,-0.028157198918052018,0.020159148,0.2,7.688106298446655,41.17207336425781,0.0001,1000.0,1739.578857421875
679936,332,638,1064,768,0.15516493055555555,0.8976185917854309,82.28254954020183,0.02240724489092827,-0.023591091183738574,0.034554932,0.2,7.721460236443414,38.48259735107422,0.0001,1000.0,1739.578857421875
681984,333,638,1068,770,0.13671875,0.9218131899833679,64.35723622639973,0.022406965494155884,-0.025510362776306767,0.0269061,0.2,7.5703277587890625,30.63543701171875,0.0001,1000.0,1727.079833984375
684032,334,638,1071,772,0.197265625,0.8738403916358948,51.36956214904785,0.02240671217441559,-0.01876929433395465,0.0328362,0.2,7.6521750291188555,28.633981704711914,0.0001,1000.0,1727.079833984375
686080,335,638,1074,774,0.20284598214285715,0.8000314831733704,61.733167375837056,0.02240658551454544,-0.010885791586978095,0.02754875,0.2,7.659096309116909,30.664661407470703,0.0001,1000.0,1727.079833984375
688128,336,637,1079,776,0.1689453125,0.8902336359024048,41.77710485458374,0.02240659110248089,-0.02613864524755627,0.022191498,0.2,7.55890691280365,22.34552574157715,0.0001,1000.0,1693.0408935546875
690176,337,637,1082,778,0.197265625,0.8383224010467529,62.20358167375837,0.02240651100873947,-0.020961800922772715,0.027704919,0.2,7.624363149915423,32.355281829833984,0.0001,1000.0,1693.0408935546875
692224,338,637,1085,780,0.22712053571428573,0.9464326500892639,51.51384844098772,0.022405918687582016,-0.027733502111264637,0.034099225,0.2,7.639683723449707,21.50028419494629,0.0001,1000.0,1693.0408935546875
694272,339,638,1087,782,0.2099609375,0.950737714767456,42.996026039123535,0.02240544743835926,-0.02176914585288614,0.027042354,0.2,7.469114899635315,21.258535385131836,0.0001,1000.0,1693.0408935546875
696320,340,637,1091,784,0.18619791666666666,0.9652112722396851,32.80682118733724,0.022405054420232773,-0.02209572245677312,0.034897923,0.2,7.540021260579427,16.340927124023438,0.0001,1000.0,1705.336669921875
698368,341,638,1094,786,0.17550223214285715,0.9467222690582275,43.19962365286691,0.02240465208888054,-0.013260335262332643,0.02767153,0.2,7.600209712982178,20.303443908691406,0.0001,1000.0,1705.336669921875
700416,342,638,1097,788,0.207275390625,0.9186115264892578,48.833489418029785,0.022404024377465248,-0.01888681505806744,0.026581027,0.2,7.490578055381775,21.661415100097656,0.0001,1000.0,1705.336669921875
702464,343,638,1099,790,0.15206473214285715,0.8983628153800964,57.359169006347656,0.022403433918952942,-0.02122892885069762,0.02195744,0.2,7.574223041534424,30.463693618774414,0.0001,1000.0,1705.336669921875
704512,344,638,1103,792,0.1650390625,0.8973332047462463,44.12710905075073,0.022402657195925713,-0.017476975568570197,0.02337342,0.2,7.570922076702118,20.67374038696289,0.0001,1000.0,1706.2738037109375
706560,345,638,1106,794,0.13704427083333334,0.8608565926551819,71.02226003011067,0.022401945665478706,-0.017169546879207093,0.025201192,0.2,7.500184535980225,33.375144958496094,0.0001,1000.0,1706.2738037109375
708608,346,638,1109,797,0.191015625,0.7999733090400696,107.27026977539063,0.022400982677936554,-0.011251465696841479,0.029182525,0.2,7.540837907791138,51.91818618774414,0.0001,1000.0,1706.2738037109375
710656,347,638,1112,799,0.153076171875,0.8131560683250427,104.81340980529785,0.022400489076972008,-0.023757255054078996,0.02005848,0.2,7.589057266712189,51.71971130371094,0.0001,1000.0,1706.2738037109375
712704,348,638,1116,801,0.18191964285714285,0.8676072359085083,68.0776596069336,0.022400103509426117,-0.022196565488619462,0.025357822,0.2,7.532027517046247,32.42454528808594,0.0001,1000.0,1687.841552734375
714752,349,638,1118,803,0.195068359375,0.8721928596496582,57.14484453201294,0.02239973098039627,-0.024500919971615076,0.025374958,0.2,7.508005797863007,26.432764053344727,0.0001,1000.0,1687.841552734375
716800,350,639,1121,805,0.1396484375,0.8476585149765015,41.02357721328735,0.022399578243494034,-0.02121974530746229,0.019215193,0.2,7.526999115943909,19.18037223815918,0.0001,1000.0,1687.841552734375
718848,351,639,1124,808,0.190234375,0.859569251537323,35.82037544250488,0.022399459034204483,-0.017503119073808193,0.033006392,0.2,7.478653430938721,17.313671112060547,0.0001,1000.0,1687.841552734375
720896,352,639,1128,811,0.1625434027777778,0.8510420322418213,39.51182513766818,0.022398989647626877,-0.018687054825325806,0.031964034,0.2,7.438716464572483,20.92356300354004,0.0001,1000.0,1693.20947265625
722944,353,639,1131,813,0.18136160714285715,0.7996456027030945,59.961163657052175,0.02239837497472763,-0.013839712699076958,0.023919938,0.2,7.505028111594064,29.931407928466797,0.0001,1000.0,1693.20947265625
724992,354,639,1133,815,0.171875,0.8508390188217163,64.38949148995536,0.022397935390472412,-0.017625324028943266,0.02388563,0.2,7.5007283346993585,30.6053524017334,0.0001,1000.0,1693.20947265625
727040,355,639,1136,818,0.2017578125,0.8506272435188293,56.40535469055176,0.022397365421056747,-0.019296901300549507,0.030701295,0.2,7.429469394683838,27.268569946289062,0.0001,1000.0,1693.20947265625
729088,356,638,1141,821,0.19227430555555555,0.7995624542236328,73.01679229736328,0.022396739572286606,-0.02300572736809651,0.03518281,0.2,7.505802101559109,34.51298522949219,0.0001,1000.0,1681.5244140625
731136,357,639,1143,823,0.19475446428571427,0.8964747190475464,41.429391043526785,0.022396408021450043,-0.020205211559576646,0.02905555,0.2,7.534444808959961,21.1766300201416,0.0001,1000.0,1681.5244140625
733184,358,639,1146,825,0.19498697916666666,0.8768132925033569,29.167285919189453,0.022396255284547806,-0.019676986848935485,0.03788227,0.2,7.403080860773723,13.758426666259766,0.0001,1000.0,1681.5244140625
735232,359,639,1149,827,0.20345052083333334,0.9201859831809998,28.12171173095703,0.022396065294742584,-0.005370346829295158,0.028739102,0.2,7.479163249333699,13.124940872192383,0.0001,1000.0,1681.5244140625
737280,360,639,1153,829,0.165625,0.8995894193649292,26.1661434173584,0.022395692765712738,-0.021164497081190347,0.038905278,0.2,7.486978435516358,13.899892807006836,0.0001,1000.0,1656.7137451171875
739328,361,639,1156,831,0.179296875,0.8316966891288757,64.67144622802735,0.0223954189568758,-0.01589464507997036,0.034675,0.2,7.388892459869385,31.020252227783203,0.0001,1000.0,1656.7137451171875
741376,362,639,1159,833,0.19189453125,0.8784902691841125,60.21131086349487,0.02239525131881237,-0.014420591993257403,0.024592753,0.2,7.431373655796051,32.23287582397461,0.0001,1000.0,1656.7137451171875
743424,363,639,1162,835,0.166015625,0.882304847240448,53.125522068568635,0.022395221516489983,-0.021710999376539673,0.025481066,0.2,7.435080460139683,27.89533233642578,0.0001,1000.0,1656.7137451171875
745472,364,638,1166,837,0.17578125,0.8643457889556885,64.53174209594727,0.022394932806491852,-0.009425143478438258,0.021392856,0.2,7.336067974567413,28.884706497192383,0.0001,1000.0,1641.9261474609375
747520,365,639,1169,839,0.18912760416666666,0.8732390403747559,51.6404062906901,0.02239474654197693,-0.005851000430993736,0.028070055,0.2,7.435580730438232,26.859580993652344,0.0001,1000.0,1641.9261474609375
749568,366,639,1172,841,0.16569010416666666,0.9447371959686279,32.551612854003906,0.022394422441720963,-0.02181907541429003,0.029633027,0.2,7.46964152654012,15.5079927444458,0.0001,1000.0,1641.9261474609375
751616,367,639,1176,843,0.207421875,0.9301249980926514,33.31222686767578,0.022393904626369476,-0.021613746881484985,0.048755243,0.2,7.306379127502441,17.43929672241211,0.0001,1000.0,1641.9261474609375
753664,368,638,1180,845,0.19140625,0.9147200584411621,48.73041598002116,0.022393308579921722,-0.0005375598169242343,0.028769907,0.2,7.389706929524739,23.3034610748291,0.0001,1000.0,1643.2900390625
755712,369,638,1183,847,0.173828125,0.9211281538009644,44.04110608782087,0.0223927553743124,-0.01747520480837141,0.026918108,0.2,7.424118655068534,21.845651626586914,0.0001,1000.0,1643.2900390625
757760,370,638,1186,849,0.16824776785714285,0.9381832480430603,42.173670632498606,0.022392181679606438,-0.017262973490038087,0.024518743,0.2,7.3336807659694125,19.608551025390625,0.0001,1000.0,1643.2900390625
759808,371,638,1189,851,0.19754464285714285,0.9611281752586365,25.980338505336217,0.022391583770513535,-0.015422786053802286,0.029958678,0.2,7.363142013549805,13.768155097961426,0.0001,1000.0,1643.2900390625
761856,372,637,1194,853,0.180908203125,0.9128756523132324,53.25607347488403,0.02239088900387287,-0.016827891464345157,0.023708727,0.2,7.433076500892639,28.38547134399414,0.0001,1000.0,1629.4417724609375
763904,373,637,1198,855,0.181640625,0.8817610740661621,48.979644775390625,0.02239057421684265,-0.0051719299905623,0.030777246,0.2,7.35667085647583,25.0074520111084,0.0001,1000.0,1629.4417724609375
765952,374,637,1201,857,0.19866071428571427,0.9031882286071777,40.72827802385603,0.022390201687812805,-0.01946492912247777,0.026370369,0.2,7.342532975333078,20.73628044128418,0.0001,1000.0,1629.4417724609375
768000,375,636,1205,859,0.171875,0.9170952439308167,34.24693202972412,0.02238968387246132,-0.019456345704384148,0.022994477,0.2,7.393833518028259,15.46630859375,0.0001,1000.0,1605.4525146484375
770048,376,636,1208,861,0.13364955357142858,0.9171135425567627,41.12849153791155,0.022389298304915428,-0.02178737268384014,0.019957742,0.2,7.361469268798828,21.355833053588867,0.0001,1000.0,1605.4525146484375
772096,377,636,1212,863,0.1296875,0.9215012788772583,47.19873809814453,0.02238900028169155,-0.02458121217787266,0.030233432,0.2,7.310939979553223,23.523637771606445,0.0001,1000.0,1605.4525146484375
774144,378,636,1215,865,0.1390625,0.9251526594161987,42.26524124145508,0.02238866686820984,-0.019390729255974293,0.030917298,0.2,7.407978153228759,18.834043502807617,0.0001,1000.0,1605.4525146484375
776192,379,636,1220,867,0.1671875,0.9112533330917358,45.67469787597656,0.022388318553566933,-0.024004152230918407,0.03568148,0.2,7.388085746765137,24.067907333374023,0.0001,1000.0,1576.5340576171875
778240,380,636,1223,869,0.1609375,0.8858869075775146,57.294125366210935,0.02238795906305313,-0.005875872820615769,0.030306086,0.2,7.288859748840332,27.1324520111084,0.0001,1000.0,1576.5340576171875
780288,381,635,1227,872,0.22509765625,0.8781031966209412,40.0160862604777,0.0223871897906065,-0.004166940149540703,0.028398912,0.2,7.401840567588806,17.695024490356445,0.0001,1000.0,1576.5340576171875
782336,382,635,1230,874,0.158984375,0.867719829082489,43.95427322387695,0.022386809810996056,-0.012216421030461787,0.030428799,0.2,7.394632720947266,20.782245635986328,0.0001,1000.0,1576.5340576171875
784384,383,635,1235,876,0.192138671875,0.8558358550071716,38.34458923339844,0.02238636650145054,-0.00626965455012396,0.023910834,0.2,7.320446968078613,18.170101165771484,0.0001,1000.0,1590.625
786432,384,634,1238,878,0.13203125,0.8442829847335815,53.31394958496094,0.02238607220351696,-0.02143749799579382,0.030814184,0.2,7.396987247467041,27.20431137084961,0.0001,1000.0,1590.625
788480,385,634,1242,880,0.176171875,0.8534598350524902,37.71210403442383,0.022385837510228157,-0.02966068759560585,0.039510056,0.2,7.367187118530273,18.04192352294922,0.0001,1000.0,1590.625
790528,386,634,1245,882,0.15703125,0.8418639898300171,40.75441207885742,0.022385740652680397,-0.015002298913896085,0.03052074,0.2,7.221206283569336,20.678985595703125,0.0001,1000.0,1590.625
792576,387,633,1250,884,0.19954427083333334,0.8273268342018127,46.07844479878744,0.0223854947835207,-0.012319356513520082,0.03608679,0.2,7.318943500518799,22.750171661376953,0.0001,1000.0,1578.877685546875
794624,388,633,1253,887,0.2267578125,0.8305184841156006,57.72778587341308,0.022385111078619957,-0.006869013467803597,0.028416228,0.2,7.341677808761597,25.035436630249023,0.0001,1000.0,1578.877685546875
796672,389,633,1257,889,0.169140625,0.904053807258606,45.58222274780273,0.022385116666555405,-0.015866280905902384,0.033201367,0.2,7.2170867919921875,23.357192993164062,0.0001,1000.0,1578.877685546875
798720,390,633,1260,891,0.19368489583333334,0.8865326642990112,51.6818478902181,0.02238503098487854,-0.020546090013037126,0.031226728,0.2,7.295278310775757,27.598304748535156,0.0001,1000.0,1578.877685546875
800768,391,632,1266,893,0.18046875,0.9283990859985352,35.58529815673828,0.022385071963071823,-0.016833437606692314,0.032915372,0.2,7.367209148406983,16.537626266479492,0.0001,1000.0,1566.2384033203125
802816,392,632,1269,895,0.182861328125,0.8679869771003723,76.87406253814697,0.02238524705171585,0.002036535704974085,0.022281446,0.2,7.261947512626648,43.41646194458008,0.0001,1000.0,1566.2384033203125
804864,393,632,1272,897,0.19108072916666666,0.8696727752685547,76.05103556315105,0.022385278716683388,-0.023255821627875168,0.03573822,0.2,7.312491496404012,34.25041198730469,0.0001,1000.0,1566.2384033203125
806912,394,632,1276,899,0.1640625,0.8791623115539551,77.33915710449219,0.022385023534297943,-0.019928913097828627,0.030489303,0.2,7.352567354838054,41.729461669921875,0.0001,1000.0,1566.2384033203125
808960,395,631,1281,901,0.19596354166666666,0.855451762676239,82.38571675618489,0.022384565323591232,-0.023894800106063485,0.033175576,0.2,7.293811480204265,38.30158615112305,0.0001,1000.0,1554.2255859375
811008,396,631,1284,903,0.19921875,0.8987035751342773,68.683351789202,0.022383874282240868,-0.016544586247099296,0.029059125,0.2,7.346102782658169,37.645965576171875,0.0001,1000.0,1554.2255859375
813056,397,631,1287,905,0.1625,0.923762321472168,58.49997329711914,0.02238338813185692,-0.028353042528033258,0.0321733,0.2,7.377249622344971,28.138782501220703,0.0001,1000.0,1554.2255859375
815104,398,631,1291,907,0.1859375,0.9171717762947083,60.9894775390625,0.022382937371730804,-0.015015791915357114,0.030198708,0.2,7.294867134094238,30.823110580444336,0.0001,1000.0,1554.2255859375
817152,399,630,1295,909,0.188232421875,0.9068030118942261,74.28090476989746,0.02238214761018753,-0.010914143756963313,0.023659024,0.2,7.302088379859924,38.8706169128418,0.0001,1000.0,1521.141357421875
819200,400,630,1299,911,0.19698660714285715,0.9132050275802612,55.329510825020925,0.022381629794836044,-0.016377517687422887,0.028360108,0.2,7.382274355207171,27.33977508544922,0.0001,1000.0,1521.141357421875
821248,401,630,1303,914,0.19300426136363635,0.9335317611694336,40.41720199584961,0.022381125018000603,-0.021863153712315994,0.030058252,0.2,7.332063804973256,17.13978385925293,0.0001,1000.0,1521.141357421875
823296,402,630,1306,916,0.15169270833333334,0.8848216533660889,66.7971903483073,0.02238096483051777,-0.02281345333904028,0.028187616,0.2,7.2519058386484785,32.18558120727539,0.0001,1000.0,1521.141357421875
825344,403,629,1311,918,0.14921875,0.9113768339157104,58.410987091064456,0.022380774840712547,-0.022651756554841994,0.034244727,0.2,7.3123773574829105,29.334707260131836,0.0001,1000.0,1519.0792236328125
827392,404,629,1314,920,0.1875,0.9179056286811829,44.2260627746582,0.022380616515874863,-0.009009770272920528,0.03201198,0.2,7.276742935180664,20.371803283691406,0.0001,1000.0,1519.0792236328125
829440,405,629,1318,922,0.146484375,0.9419676065444946,35.62589797973633,0.02238052897155285,-0.02060579052194953,0.033587262,0.2,7.169310855865478,17.157440185546875,0.0001,1000.0,1519.0792236328125
831488,406,628,1322,924,0.14453125,0.9469210505485535,32.99923095703125,0.022380374372005463,-0.005837189266458154,0.032271408,0.2,7.197495651245117,16.175174713134766,0.0001,1000.0,1519.0792236328125
833536,407,627,1328,926,0.169921875,0.9260492324829102,40.00426737467448,0.02238006331026554,-0.02717090941344698,0.029360093,0.2,7.215343713760376,19.922922134399414,0.0001,1000.0,1505.625
835584,408,626,1333,928,0.148828125,0.9346646666526794,32.19022636413574,0.022379769012331963,-0.015282741095870734,0.030512039,0.2,7.107600498199463,15.170400619506836,0.0001,1000.0,1505.625
837632,409,626,1336,929,0.16064453125,0.9168866872787476,41.84319019317627,0.022379515692591667,-0.023929755087010562,0.012843395,0.2,7.172081828117371,20.601810455322266,0.0001,1000.0,1505.625
839680,410,626,1340,931,0.228125,0.9474683403968811,29.092454147338866,0.02237910032272339,-0.008960325457155704,0.04130121,0.2,7.204128742218018,14.674705505371094,0.0001,1000.0,1505.625
841728,411,625,1345,933,0.171875,0.9504676461219788,28.13935947418213,0.022378526628017426,-0.013661180157214403,0.025986932,0.2,7.076576391855876,13.226286888122559,0.0001,1000.0,1486.7918701171875
843776,412,625,1349,935,0.21842447916666666,0.9296048283576965,46.563367207845054,0.022378060966730118,-0.023814171242217224,0.037758924,0.2,7.178446372350057,23.353483200073242,0.0001,1000.0,1486.7918701171875
845824,413,625,1352,937,0.17578125,0.91462242603302,56.76049486796061,0.02237788401544094,-0.016083091575031478,0.027033161,0.2,7.161859512329102,25.637971878051758,0.0001,1000.0,1486.7918701171875
847872,414,625,1355,939,0.185546875,0.896252453327179,69.57281748453777,0.02237771824002266,-0.011694868328049779,0.028940685,0.2,7.046588818232219,35.09084701538086,0.0001,1000.0,1486.7918701171875
849920,415,625,1359,941,0.13699776785714285,0.9071885347366333,75.35513741629464,0.02237735688686371,-0.02303598854424698,0.021751394,0.2,7.103419644492013,36.591583251953125,0.0001,1000.0,1485.40380859375
851968,416,625,1362,943,0.146484375,0.9176064729690552,53.796202182769775,0.022376898676156998,-0.019186643708962947,0.020354025,0.2,7.19149124622345,24.69662094116211,0.0001,1000.0,1485.40380859375
854016,417,625,1364,945,0.184375,0.9350826740264893,46.64540252685547,0.02237650379538536,-0.026135677099227907,0.04051578,0.2,7.051190662384033,21.276668548583984,0.0001,1000.0,1485.40380859375
856064,418,625,1368,947,0.18001302083333334,0.9628121852874756,27.95798333485921,0.022376034408807755,-0.01393948324645559,0.0313306,0.2,7.086881796518962,12.813653945922852,0.0001,1000.0,1484.9415283203125
858112,419,625,1371,949,0.17415364583333334,0.9482381343841553,36.20375442504883,0.02237558178603649,-0.012084052975599965,0.02608215,0.2,7.132693449656169,19.468517303466797,0.0001,1000.0,1484.9415283203125
860160,420,625,1374,951,0.176025390625,0.612380862236023,53.237454891204834,0.022375009953975677,-0.015727495454484597,0.0233098,0.2,6.98503714799881,23.052963256835938,0.0001,1000.0,1484.9415283203125
862208,421,625,1377,953,0.14322916666666666,0.8774101734161377,21.948816935221355,0.022374583408236504,-0.023389430716633797,0.026621897,0.2,7.053052266438802,10.484883308410645,0.0001,1000.0,1484.9415283203125
864256,422,625,1381,955,0.21158854166666666,0.6984190940856934,39.68297831217448,0.022374223917722702,-0.011345655734961232,0.032098018,0.2,7.099972327550252,19.34734535217285,0.0001,1000.0,1496.8145751953125
866304,423,625,1384,957,0.175,0.8480462431907654,29.533514785766602,0.02237359806895256,-0.026941730407997966,0.03692144,0.2,7.044742584228516,14.159026145935059,0.0001,1000.0,1496.8145751953125
868352,424,626,1387,959,0.1796875,0.8789659142494202,34.3312873840332,0.02237263135612011,-0.01745037818327546,0.03276208,0.2,7.045894813537598,17.359180450439453,0.0001,1000.0,1496.8145751953125
870400,425,626,1389,961,0.20228794642857142,0.8497917652130127,48.129534585135325,0.022371232509613037,-0.009484134281852416,0.027336517,0.2,7.116179670606341,25.33949089050293,0.0001,1000.0,1496.8145751953125
872448,426,625,1394,964,0.20811631944444445,0.8779007196426392,29.394802729288738,0.022369571030139923,-0.016261428284148376,0.038747508,0.2,7.055792013804118,15.941302299499512,0.0001,1000.0,1500.414794921875
874496,427,625,1398,966,0.143310546875,0.7788231372833252,44.01882362365723,0.022368434816598892,-0.019650904490845278,0.020105463,0.2,7.005944788455963,21.405933380126953,0.0001,1000.0,1500.414794921875
876544,428,625,1400,968,0.18387276785714285,0.8730289340019226,41.98207800728934,0.022367889061570168,-0.023646407926987325,0.027886683,0.2,7.059615475790841,22.517871856689453,0.0001,1000.0,1500.414794921875
878592,429,625,1403,970,0.19280133928571427,0.868173360824585,47.51440266200474,0.022367555648088455,-0.017436083406209946,0.02672604,0.2,7.056305067879813,23.40317726135254,0.0001,1000.0,1500.414794921875
880640,430,625,1408,972,0.16845703125,0.8897524476051331,40.01779890060425,0.022366838529706,-0.01901688752695918,0.024465814,0.2,6.996743559837341,20.635828018188477,0.0001,1000.0,1491.444091796875
882688,431,625,1411,974,0.16517857142857142,0.8257257342338562,59.84874507359096,0.02236613631248474,-0.02542529853859118,0.023261353,0.2,7.0813277789524625,32.36818313598633,0.0001,1000.0,1491.444091796875
