time/fps,time/iterations,time/time_elapsed,time/total_timesteps,train/clip_fraction,train/loss,train/clip_range,train/policy_gradient_loss,train/explained_variance,train/n_updates,train/value_loss,train/std,train/entropy_loss,train/learning_rate,train/approx_kl,rollout/ep_len_mean,rollout/ep_rew_mean,eval/skor,eval/en_iyi_adim
1072,1,3,4096,,,,,,,,,,,,,,,
1462,2,5,8192,0.117578125,94.09516906738281,0.2,-0.016709289664868267,0.8588478565216064,5,226.59581909179687,0.12106011062860489,15.179189157485961,0.0001,0.012011372,,,,
1656,3,7,12288,0.085400390625,51.955413818359375,0.2,-0.013772975490428507,0.9091622829437256,10,130.51793918609619,0.12104491144418716,15.179085326194762,0.0001,0.012669725,,,,
1539,4,10,16384,0.138037109375,49.519142150878906,0.2,-0.018884921621065587,0.9287419319152832,15,111.59402256011963,0.12106207758188248,15.183501291275025,0.0001,0.01422886,995.5625,1683.152587890625,,
1563,5,13,20480,0.07900390625,74.32331085205078,0.2,-0.013852058665361256,0.8596562743186951,20,249.69786415100097,0.12106555700302124,15.185179352760315,0.0001,0.01160406,995.5625,1683.152587890625,,
1611,6,15,24576,0.047412109375,71.08442687988281,0.2,-0.01013943343423307,0.8415281772613525,25,182.0771671295166,0.12106312066316605,15.188767385482787,0.0001,0.008481571,995.5625,1683.152587890625,,
1659,7,17,28672,0.054443359375,72.02156066894531,0.2,-0.009146385453641414,0.8328471779823303,30,175.14518241882325,0.12106849253177643,15.189027786254883,0.0001,0.00937373,995.5625,1683.152587890625,,
1514,8,21,32768,0.108447265625,49.0090217590332,0.2,-0.01441429996630177,0.891539454460144,35,119.75797176361084,0.12104687839746475,15.194652485847474,0.0001,0.013114229,997.78125,1569.5517578125,,
1538,9,23,36864,0.1384765625,47.05262756347656,0.2,-0.015854688838589936,0.8925521373748779,40,108.81509532928467,0.12115956842899323,15.20461447238922,0.0001,0.014302881,997.78125,1569.5517578125,,
1582,10,25,40960,0.0662109375,49.79200744628906,0.2,-0.011168122582603246,0.7297182679176331,45,124.0192102432251,0.12116850167512894,15.206985092163086,0.0001,0.009969473,997.78125,1569.5517578125,,
1627,11,27,45056,0.07255859375,34.62282943725586,0.2,-0.012335526233073324,0.7638323903083801,50,106.76424465179443,0.12112685292959213,15.210544538497924,0.0001,0.009906551,997.78125,1569.5517578125,,
1561,12,31,49152,0.07666015625,45.59205627441406,0.2,-0.01120081361150369,0.7317047119140625,55,108.87723236083984,0.12110477685928345,15.215087723731994,0.0001,0.011647206,998.5208333333334,1490.1988525390625,,
1595,13,33,53248,0.108544921875,50.19772720336914,0.2,-0.013675913424231112,0.8234877586364746,60,106.52787685394287,0.12111597508192062,15.22147102355957,0.0001,0.012057666,998.5208333333334,1490.1988525390625,,
1627,14,35,57344,0.023974609375,47.81793975830078,0.2,-0.005464388843392953,0.8001502752304077,65,128.88658084869385,0.12108049541711807,15.229956865310669,0.0001,0.0057749706,998.5208333333334,1490.1988525390625,,
1654,15,37,61440,0.03203125,42.60830307006836,0.2,-0.00896017086924985,0.7809598445892334,70,111.85064353942872,0.12103629112243652,15.237344574928283,0.0001,0.008108154,998.5208333333334,1490.1988525390625,,
1599,16,40,65536,0.057080078125,43.654422760009766,0.2,-0.010641459340695292,0.816368818283081,75,95.65637092590332,0.12098387628793716,15.240872383117676,0.0001,0.010719301,998.890625,1470.4503173828125,,
1623,17,42,69632,0.09697265625,35.76045227050781,0.2,-0.014206223213113845,0.8245322704315186,80,87.23586711883544,0.12098783999681473,15.245790553092956,0.0001,0.012589821,998.890625,1470.4503173828125,,
1645,18,44,73728,0.053125,51.044105529785156,0.2,-0.010495337221072987,0.5608306527137756,85,144.28696155548096,0.12100562453269958,15.24403817653656,0.0001,0.00905294,998.890625,1470.4503173828125,,
1666,19,46,77824,0.06708984375,50.80487823486328,0.2,-0.01239128751331009,0.6951791644096375,90,131.653497505188,0.1210286095738411,15.247853350639343,0.0001,0.010916418,998.890625,1470.4503173828125,,
1625,20,50,81920,0.058837890625,56.78718566894531,0.2,-0.009377358935307712,0.742350697517395,95,136.14366550445556,0.12103297561407089,15.247817063331604,0.0001,0.007850427,999.1125,1497.706787109375,,
1640,21,52,86016,0.0861328125,57.08817672729492,0.2,-0.013076896395068616,0.8304286003112793,100,131.6294807434082,0.12096131592988968,15.25097689628601,0.0001,0.011557021,999.1125,1497.706787109375,,
1661,22,54,90112,0.045703125,76.73883819580078,0.2,-0.011561166599858553,0.7240839004516602,105,204.43070793151855,0.12093044817447662,15.263276052474975,0.0001,0.008784249,999.1125,1497.706787109375,,
1678,23,56,94208,0.051953125,56.793270111083984,0.2,-0.011277765006525442,0.8090110421180725,110,137.33179111480712,0.12093643099069595,15.267917799949647,0.0001,0.00946429,999.1125,1497.706787109375,,
1615,24,60,98304,0.080615234375,64.64684295654297,0.2,-0.012774715351406484,0.826276421546936,115,146.27468795776366,0.12094221264123917,15.271052479743958,0.0001,0.01063244,999.2604166666666,1486.6539306640625,,
1634,25,62,102400,0.09638671875,47.398590087890625,0.2,-0.013927629817044363,0.8233108520507812,120,114.54879055023193,0.12096889317035675,15.272415566444398,0.0001,0.011919183,999.2604166666666,1486.6539306640625,,
1651,26,64,106496,0.04140625,45.82843780517578,0.2,-0.00855056123691611,0.6813992261886597,125,134.56014823913574,0.12099029123783112,15.2705317735672,0.0001,0.008164676,999.2604166666666,1486.6539306640625,,
1668,27,66,110592,0.0744140625,47.60074234008789,0.2,-0.013044519629329444,0.7263997197151184,130,125.8349760055542,0.12099351733922958,15.269940948486328,0.0001,0.01146106,999.2604166666666,1486.6539306640625,,
1633,28,70,114688,0.096240234375,57.94694137573242,0.2,-0.014822820556582883,0.7233231663703918,135,135.16568298339843,0.12098726630210876,15.2696843624115,0.0001,0.012640316,1000.0,1431.617919921875,,
1648,29,72,118784,0.07197265625,35.83609390258789,0.2,-0.011627305852016434,0.81069016456604,140,85.8804193496704,0.12098284810781479,15.271773672103881,0.0001,0.012377258,1000.0,1431.617919921875,,
1663,30,73,122880,0.05947265625,23.63003921508789,0.2,-0.011675595096312464,0.8340867757797241,145,67.70112733840942,0.12093980610370636,15.274228286743163,0.0001,0.01021553,1000.0,1431.617919921875,,
1674,31,75,126976,0.10009765625,20.19153594970703,0.2,-0.013657766871619969,0.8777103424072266,150,51.573899555206296,0.1209402084350586,15.28062674999237,0.0001,0.012479479,1000.0,1420.287353515625,,
1644,32,79,131072,0.0998046875,18.50556182861328,0.2,-0.015082109614741056,0.8988720774650574,155,53.17028656005859,0.12090430408716202,15.286817407608032,0.0001,0.013021503,1000.0,1457.1768798828125,,
1658,33,81,135168,0.112939453125,39.882904052734375,0.2,-0.014449145540129393,0.7897516489028931,160,90.69533977508544,0.12088405340909958,15.295455574989319,0.0001,0.012634534,1000.0,1457.1768798828125,,
1670,34,83,139264,0.09013671875,50.650787353515625,0.2,-0.012770394608378411,0.6441748738288879,165,123.19571704864502,0.12087218463420868,15.299418997764587,0.0001,0.011626923,1000.0,1457.1768798828125,,
1679,35,85,143360,0.085009765625,70.90457916259766,0.2,-0.012779655889607966,0.5679405927658081,170,172.07954330444335,0.12086937576532364,15.300148153305054,0.0001,0.01134889,1000.0,1433.447021484375,,
1654,36,89,147456,0.12109375,60.41879653930664,0.2,-0.016017039178404958,0.6367843151092529,175,128.94116706848143,0.12089237570762634,15.299735236167908,0.0001,0.013193194,1000.0,1443.095947265625,,
1666,37,90,151552,0.056787109375,35.79774475097656,0.2,-0.010185618815012277,0.8227385878562927,180,91.6968542098999,0.12080225348472595,15.303875088691711,0.0001,0.009853754,1000.0,1443.095947265625,,
1677,38,92,155648,0.0705078125,49.448482513427734,0.2,-0.012325208965921774,0.7780604362487793,185,119.2246109008789,0.12073548138141632,15.316769671440124,0.0001,0.010408495,1000.0,1443.095947265625,,
1685,39,94,159744,0.068798828125,46.98538589477539,0.2,-0.01124442302971147,0.817944347858429,190,108.42183933258056,0.120716392993927,15.323182797431945,0.0001,0.01097792,1000.0,1435.6051025390625,,
1663,40,98,163840,0.03388671875,18.84440040588379,0.2,-0.007766213279683143,0.8923873901367188,195,71.66448583602906,0.12070256471633911,15.325735092163086,0.0001,0.008101303,1000.0,1511.9384765625,,
1673,41,100,167936,0.079052734375,64.45884704589844,0.2,-0.012690023786853999,0.6513327956199646,200,154.11963100433348,0.12066778540611267,15.330424594879151,0.0001,0.011793179,1000.0,1511.9384765625,,
1683,42,102,172032,0.0517578125,67.9942398071289,0.2,-0.009745090565411374,0.679178774356842,205,168.11568489074708,0.12067370861768723,15.328939485549927,0.0001,0.009954769,1000.0,1511.9384765625,,
1668,43,105,176128,0.067138671875,91.7676010131836,0.2,-0.011090514506213367,0.6212719678878784,210,210.772469329834,0.12063191831111908,15.330512714385986,0.0001,0.0110270055,1000.0,1471.8955078125,,
1666,44,108,180224,0.078173828125,99.64369201660156,0.2,-0.01222977873403579,0.6783812046051025,215,200.23889274597167,0.1206250935792923,15.33468782901764,0.0001,0.010889152,1000.0,1471.8955078125,,
1674,45,110,184320,0.076513671875,57.88085174560547,0.2,-0.010556221939623356,0.7790087461471558,220,136.3596248626709,0.12062758952379227,15.336576962471009,0.0001,0.010669723,1000.0,1471.8955078125,,
1683,46,111,188416,0.083154296875,66.04776000976562,0.2,-0.013350020162761211,0.7073125839233398,225,154.3965950012207,0.12066344171762466,15.33572347164154,0.0001,0.010936125,1000.0,1471.8955078125,,
1664,47,115,192512,0.108251953125,58.4864501953125,0.2,-0.013752259756438434,0.7750952243804932,230,131.67125396728517,0.12071362137794495,15.332351660728454,0.0001,0.011432651,999.25,1483.02587890625,,
1669,48,117,196608,0.105322265625,106.36566925048828,0.2,-0.014238325002952478,0.687298059463501,235,205.84729080200196,0.12075686454772949,15.326465296745301,0.0001,0.012464082,999.25,1483.02587890625,,
1678,49,119,200704,0.04873046875,40.83660125732422,0.2,-0.00982696979190223,0.8544336557388306,240,102.44279899597169,0.12075791507959366,15.323262286186218,0.0001,0.009616792,999.25,1483.02587890625,,
1685,50,121,204800,0.089404296875,36.61579513549805,0.2,-0.013310961821116508,0.8900047540664673,245,102.36746006011963,0.12072216719388962,15.327424025535583,0.0001,0.0117754415,999.25,1483.02587890625,,
1666,51,125,208896,0.07646484375,35.43735885620117,0.2,-0.013122863357421011,0.9231037497520447,250,94.25057582855224,0.1206812858581543,15.332934856414795,0.0001,0.011734339,999.25,1532.8287353515625,,
1674,52,127,212992,0.08662109375,65.45848846435547,0.2,-0.013441199727822095,0.8766533136367798,255,149.49337768554688,0.12065133452415466,15.34290189743042,0.0001,0.0118136145,999.25,1532.8287353515625,,
1682,53,129,217088,0.032763671875,89.69236755371094,0.2,-0.009213053685380146,0.5944939851760864,260,223.12936782836914,0.12063439190387726,15.34719226360321,0.0001,0.007716522,999.25,1532.8287353515625,,
1690,54,130,221184,0.068359375,70.1262435913086,0.2,-0.01221522341365926,0.7005234360694885,265,196.98796119689942,0.12058232724666595,15.351164102554321,0.0001,0.010942047,999.25,1532.8287353515625,,
1666,55,135,225280,0.074755859375,81.89930725097656,0.2,-0.012438110355287791,0.735780656337738,270,194.3825138092041,0.12056319415569305,15.357536768913269,0.0001,0.010218641,999.25,1511.5135498046875,,
1672,56,137,229376,0.101708984375,64.2226791381836,0.2,-0.015664995822589844,0.8053219318389893,275,158.01989250183107,0.12056083232164383,15.359658455848693,0.0001,0.013074984,999.25,1511.5135498046875,,
1680,57,138,233472,0.06337890625,98.53799438476562,0.2,-0.011629598471336067,0.7899501323699951,280,218.22103385925294,0.12057128548622131,15.359607243537903,0.0001,0.009257127,999.25,1511.5135498046875,,
1687,58,140,237568,0.066064453125,93.69526672363281,0.2,-0.011563683487474918,0.7973424196243286,285,222.77618370056152,0.12058459967374802,15.360615730285645,0.0001,0.011088935,999.25,1511.5135498046875,,
1672,59,144,241664,0.108642578125,81.78607940673828,0.2,-0.015228175709489733,0.8452963829040527,290,185.44713745117187,0.12056586891412735,15.362421679496766,0.0001,0.011146359,999.25,1485.852294921875,,
1678,60,146,245760,0.111181640625,65.48314666748047,0.2,-0.01475848386180587,0.892295241355896,295,138.33312091827392,0.12054791301488876,15.365651488304138,0.0001,0.013498815,999.25,1485.852294921875,,
1685,61,148,249856,0.06611328125,23.93317413330078,0.2,-0.011763913219328969,0.9349993467330933,300,74.46667013168334,0.12052818387746811,15.367346930503846,0.0001,0.01014985,999.25,1485.852294921875,,
1464,62,173,253952,0.087841796875,24.338455200195312,0.2,-0.01214166689896956,0.95063716173172,305,61.730553436279294,0.12047389894723892,15.373651051521302,0.0001,0.010514155,999.25,1485.852294921875,2.4543106109346993,250000
1456,63,177,258048,0.104931640625,28.536212921142578,0.2,-0.012916675326414407,0.9552972316741943,310,72.8030297279358,0.12041034549474716,15.387311625480653,0.0001,0.01206653,999.25,1470.48291015625,,
1460,64,179,262144,0.12861328125,38.17097473144531,0.2,-0.01583414511696901,0.9213502407073975,315,83.89393472671509,0.120331309735775,15.396995162963867,0.0001,0.013796117,999.25,1470.48291015625,,
1466,65,181,266240,0.08642578125,46.51326370239258,0.2,-0.010458497749641537,0.7528495192527771,320,125.27241649627686,0.12035510689020157,15.408232951164246,0.0001,0.011652945,999.25,1470.48291015625,,
1470,66,183,270336,0.08857421875,35.17192459106445,0.2,-0.013311273994622752,0.8358808755874634,325,95.06500396728515,0.12045097351074219,15.404097294807434,0.0001,0.011547785,999.25,1470.48291015625,,
1456,67,188,274432,0.10478515625,40.01615905761719,0.2,-0.013672772067366168,0.8446894288063049,330,104.96505355834961,0.12040193378925323,15.401498055458068,0.0001,0.013393471,999.25,1408.1551513671875,,
1460,68,190,278528,0.105859375,86.02771759033203,0.2,-0.01351898200227879,0.7096607685089111,335,189.9782371520996,0.12034767866134644,15.407658243179322,0.0001,0.013821899,999.25,1408.1551513671875,,
1464,69,193,282624,0.101513671875,103.84701538085938,0.2,-0.01314925291808322,0.5797548294067383,340,248.3019027709961,0.12032545357942581,15.410173320770264,0.0001,0.011424317,999.25,1408.1551513671875,,
1469,70,195,286720,0.068798828125,94.69967651367188,0.2,-0.011208060925127938,0.6818432211875916,345,215.8649585723877,0.1203523650765419,15.411460304260254,0.0001,0.011591198,999.25,1408.1551513671875,,
1463,71,198,290816,0.081201171875,78.0959243774414,0.2,-0.01247309623286128,0.7671834230422974,350,182.0915958404541,0.12033797800540924,15.412053561210632,0.0001,0.011217675,1000.0,1463.0118408203125,,
1469,72,200,294912,0.046630859375,53.32020950317383,0.2,-0.010707119788276032,0.7569525241851807,355,133.41047611236573,0.12031681835651398,15.418355369567871,0.0001,0.008998614,1000.0,1463.0118408203125,,
1475,73,202,299008,0.0470703125,54.68263626098633,0.2,-0.008618442685110495,0.745527446269989,360,125.31875572204589,0.12030947953462601,15.423517179489135,0.0001,0.007978072,1000.0,1463.0118408203125,,
1478,74,205,303104,0.0720703125,47.464664459228516,0.2,-0.01162375370040536,0.8313758373260498,365,105.25476722717285,0.12031193822622299,15.42336413860321,0.0001,0.013236911,1000.0,1440.962158203125,,
1471,75,208,307200,0.08876953125,58.55390930175781,0.2,-0.012664499843958765,0.8416354656219482,370,123.06393470764161,0.12025593221187592,15.425032424926759,0.0001,0.013016676,1000.0,1444.509033203125,,
1478,76,210,311296,0.100830078125,41.95361328125,0.2,-0.014210949034895748,0.801272988319397,375,96.53230800628663,0.12019065767526627,15.434299683570861,0.0001,0.012315868,1000.0,1444.509033203125,,
1484,77,212,315392,0.060205078125,84.94310760498047,0.2,-0.011024075641762466,0.6787790060043335,380,182.99176597595215,0.12015853077173233,15.441753888130188,0.0001,0.009466631,1000.0,1444.509033203125,,
1437,78,222,319488,0.1107421875,54.628360748291016,0.2,-0.01400490744272247,0.7792892456054688,385,121.8723123550415,0.12016470730304718,15.446797060966492,0.0001,0.012314245,997.92,1441.431396484375,,
1400,79,231,323584,0.119091796875,64.2480697631836,0.2,-0.014397450373508036,0.6844313740730286,390,190.04535007476807,0.12016110867261887,15.448025345802307,0.0001,0.013449631,997.92,1477.0216064453125,,
1403,80,233,327680,0.06572265625,46.77066421508789,0.2,-0.01036594227189198,0.702887237071991,395,129.07534313201904,0.12015524506568909,15.451140332221986,0.0001,0.009976845,997.92,1477.0216064453125,,
1407,81,235,331776,0.071533203125,40.02023696899414,0.2,-0.012187595898285507,0.7358258962631226,400,107.5404577255249,0.12016244977712631,15.453674864768981,0.0001,0.012645685,997.92,1473.159423828125,,
1410,82,238,335872,0.100146484375,36.49161148071289,0.2,-0.012957118323538453,0.8391832709312439,405,93.58163414001464,0.1200861781835556,15.459838795661927,0.0001,0.012134657,997.92,1451.5487060546875,,
1399,83,242,339968,0.08369140625,55.448543548583984,0.2,-0.011978164094034582,0.8235971927642822,410,122.52494792938232,0.12002227455377579,15.469186854362487,0.0001,0.011665855,997.92,1482.259521484375,,
1405,84,244,344064,0.074267578125,52.77907180786133,0.2,-0.012215403135633096,0.8801950216293335,415,119.03553638458251,0.11999589204788208,15.472507572174072,0.0001,0.012174463,997.92,1482.259521484375,,
1410,85,246,348160,0.094384765625,67.20951843261719,0.2,-0.01335896154632792,0.888812780380249,420,152.5772876739502,0.12005496025085449,15.470186901092529,0.0001,0.011634432,997.92,1472.818115234375,,
1404,86,250,352256,0.099609375,63.45426940917969,0.2,-0.013660574820823968,0.9097166657447815,425,132.68267345428467,0.12009910494089127,15.462742924690247,0.0001,0.011637848,997.92,1485.057861328125,,
1407,87,253,356352,0.079931640625,63.21444320678711,0.2,-0.011513342219404876,0.9158832430839539,430,163.638356590271,0.12012043595314026,15.463027954101562,0.0001,0.010924034,997.92,1485.057861328125,,
1413,88,255,360448,0.062255859375,113.64251708984375,0.2,-0.011152267060242593,0.7716196775436401,435,244.12979469299316,0.12010141462087631,15.464646863937379,0.0001,0.009761876,997.92,1485.057861328125,,
1418,89,257,364544,0.08515625,98.85859680175781,0.2,-0.01397664425894618,0.724265456199646,440,249.682621383667,0.12011656910181046,15.468712782859802,0.0001,0.012139,997.92,1462.4217529296875,,
1414,90,260,368640,0.091796875,97.0584487915039,0.2,-0.01369866095483303,0.7422630190849304,445,218.53705520629882,0.12010783702135086,15.473079824447632,0.0001,0.012224916,997.92,1505.76123046875,,
1419,91,262,372736,0.1091796875,72.06453704833984,0.2,-0.015365491213742644,0.7495880126953125,450,156.00421447753905,0.12005660682916641,15.481359314918517,0.0001,0.013085931,997.92,1505.76123046875,,
1425,92,264,376832,0.018994140625,65.67523193359375,0.2,-0.005304558860370889,0.5804069638252258,455,161.85756092071534,0.12005537748336792,15.487907433509827,0.0001,0.0053842654,997.92,1505.76123046875,,
1429,93,266,380928,0.076611328125,52.561065673828125,0.2,-0.013284650398418307,0.7480528950691223,460,138.77823581695557,0.12010235339403152,15.48606436252594,0.0001,0.0115184635,997.92,1484.5816650390625,,
1423,94,270,385024,0.083837890625,46.92264175415039,0.2,-0.012100937904324382,0.7813782691955566,465,113.68103885650635,0.12009958177804947,15.480486989021301,0.0001,0.011616627,997.92,1487.8631591796875,,
1427,95,272,389120,0.121875,36.372100830078125,0.2,-0.015530220424989239,0.8748166561126709,470,88.01129684448242,0.12010706216096878,15.47994930744171,0.0001,0.01536683,997.92,1487.8631591796875,,
1433,96,274,393216,0.067919921875,73.50787353515625,0.2,-0.011395586177241058,0.816763162612915,475,165.35582275390624,0.12012363970279694,15.482171821594239,0.0001,0.010776455,997.92,1487.8631591796875,,
1437,97,276,397312,0.08037109375,48.04756164550781,0.2,-0.012263597769197077,0.8588967323303223,480,120.61668262481689,0.12009264528751373,15.484874892234803,0.0001,0.012243012,997.92,1472.7210693359375,,
1433,98,280,401408,0.117822265625,66.03596496582031,0.2,-0.014291890617460012,0.864956796169281,485,153.91170139312743,0.12006407976150513,15.49622311592102,0.0001,0.011841558,997.92,1474.12255859375,,
1437,99,282,405504,0.11845703125,69.7858657836914,0.2,-0.016444316983688624,0.8476241230964661,490,156.89636840820313,0.12008867412805557,15.5064528465271,0.0001,0.0127265435,997.92,1474.12255859375,,
1442,100,283,409600,0.046533203125,51.270301818847656,0.2,-0.01063220901414752,0.6177825927734375,495,152.86136989593507,0.12011346966028214,15.508065557479858,0.0001,0.00912397,997.92,1474.12255859375,,
1446,101,285,413696,0.072509765625,45.66415786743164,0.2,-0.013276349933585152,0.7955405116081238,500,124.70058994293213,0.12011951208114624,15.50816023349762,0.0001,0.011305394,997.92,1463.10302734375,,
1442,102,289,417792,0.067529296875,53.99543762207031,0.2,-0.010507832682924345,0.8219209313392639,505,135.4495044708252,0.12004516273736954,15.510670518875122,0.0001,0.009530373,1000.0,1495.39794921875,,
1447,103,291,421888,0.07763671875,33.3153076171875,0.2,-0.012528036191361025,0.8736681342124939,510,90.17701625823975,0.11997237801551819,15.521877646446228,0.0001,0.011726188,1000.0,1495.39794921875,,
1451,104,293,425984,0.0701171875,52.11959457397461,0.2,-0.011266924371011556,0.5063343048095703,515,138.8226219177246,0.11995295435190201,15.526476383209229,0.0001,0.009827953,1000.0,1495.39794921875,,
1455,105,295,430080,0.1173828125,47.609928131103516,0.2,-0.014980058110086247,0.6066691279411316,520,123.48680973052979,0.11992892622947693,15.526034259796143,0.0001,0.014494283,1000.0,1490.0465087890625,,
1450,106,299,434176,0.11025390625,59.542144775390625,0.2,-0.013077043008524924,0.6486036777496338,525,137.10013904571534,0.11984585225582123,15.532312822341918,0.0001,0.011739815,1000.0,1500.922607421875,,
1455,107,301,438272,0.1224609375,49.800018310546875,0.2,-0.015285574516747146,0.7850533723831177,530,105.16670742034913,0.11982101947069168,15.545267748832703,0.0001,0.015050119,1000.0,1500.922607421875,,
1459,108,303,442368,0.072607421875,51.462928771972656,0.2,-0.012279018794652074,0.6880998611450195,535,118.74273624420167,0.11982593685388565,15.54762225151062,0.0001,0.011125339,1000.0,1500.922607421875,,
1463,109,305,446464,0.10400390625,30.610225677490234,0.2,-0.012636074179317803,0.8570826053619385,540,78.51986665725708,0.11985866725444794,15.550288653373718,0.0001,0.012262066,1000.0,1505.255615234375,,
1458,110,308,450560,0.09287109375,33.56934356689453,0.2,-0.01227256185375154,0.8796553015708923,545,82.11674461364746,0.11993736028671265,15.55194342136383,0.0001,0.013222825,1000.0,1537.3377685546875,,
1462,111,310,454656,0.1181640625,44.486595153808594,0.2,-0.013429799891309813,0.8236585259437561,550,103.53311901092529,0.11997824162244797,15.552596616744996,0.0001,0.014041008,1000.0,1537.3377685546875,,
1466,112,312,458752,0.07080078125,48.30101776123047,0.2,-0.010537881194613874,0.7661284804344177,555,125.58247985839844,0.11996135860681534,15.556188797950744,0.0001,0.011807427,1000.0,1537.3377685546875,,
1468,113,315,462848,0.115869140625,46.868927001953125,0.2,-0.014478004770353436,0.805876612663269,560,114.20118141174316,0.11998376995325089,15.559390091896057,0.0001,0.014108608,1000.0,1519.552490234375,,
1464,114,318,466944,0.121142578125,37.651371002197266,0.2,-0.014145312830805779,0.8656376004219055,565,93.54359302520751,0.11997727304697037,15.556066393852234,0.0001,0.012771396,1000.0,1538.79443359375,,
1468,115,320,471040,0.1375,44.50566482543945,0.2,-0.014761802408611403,0.8389798998832703,570,89.38577537536621,0.11997591704130173,15.55856237411499,0.0001,0.01580963,1000.0,1538.79443359375,,
1472,116,322,475136,0.14970703125,31.57209587097168,0.2,-0.015003018453717232,0.8080251216888428,575,72.89320793151856,0.11996270716190338,15.566876196861267,0.0001,0.016680457,1000.0,1538.79443359375,,
1475,117,324,479232,0.09775390625,30.07844352722168,0.2,-0.010779311833903193,0.864157497882843,580,72.2980712890625,0.11991330236196518,15.574135375022887,0.0001,0.010753173,1000.0,1519.23583984375,,
1471,118,328,483328,0.09609375,34.53803634643555,0.2,-0.011494729330297559,0.8781166672706604,585,80.3456995010376,0.11988106369972229,15.579318523406982,0.0001,0.011367446,1000.0,1542.9090576171875,,
1475,119,330,487424,0.089013671875,56.852622985839844,0.2,-0.012393567571416497,0.7825738191604614,590,147.55712661743163,0.11986164003610611,15.583844256401061,0.0001,0.010741065,1000.0,1542.9090576171875,,
1479,120,332,491520,0.071630859375,61.054317474365234,0.2,-0.011141009686980397,0.79792320728302,595,162.87578315734862,0.1198686808347702,15.58819763660431,0.0001,0.01120733,1000.0,1542.9090576171875,,
1481,121,334,495616,0.080419921875,52.358219146728516,0.2,-0.012524806830333546,0.8673245906829834,600,114.40554428100586,0.1199030727148056,15.58603277206421,0.0001,0.012041057,1000.0,1517.9710693359375,,
1474,122,338,499712,0.040673828125,58.49220657348633,0.2,-0.009271991820423865,0.8262608647346497,605,144.59563579559327,0.11989510804414749,15.58105547428131,0.0001,0.007849744,1000.0,1522.559326171875,,
1388,123,362,503808,0.09482421875,30.80477523803711,0.2,-0.013522995822131633,0.876279890537262,610,78.39549245834351,0.1198427677154541,15.585575723648072,0.0001,0.012692461,1000.0,1522.559326171875,2.4413958638399262,250000
1391,124,365,507904,0.09716796875,32.07154846191406,0.2,-0.012047445250209421,0.8882310390472412,615,88.33778343200683,0.11978421360254288,15.59629316329956,0.0001,0.011690426,1000.0,1508.8599853515625,,
1390,125,368,512000,0.135986328125,40.42649841308594,0.2,-0.01828920344123617,0.8726734519004822,620,99.0705005645752,0.11975376307964325,15.605832433700561,0.0001,0.013976097,1000.0,1509.7310791015625,,
1392,126,370,516096,0.1375,27.50510597229004,0.2,-0.016251534852199257,0.9207519888877869,625,65.92219696044921,0.11971721053123474,15.612140655517578,0.0001,0.015355383,1000.0,1509.7310791015625,,
1396,127,372,520192,0.106201171875,39.5892448425293,0.2,-0.011877366108819842,0.8075398206710815,630,109.41517353057861,0.11976056545972824,15.617043852806091,0.0001,0.011429421,1000.0,1509.7310791015625,,
1398,128,374,524288,0.057421875,35.1827278137207,0.2,-0.00959910488309106,0.846916913986206,635,86.45280208587647,0.11979484558105469,15.614188599586488,0.0001,0.009758355,1000.0,1502.4793701171875,,
1396,129,378,528384,0.100927734375,40.312660217285156,0.2,-0.013974589679855853,0.856059730052948,640,102.61202735900879,0.11976588517427444,15.613920974731446,0.0001,0.013059006,1000.0,1474.708740234375,,
1399,130,380,532480,0.115380859375,46.81169509887695,0.2,-0.015147394593805074,0.8807653784751892,645,105.98559169769287,0.11969532817602158,15.618353390693665,0.0001,0.013425217,1000.0,1474.708740234375,,
1403,131,382,536576,0.069970703125,43.74686050415039,0.2,-0.012488005473278463,0.7718660831451416,650,120.21813163757324,0.11967361718416214,15.61937153339386,0.0001,0.010176868,1000.0,1474.708740234375,,
1406,132,384,540672,0.089453125,65.53749084472656,0.2,-0.012962516909465194,0.7005459070205688,655,151.2965410232544,0.11968773603439331,15.622404789924621,0.0001,0.012982023,1000.0,1459.2198486328125,,
1403,133,388,544768,0.105419921875,74.09942626953125,0.2,-0.014351382257882506,0.7467688322067261,660,163.59846458435058,0.11969779431819916,15.624789476394653,0.0001,0.012592239,1000.0,1486.95068359375,,
1407,134,390,548864,0.099658203125,51.36253356933594,0.2,-0.015382257627788932,0.8349608182907104,665,120.20106563568115,0.11971079558134079,15.626041698455811,0.0001,0.013307636,1000.0,1486.95068359375,,
1409,135,392,552960,0.0484375,49.57985305786133,0.2,-0.009654551511630416,0.6964966058731079,670,127.93572807312012,0.11969628185033798,15.627174639701844,0.0001,0.009061327,1000.0,1486.95068359375,,
1412,136,394,557056,0.048974609375,50.56166076660156,0.2,-0.009504919804749079,0.6407985687255859,675,125.24738445281983,0.11967062950134277,15.629008555412293,0.0001,0.010139587,1000.0,1469.3519287109375,,
1408,137,398,561152,0.071630859375,49.918155670166016,0.2,-0.010697015782352538,0.7020946145057678,680,123.05614757537842,0.11968286335468292,15.63174753189087,0.0001,0.01155162,1000.0,1463.5369873046875,,
1409,138,401,565248,0.122509765625,45.34519958496094,0.2,-0.01560382490279153,0.811495304107666,685,111.15087604522705,0.11976093798875809,15.625676679611207,0.0001,0.014657712,1000.0,1463.5369873046875,,
1411,139,403,569344,0.054248046875,97.46826171875,0.2,-0.009684359742095694,0.7398980259895325,690,243.44330444335938,0.11979332566261292,15.615742301940918,0.0001,0.009028507,997.99,1460.9732666015625,,
1414,140,405,573440,0.038623046875,151.7901153564453,0.2,-0.010718859022017569,0.653795599937439,695,369.40907402038573,0.11977436393499374,15.616575241088867,0.0001,0.008095233,997.99,1460.9732666015625,,
1407,141,410,577536,0.06650390625,108.09644317626953,0.2,-0.011818527104333043,0.7598637342453003,700,223.74210739135742,0.11976288259029388,15.621676588058472,0.0001,0.011096584,997.99,1432.4671630859375,,
1410,142,412,581632,0.118212890625,63.716796875,0.2,-0.0158045626943931,0.8208590745925903,705,145.50573081970214,0.11973071098327637,15.625468826293945,0.0001,0.01410736,997.99,1432.4671630859375,,
1412,143,414,585728,0.045166015625,58.65976333618164,0.2,-0.00799397259252146,0.6352219581604004,710,131.91614208221435,0.11971364170312881,15.630259490013122,0.0001,0.009151805,997.99,1429.5238037109375,,
1416,144,416,589824,0.065380859375,54.950836181640625,0.2,-0.010849241376854479,0.7377909421920776,715,125.87390155792237,0.119678795337677,15.63662655353546,0.0001,0.010619074,997.99,1429.5238037109375,,
1411,145,420,593920,0.075244140625,52.372684478759766,0.2,-0.011651310202432796,0.806640625,720,133.85171203613282,0.11962014436721802,15.64133574962616,0.0001,0.011231295,997.99,1398.776611328125,,
1414,146,422,598016,0.06201171875,64.03555297851562,0.2,-0.011200164700858295,0.815383791923523,725,151.90203647613527,0.11958207935094833,15.645493817329406,0.0001,0.010697795,997.99,1398.776611328125,,
1417,147,424,602112,0.088623046875,61.4444465637207,0.2,-0.013611702650086955,0.8521482348442078,730,147.7880702972412,0.11957075446844101,15.649881553649902,0.0001,0.011642705,997.99,1397.77978515625,,
1421,148,426,606208,0.098828125,63.187110900878906,0.2,-0.013660971773788333,0.8549001216888428,735,159.27686824798585,0.11950521916151047,15.653114771842956,0.0001,0.011340671,997.99,1397.77978515625,,
1416,149,430,610304,0.094873046875,49.61939239501953,0.2,-0.014291440870147198,0.8905434608459473,740,127.67221794128417,0.11946304142475128,15.660216426849365,0.0001,0.012631921,997.99,1409.0706787109375,,
1419,150,432,614400,0.094970703125,42.540618896484375,0.2,-0.013442795258015394,0.8494042158126831,745,103.83978538513183,0.11945871263742447,15.663835597038268,0.0001,0.012967463,997.99,1409.0706787109375,,
1422,151,434,618496,0.0845703125,42.729618072509766,0.2,-0.012822772929212078,0.5987284183502197,750,120.7093662261963,0.11943553388118744,15.66858479976654,0.0001,0.011361893,997.99,1403.1116943359375,,
1425,152,436,622592,0.066748046875,52.12458419799805,0.2,-0.010238712234422565,0.6746233105659485,755,118.01908836364746,0.11938417702913284,15.67519814968109,0.0001,0.010667952,997.99,1403.1116943359375,,
1421,153,440,626688,0.105126953125,57.13252258300781,0.2,-0.013507284165825695,0.7068266272544861,760,132.6551254272461,0.11931060254573822,15.68461229801178,0.0001,0.011890242,997.99,1369.5933837890625,,
1425,154,442,630784,0.074267578125,74.55229187011719,0.2,-0.011223123490344733,0.7693012952804565,765,168.20348739624023,0.11929792165756226,15.6964435338974,0.0001,0.010000398,997.99,1369.5933837890625,,
1427,155,444,634880,0.058544921875,62.35679244995117,0.2,-0.010619264328852296,0.7281714677810669,770,162.4272886276245,0.11930476874113083,15.700506019592286,0.0001,0.009379619,997.99,1358.2884521484375,,
1430,156,446,638976,0.067578125,61.123043060302734,0.2,-0.011757677013520151,0.7331061959266663,775,159.34341735839843,0.11929269880056381,15.70195667743683,0.0001,0.011050358,997.99,1340.8973388671875,,
1425,157,451,643072,0.123291015625,52.848480224609375,0.2,-0.014920770667959004,0.8161354064941406,780,123.97395305633545,0.11926348507404327,15.708228206634521,0.0001,0.012231099,997.99,1346.94921875,,
1428,158,453,647168,0.100390625,55.78720474243164,0.2,-0.01390645040664822,0.7780561447143555,785,139.4209674835205,0.1192290261387825,15.712766814231873,0.0001,0.012558854,997.99,1346.94921875,,
1430,159,455,651264,0.08388671875,57.70838165283203,0.2,-0.01255869902088307,0.7287428975105286,790,154.51713066101075,0.11923235654830933,15.715191578865051,0.0001,0.011127144,997.99,1340.9801025390625,,
1433,160,457,655360,0.115673828125,52.481266021728516,0.2,-0.015262724010972306,0.7729092836380005,795,128.83710041046143,0.11929190903902054,15.714032244682311,0.0001,0.0137968175,997.99,1330.306884765625,,
1431,161,460,659456,0.110498046875,56.136871337890625,0.2,-0.01359467051224783,0.786502480506897,800,125.57545986175538,0.1192585825920105,15.715110516548156,0.0001,0.013362347,997.99,1370.6356201171875,,
1434,162,462,663552,0.093701171875,49.56644058227539,0.2,-0.012762292893603444,0.7541085481643677,805,119.026708984375,0.119248166680336,15.72132430076599,0.0001,0.012658868,997.99,1370.6356201171875,,
1437,163,464,667648,0.094775390625,44.37665557861328,0.2,-0.011811406846391037,0.7797372937202454,810,100.3928731918335,0.1192481517791748,15.724878478050233,0.0001,0.011453736,997.99,1365.43359375,,
1439,164,466,671744,0.121533203125,61.390403747558594,0.2,-0.014867425069678575,0.7781959176063538,815,142.28849544525147,0.1192212626338005,15.73038854598999,0.0001,0.012535784,997.99,1362.9095458984375,,
1437,165,469,675840,0.073876953125,39.132938385009766,0.2,-0.010934596438892186,0.8541629314422607,820,102.95322875976562,0.11920177191495895,15.73970594406128,0.0001,0.011186162,1000.0,1387.3837890625,,
1441,166,471,679936,0.100830078125,42.75890350341797,0.2,-0.012005035590846092,0.7856209874153137,825,97.45935688018798,0.11912265419960022,15.743674421310425,0.0001,0.011769809,1000.0,1387.3837890625,,
1443,167,473,684032,0.08037109375,51.492088317871094,0.2,-0.011679618296329863,0.7084394693374634,830,123.58877067565918,0.11907828599214554,15.74918508529663,0.0001,0.011084224,1000.0,1383.26025390625,,
1441,168,477,688128,0.133740234375,49.673458099365234,0.2,-0.01467636413872242,0.7747142314910889,835,109.26559772491456,0.11906455457210541,15.74708149433136,0.0001,0.0139658265,1000.0,1451.1612548828125,,
1443,169,479,692224,0.12822265625,52.0293083190918,0.2,-0.014885041426168755,0.731630802154541,840,116.29811267852783,0.11904890835285187,15.750475645065308,0.0001,0.0130018,1000.0,1451.1612548828125,,
1445,170,481,696320,0.104638671875,39.100372314453125,0.2,-0.012950900907162577,0.5527933835983276,845,99.62164936065673,0.11898015439510345,15.75903778076172,0.0001,0.012191841,1000.0,1454.90380859375,,
1448,171,483,700416,0.117822265625,38.89394760131836,0.2,-0.014115552220027893,0.6245546340942383,850,97.04094161987305,0.11893079429864883,15.767273497581481,0.0001,0.013674037,1000.0,1454.90380859375,,
1444,172,487,704512,0.1291015625,40.166744232177734,0.2,-0.014990139770088718,0.7840472459793091,855,93.82546577453613,0.11888221651315689,15.772627258300782,0.0001,0.014968205,1000.0,1483.6004638671875,,
1446,173,489,708608,0.173291015625,26.71068000793457,0.2,-0.016963642067275943,0.8743187785148621,860,64.06264762878418,0.11875920742750168,15.781483364105224,0.0001,0.017091606,1000.0,1483.6004638671875,,
1449,174,491,712704,0.102001953125,67.38790130615234,0.2,-0.011013163917232305,0.7374606132507324,865,170.16735057830812,0.11870907247066498,15.794544768333434,0.0001,0.011104617,998.25,1478.1824951171875,,
1452,175,493,716800,0.04521484375,117.0080795288086,0.2,-0.009300743881613015,0.6172933578491211,870,263.56912117004396,0.11872542649507523,15.79766595363617,0.0001,0.008440387,998.25,1478.1824951171875,,
1449,176,497,720896,0.031103515625,85.50607299804688,0.2,-0.008047598495613784,0.6685839891433716,875,223.8546569824219,0.11873124539852142,15.79694926738739,0.0001,0.0077011073,998.25,1526.127197265625,,
1451,177,499,724992,0.089599609375,62.03697204589844,0.2,-0.0141018302179873,0.7638885974884033,880,156.32947750091552,0.11872085928916931,15.79929187297821,0.0001,0.012065472,998.25,1526.127197265625,,
1454,178,501,729088,0.094921875,42.65684127807617,0.2,-0.012447321158833801,0.8198835849761963,885,97.80797863006592,0.11872190982103348,15.805648708343506,0.0001,0.011304015,998.25,1520.75732421875,,
1456,179,503,733184,0.1548828125,29.714021682739258,0.2,-0.014916948368772864,0.8711011409759521,890,74.66022443771362,0.11860975623130798,15.81728413105011,0.0001,0.01435812,998.25,1520.75732421875,,
1454,180,507,737280,0.133251953125,26.486324310302734,0.2,-0.014790863986127079,0.877177357673645,895,75.00222320556641,0.11860579252243042,15.825304579734802,0.0001,0.013347935,998.25,1548.4456787109375,,
1456,181,508,741376,0.126220703125,45.27437973022461,0.2,-0.01434701582766138,0.8199513554573059,900,106.04607543945312,0.1185365617275238,15.833832502365112,0.0001,0.013425002,998.25,1548.4456787109375,,
1459,182,510,745472,0.068896484375,82.27436828613281,0.2,-0.012690172618022189,0.6769324541091919,905,177.3556049346924,0.11847883462905884,15.846991896629333,0.0001,0.010297163,998.25,1538.4801025390625,,
1461,183,512,749568,0.08974609375,69.04039764404297,0.2,-0.012190447153989226,0.5072489976882935,910,162.69356727600098,0.11846739053726196,15.854066562652587,0.0001,0.011130817,998.25,1538.4801025390625,,
1398,184,538,753664,0.09912109375,74.89318084716797,0.2,-0.013907890432165004,0.5178878307342529,915,170.16860580444336,0.11843197047710419,15.857269501686096,0.0001,0.012028922,998.25,1527.040771484375,2.423009282009771,250000
1400,185,540,757760,0.12470703125,63.61131286621094,0.2,-0.01365142221620772,0.7167008519172668,920,142.2562696456909,0.11841735243797302,15.861194133758545,0.0001,0.013620502,998.25,1520.8260498046875,,
1403,186,542,761856,0.0740234375,86.69967651367188,0.2,-0.011344103259034455,0.7286179661750793,925,196.40613441467286,0.11841175705194473,15.863785672187806,0.0001,0.010349029,998.25,1520.8260498046875,,
1406,187,544,765952,0.091845703125,87.75874328613281,0.2,-0.012909273558761925,0.7070621252059937,930,193.8911018371582,0.11839210242033005,15.867032718658447,0.0001,0.011942048,998.25,1520.8260498046875,,
1403,188,548,770048,0.11181640625,80.28462982177734,0.2,-0.013578126032371074,0.7663748860359192,935,187.46419792175294,0.11839383840560913,15.868390893936157,0.0001,0.013165895,998.25,1527.33203125,,
1405,189,550,774144,0.119580078125,65.49309539794922,0.2,-0.015374970462289639,0.7927095890045166,940,136.9652711868286,0.11841081082820892,15.868152165412903,0.0001,0.012810582,998.25,1519.552490234375,,
1408,190,552,778240,0.0865234375,45.608673095703125,0.2,-0.011870838748291136,0.7057567834854126,945,118.27027015686035,0.11840648204088211,15.866886639595032,0.0001,0.012549646,998.25,1519.552490234375,,
1411,191,554,782336,0.102099609375,38.37938690185547,0.2,-0.01234404140850529,0.7587651014328003,950,100.68447532653809,0.11843670159578323,15.867978501319886,0.0001,0.013330837,998.25,1519.552490234375,,
1408,192,558,786432,0.10498046875,43.96153259277344,0.2,-0.014203179336618632,0.8156754970550537,955,101.40651512145996,0.11838668584823608,15.871131014823913,0.0001,0.013038265,998.25,1559.4111328125,,
1410,193,560,790528,0.147021484375,34.5863151550293,0.2,-0.014120554970577359,0.8859624266624451,960,76.50377769470215,0.11829535663127899,15.885387015342712,0.0001,0.016296897,998.25,1558.0736083984375,,
1412,194,562,794624,0.138916015625,18.730815887451172,0.2,-0.013320745702367276,0.9273000955581665,965,50.74633617401123,0.11822966486215591,15.89523892402649,0.0001,0.014657392,998.25,1558.0736083984375,,
1415,195,564,798720,0.145263671875,21.860319137573242,0.2,-0.014621301949955524,0.9343910813331604,970,55.6451189994812,0.11812382191419601,15.905044341087342,0.0001,0.015300737,998.25,1558.0736083984375,,
1412,196,568,802816,0.106689453125,25.959339141845703,0.2,-0.012103502539684997,0.9210250973701477,975,65.70943841934204,0.11803077161312103,15.920223665237426,0.0001,0.012456643,998.25,1561.69482421875,,
1414,197,570,806912,0.08857421875,32.99314498901367,0.2,-0.011645458010025322,0.8763181567192078,980,87.53411502838135,0.1179746463894844,15.9308522939682,0.0001,0.011164754,998.25,1554.2454833984375,,
1416,198,572,811008,0.05185546875,47.84905242919922,0.2,-0.008951412938768045,0.857320249080658,985,130.19682235717772,0.1179884597659111,15.936206412315368,0.0001,0.008845875,998.25,1554.2454833984375,,
1417,199,575,815104,0.12236328125,44.27973556518555,0.2,-0.016740014695096762,0.8995966911315918,990,115.82761001586914,0.11798987537622452,15.937277102470398,0.0001,0.013375327,998.25,1539.619384765625,,
1412,200,580,819200,0.105029296875,39.036903381347656,0.2,-0.013741118198959157,0.9317780137062073,995,99.23775177001953,0.11797640472650528,15.942381572723388,0.0001,0.012235383,1000.0,1534.7183837890625,,
1413,201,582,823296,0.1076171875,80.39444732666016,0.2,-0.012023880775086582,0.9209454655647278,1000,159.68269844055175,0.11790690571069717,15.948802161216737,0.0001,0.011497065,1000.0,1521.6544189453125,,
1415,202,584,827392,0.07646484375,93.35334777832031,0.2,-0.011775112320901827,0.8860645890235901,1005,207.35382194519042,0.11789613217115402,15.95371379852295,0.0001,0.009072628,1000.0,1521.6544189453125,,
1417,203,586,831488,0.068505859375,86.89535522460938,0.2,-0.011702090653125196,0.8769588470458984,1010,205.3627986907959,0.1178692877292633,15.954134774208068,0.0001,0.010033589,1000.0,1500.233154296875,,
1415,204,590,835584,0.085498046875,90.4231948852539,0.2,-0.01414106251031626,0.8792086243629456,1015,203.9489318847656,0.11785256117582321,15.957678866386413,0.0001,0.011617212,1000.0,1503.1171875,,
1417,205,592,839680,0.084375,51.80661392211914,0.2,-0.013022005977109074,0.8195565938949585,1020,114.42324638366699,0.11782263219356537,15.96132652759552,0.0001,0.010650174,1000.0,1495.2225341796875,,
1419,206,594,843776,0.1220703125,61.315433502197266,0.2,-0.015083078504540026,0.7941346764564514,1025,146.55453205108643,0.11775961518287659,15.96654279232025,0.0001,0.012153378,1000.0,1495.2225341796875,,
1421,207,596,847872,0.090234375,56.64594650268555,0.2,-0.013440452446229757,0.8309411406517029,1030,135.94591426849365,0.1177409440279007,15.971606874465943,0.0001,0.010678088,1000.0,1493.900146484375,,
1418,208,600,851968,0.106298828125,75.79944610595703,0.2,-0.013698328583268448,0.8233079314231873,1035,167.66812171936036,0.11772898584604263,15.975238180160522,0.0001,0.01336485,1000.0,1540.94873046875,,
1420,209,602,856064,0.0828125,72.51783752441406,0.2,-0.012358954024966807,0.6788500547409058,1040,171.92837791442872,0.11770075559616089,15.979830312728883,0.0001,0.010993011,1000.0,1534.8408203125,,
1422,210,604,860160,0.072216796875,46.41524887084961,0.2,-0.011763661296572536,0.6320414543151855,1045,132.80040817260743,0.11767139285802841,15.985179114341737,0.0001,0.01038654,1000.0,1534.8408203125,,
1420,211,608,864256,0.082275390625,47.604618072509766,0.2,-0.01228695921599865,0.4520244002342224,1050,124.7131950378418,0.11761932820081711,15.9905597448349,0.0001,0.010061323,1000.0,1541.4111328125,,
1421,212,610,868352,0.099267578125,56.085025787353516,0.2,-0.014526164333801717,0.5172982215881348,1055,138.89176654815674,0.11760759353637695,15.996793413162232,0.0001,0.013338116,1000.0,1541.4111328125,,
1423,213,612,872448,0.09833984375,55.586952209472656,0.2,-0.014071161637548357,0.7049631476402283,1060,139.99083995819092,0.1176120713353157,16.00044753551483,0.0001,0.01217376,1000.0,1530.626708984375,,
1425,214,614,876544,0.122705078125,50.69325637817383,0.2,-0.01515798552427441,0.6595203876495361,1065,127.61964416503906,0.11764393001794815,16.000113701820375,0.0001,0.0134317,1000.0,1530.626708984375,,
1421,215,619,880640,0.130517578125,56.358314514160156,0.2,-0.016894623299594968,0.6822787523269653,1070,140.13525047302247,0.117731973528862,15.995104813575745,0.0001,0.014017513,1000.0,1545.4200439453125,,
1423,216,621,884736,0.1255859375,43.101844787597656,0.2,-0.014460350968874991,0.7819477319717407,1075,109.98133544921875,0.11771196126937866,15.994659447669983,0.0001,0.013736938,1000.0,1545.4200439453125,,
1425,217,623,888832,0.0791015625,58.96003723144531,0.2,-0.01162864852230996,0.8100001811981201,1080,147.88459491729736,0.11772927641868591,16.001462388038636,0.0001,0.009624292,1000.0,1536.56689453125,,
1427,218,625,892928,0.100927734375,46.14932632446289,0.2,-0.014567124319728463,0.8508689999580383,1085,120.71276397705078,0.11770045012235641,16.002441692352296,0.0001,0.0124570485,1000.0,1536.56689453125,,
1426,219,629,897024,0.093701171875,48.35735321044922,0.2,-0.0138443983043544,0.8648802042007446,1090,120.69901752471924,0.1176675334572792,16.008640670776366,0.0001,0.012093754,1000.0,1534.8548583984375,,
1427,220,631,901120,0.09716796875,37.21223068237305,0.2,-0.012583504535723478,0.9012840390205383,1095,87.35087928771972,0.11763813346624374,16.012713384628295,0.0001,0.012287326,1000.0,1534.8548583984375,,
1429,221,633,905216,0.0830078125,94.76962280273438,0.2,-0.012143485085107385,0.6617717742919922,1100,218.00758628845216,0.1175946593284607,16.017067241668702,0.0001,0.0099520795,1000.0,1524.126220703125,,
1432,222,634,909312,0.100146484375,89.09896087646484,0.2,-0.013792902359273284,0.7206915616989136,1105,199.93665237426757,0.11750897765159607,16.025828790664672,0.0001,0.012334717,1000.0,1524.126220703125,,
1429,223,638,913408,0.079248046875,99.25015258789062,0.2,-0.011329525633482263,0.654831051826477,1110,219.56072387695312,0.11747811734676361,16.036363220214845,0.0001,0.009334165,1000.0,1531.4061279296875,,
1431,224,640,917504,0.093408203125,70.93714141845703,0.2,-0.012571291736094281,0.7828735113143921,1115,176.97893676757812,0.11749639362096786,16.03891167640686,0.0001,0.012053787,1000.0,1531.4061279296875,,
1433,225,642,921600,0.089990234375,43.95075988769531,0.2,-0.011864030151627958,0.8499137759208679,1120,113.34249496459961,0.11744093894958496,16.040271282196045,0.0001,0.011300036,1000.0,1517.0035400390625,,
1435,226,644,925696,0.1837890625,38.37282180786133,0.2,-0.01711362478672527,0.8558332920074463,1125,86.79135665893554,0.11744663864374161,16.041454219818114,0.0001,0.01682183,1000.0,1517.0035400390625,,
1431,227,649,929792,0.133544921875,43.88254165649414,0.2,-0.014026646106503903,0.8492793440818787,1130,96.81726818084717,0.1174652948975563,16.04151029586792,0.0001,0.012923885,999.33,1535.98876953125,,
1433,228,651,933888,0.11572265625,35.8153190612793,0.2,-0.013270922587253153,0.8315823078155518,1135,110.78113613128662,0.11743336915969849,16.048845958709716,0.0001,0.014959959,999.33,1529.6212158203125,,
1435,229,653,937984,0.1015625,45.29318618774414,0.2,-0.012284774199360981,0.7499774098396301,1140,116.79007549285889,0.11742822825908661,16.052023220062257,0.0001,0.010894233,999.33,1529.6212158203125,,
1436,230,655,942080,0.080908203125,37.52119064331055,0.2,-0.011922735621919856,0.765657901763916,1145,101.56667804718018,0.1174197569489479,16.049610805511474,0.0001,0.01206899,999.33,1527.2711181640625,,
1435,231,659,946176,0.094921875,34.52831268310547,0.2,-0.013372292718850076,0.8064324855804443,1150,86.12553730010987,0.11743161827325821,16.050771474838257,0.0001,0.012623463,999.33,1567.6143798828125,,
1437,232,661,950272,0.15439453125,43.50035095214844,0.2,-0.01676749853650108,0.8235779404640198,1155,96.40909080505371,0.11740284413099289,16.049639797210695,0.0001,0.015432072,999.33,1557.2120361328125,,
1439,233,663,954368,0.080712890625,30.83456039428711,0.2,-0.011703461594879627,0.8175777792930603,1160,85.84063768386841,0.1173529401421547,16.055323219299318,0.0001,0.009864083,999.33,1557.2120361328125,,
1441,234,665,958464,0.12607421875,30.082677841186523,0.2,-0.016114295506849886,0.8307806253433228,1165,84.55867042541504,0.11733485758304596,16.063189458847045,0.0001,0.012722788,999.33,1558.2333984375,,
1439,235,668,962560,0.08935546875,33.308311462402344,0.2,-0.012229126051533968,0.8364868760108948,1170,91.9155445098877,0.1173294186592102,16.06779088973999,0.0001,0.011250978,999.33,1595.0556640625,,
1441,236,670,966656,0.165087890625,42.484554290771484,0.2,-0.01684449800522998,0.8408425450325012,1175,100.26446876525878,0.11731114983558655,16.07019000053406,0.0001,0.015316405,999.33,1584.75244140625,,
1443,237,672,970752,0.0966796875,34.810096740722656,0.2,-0.012612335640005768,0.8626363277435303,1180,91.36312885284424,0.1173139214515686,16.07002854347229,0.0001,0.011376651,999.33,1584.75244140625,,
1445,238,674,974848,0.082421875,39.84781265258789,0.2,-0.011200251983245835,0.8768030405044556,1185,93.1054063796997,0.11729148775339127,16.07191605567932,0.0001,0.01190262,999.33,1573.3818359375,,
1443,239,678,978944,0.1375,39.94655990600586,0.2,-0.016724407859146594,0.8864628076553345,1190,102.35604648590088,0.11726026982069016,16.07891082763672,0.0001,0.014840397,999.33,1588.2794189453125,,
1444,240,680,983040,0.112255859375,43.18450164794922,0.2,-0.014349635399412364,0.8759444952011108,1195,103.24580116271973,0.11724558472633362,16.083839178085327,0.0001,0.013203335,999.33,1581.3162841796875,,
1446,241,682,987136,0.124462890625,52.0192985534668,0.2,-0.016558819462079554,0.8346444964408875,1200,132.2460739135742,0.11721856892108917,16.093615007400512,0.0001,0.012927145,999.33,1581.3162841796875,,
1448,242,684,991232,0.109228515625,44.11112594604492,0.2,-0.01336192624294199,0.8532165288925171,1205,108.12826423645019,0.11713752895593643,16.102845907211304,0.0001,0.012106191,999.33,1571.09130859375,,
1445,243,688,995328,0.10888671875,69.80695343017578,0.2,-0.014550585596589371,0.8442789316177368,1210,140.2078462600708,0.11708024889230728,16.112249040603636,0.0001,0.012334081,999.33,1574.5771484375,,
1447,244,690,999424,0.096533203125,63.50047302246094,0.2,-0.013664363243151456,0.8268280625343323,1215,143.29671936035157,0.11708272248506546,16.117463445663454,0.0001,0.013030612,998.84,1568.4769287109375,,
1405,245,714,1003520,0.065576171875,138.50804138183594,0.2,-0.011345731947221794,0.7066901922225952,1220,251.39402656555177,0.1171090230345726,16.117422533035278,0.0001,0.01024184,998.84,1568.4769287109375,2.428696240561755,250000
1406,246,716,1007616,0.075390625,76.70738983154297,0.2,-0.011328477703500539,0.7989602088928223,1225,179.17489204406738,0.11710561066865921,16.11740126609802,0.0001,0.010142276,998.84,1556.397216796875,,
1403,247,720,1011712,0.116455078125,68.70638275146484,0.2,-0.013816045771818608,0.8422560691833496,1230,158.44306449890138,0.11710923910140991,16.122969007492067,0.0001,0.012088217,998.84,1599.4312744140625,,
1404,248,723,1015808,0.112255859375,46.31047439575195,0.2,-0.013746913801878691,0.717004656791687,1235,105.6640588760376,0.11711227148771286,16.125843334198,0.0001,0.012478021,998.84,1595.7393798828125,,
1406,249,725,1019904,0.049169921875,33.4630012512207,0.2,-0.008483864390291274,0.6281137466430664,1240,92.04431056976318,0.11709489673376083,16.12657551765442,0.0001,0.008523271,998.84,1595.7393798828125,,
1404,250,729,1024000,0.0859375,27.95221710205078,0.2,-0.009628657478606329,0.6426678895950317,1245,68.97367010116577,0.11709987372159958,16.1265775680542,0.0001,0.0121603785,999.51,1548.3253173828125,,
1403,251,732,1028096,0.138720703125,38.377098083496094,0.2,-0.01581351580680348,0.6611206531524658,1250,88.10786094665528,0.11702453345060349,16.126834106445312,0.0001,0.014077224,999.51,1548.3253173828125,,
1405,252,734,1032192,0.11181640625,55.50543212890625,0.2,-0.012956658890470863,0.7337100505828857,1255,121.59511585235596,0.11700433492660522,16.136551189422608,0.0001,0.011914931,999.51,1547.7421875,,
1406,253,736,1036288,0.099755859375,65.04126739501953,0.2,-0.013456034660339355,0.722396969795227,1260,144.46050357818604,0.11698967218399048,16.13687252998352,0.0001,0.010639702,999.51,1547.7421875,,
1404,254,740,1040384,0.0859375,68.77000427246094,0.2,-0.011690034240018576,0.6676449179649353,1265,160.92228660583496,0.11696963757276535,16.13908896446228,0.0001,0.010217557,999.51,1545.5697021484375,,
1405,255,742,1044480,0.1029296875,49.58686447143555,0.2,-0.01468050469411537,0.8175452947616577,1270,120.86204433441162,0.11693675816059113,16.142894411087035,0.0001,0.012178622,999.51,1545.5697021484375,,
1407,256,745,1048576,0.109228515625,54.98329544067383,0.2,-0.014264265244128183,0.7882444262504578,1275,134.08980808258056,0.11687269806861877,16.148462772369385,0.0001,0.012077903,999.51,1532.00439453125,,
1408,257,747,1052672,0.0974609375,49.43413543701172,0.2,-0.012429540255106985,0.7973489165306091,1280,122.40002193450928,0.11692629009485245,16.154042959213257,0.0001,0.011552632,999.51,1532.00439453125,,
1407,258,750,1056768,0.115185546875,56.01500701904297,0.2,-0.015120636264327914,0.7663692235946655,1285,124.19345817565917,0.11693296581506729,16.15346074104309,0.0001,0.013693389,999.51,1489.660888671875,,
1408,259,753,1060864,0.094287109375,45.35441207885742,0.2,-0.011698750086361542,0.8290464878082275,1290,112.70674781799316,0.11684530973434448,16.159250736236572,0.0001,0.012641497,999.51,1472.5028076171875,,
1410,260,755,1064960,0.0779296875,53.396995544433594,0.2,-0.01099825082346797,0.8143196702003479,1295,132.56336002349855,0.11684463173151016,16.167270469665528,0.0001,0.010994142,999.51,1472.5028076171875,,
1412,261,756,1069056,0.06728515625,31.04084587097168,0.2,-0.010891629324760288,0.8946530222892761,1300,88.35113639831543,0.11683722585439682,16.169670724868773,0.0001,0.010981983,999.51,1472.5028076171875,,
1410,262,760,1073152,0.073388671875,33.462398529052734,0.2,-0.010865973017644137,0.9027696251869202,1305,94.11803073883057,0.11680067330598831,16.174309396743773,0.0001,0.010516945,999.51,1507.5386962890625,,
1412,263,762,1077248,0.112744140625,35.42815399169922,0.2,-0.014088964217808097,0.9061554670333862,1310,89.16459617614746,0.11673169583082199,16.183490657806395,0.0001,0.012573054,999.51,1507.6016845703125,,
1413,264,764,1081344,0.077197265625,93.29051971435547,0.2,-0.01132278295699507,0.7632776498794556,1315,208.5389419555664,0.11673109233379364,16.193940496444704,0.0001,0.010517992,999.51,1507.6016845703125,,
1415,265,766,1085440,0.04873046875,93.36420440673828,0.2,-0.010391534469090403,0.8058376312255859,1320,203.42013816833497,0.11675716936588287,16.19327607154846,0.0001,0.00993084,999.51,1507.6016845703125,,
1412,266,771,1089536,0.073291015625,97.9065170288086,0.2,-0.011155782523564995,0.8117985725402832,1325,216.9390323638916,0.11677556484937668,16.19041051864624,0.0001,0.011396524,999.51,1509.8388671875,,
1414,267,773,1093632,0.116845703125,70.08976745605469,0.2,-0.013614423183025793,0.8216114044189453,1330,151.4052930831909,0.11680155247449875,16.191288661956786,0.0001,0.012739301,999.51,1505.548095703125,,
1415,268,775,1097728,0.08955078125,41.38428497314453,0.2,-0.012399081094190478,0.8507885932922363,1335,105.07518653869629,0.11682184040546417,16.1937246799469,0.0001,0.010671329,999.51,1505.548095703125,,
1416,269,777,1101824,0.085302734375,86.48025512695312,0.2,-0.013147284113802015,0.7925710678100586,1340,195.001700592041,0.11680056154727936,16.196765422821045,0.0001,0.011913908,999.51,1497.0506591796875,,
1415,270,781,1105920,0.083056640625,83.54991912841797,0.2,-0.013976195181021467,0.799736499786377,1345,184.89814472198486,0.11681114882230759,16.19930362701416,0.0001,0.012585055,1000.0,1536.061279296875,,
1417,271,783,1110016,0.067236328125,64.20381164550781,0.2,-0.010080486885271966,0.844869077205658,1350,154.2590759277344,0.11688181012868881,16.198043537139892,0.0001,0.012306101,1000.0,1510.6524658203125,,
1418,272,785,1114112,0.07744140625,72.7922134399414,0.2,-0.013537629874190316,0.7485014796257019,1355,171.37840328216552,0.11689631640911102,16.192602968215944,0.0001,0.011341735,1000.0,1510.6524658203125,,
1420,273,787,1118208,0.0578125,58.95629119873047,0.2,-0.011072727374266834,0.7911697626113892,1360,142.7969659805298,0.11688119173049927,16.195266819000246,0.0001,0.0095380675,1000.0,1504.95458984375,,
