mufredat/çukur,mufredat/eğim y,time/iterations,time/fps,mufredat/eğim x,time/total_timesteps,time/time_elapsed,mufredat/yayla,train/clip_fraction,train/entropy_loss,train/clip_range,train/loss,train/approx_kl,train/value_loss,train/std,train/n_updates,train/explained_variance,train/policy_gradient_loss,train/learning_rate,rollout/ep_len_mean,rollout/ep_rew_mean,eval/skor,eval/en_iyi_adim
0.0,0.0,1,1928,0.0,4096,2,0.0,,,,,,,,,,,,,,,
0.0,0.0,2,1944,0.0,8192,4,0.0,0.072314453125,17.324446439743042,0.2,50.121307373046875,0.009350456,127.07895412445069,0.11055513471364975,3055,0.9260204434394836,-0.01127303513349034,0.0001,,,,
0.0,0.0,3,1897,0.0,12288,6,0.0,0.071728515625,17.325457906723024,0.2,33.151214599609375,0.010058714,97.06479110717774,0.11055582761764526,3060,0.9513424634933472,-0.010244730237172917,0.0001,,,,
1.0,0.5,4,1778,0.0,16384,9,0.5,0.08359375,17.325573110580443,0.2,31.17597770690918,0.012198603,91.73233060836792,0.11056546121835709,3065,0.9556392431259155,-0.013104454870335758,0.0001,1000.0,2256.571044921875,,
1.0,0.5,5,1790,0.0,20480,11,0.5,0.11708984375,17.331771183013917,0.2,29.460256576538086,0.013117028,74.88479824066162,0.11054549366235733,3070,0.9580831527709961,-0.012591471837367862,0.0001,1000.0,2256.571044921875,,
1.0,0.5,6,1806,0.0,24576,13,0.5,0.081982421875,17.34126501083374,0.2,22.433658599853516,0.0105243055,70.47357244491577,0.11051464080810547,3075,0.9578909277915955,-0.008109258208423852,0.0001,1000.0,2256.571044921875,,
1.0,0.5,7,1830,0.0,28672,15,0.5,0.081884765625,17.347997903823853,0.2,21.420473098754883,0.010391347,63.38366460800171,0.11048377305269241,3080,0.9556512236595154,-0.010916292609181255,0.0001,1000.0,2256.571044921875,,
1.875,1.5,8,1814,0.5,32768,18,1.5,0.074365234375,17.356486654281618,0.2,21.613115310668945,0.010626722,65.59152584075927,0.11044826358556747,3085,0.9618836045265198,-0.011397911742096766,0.0001,1000.0,2286.90576171875,,
1.875,1.5,9,1847,0.5,36864,19,1.5,0.101708984375,17.363796138763426,0.2,23.877517700195312,0.011986778,58.87685661315918,0.11043011397123337,3090,0.9570803046226501,-0.011515925050480292,0.0001,1000.0,2286.90576171875,,
1.875,1.5,10,1881,0.5,40960,21,1.5,0.122216796875,17.369734001159667,0.2,21.451501846313477,0.014015026,58.35760898590088,0.1104431003332138,3095,0.9571816921234131,-0.010188878484768793,0.0001,1000.0,2286.90576171875,,
1.875,1.5,11,1905,0.5,45056,23,1.5,0.11982421875,17.376458168029785,0.2,11.333091735839844,0.011311235,40.287133026123044,0.11044444888830185,3100,0.9726687669754028,-0.007585098809795454,0.0001,1000.0,2286.90576171875,,
2.125,2.5,12,1897,1.0,49152,25,2.0,0.165478515625,17.386741590499877,0.2,13.855264663696289,0.015927374,38.380342435836795,0.11036685854196548,3105,0.9763522148132324,-0.00861296015791595,0.0001,1000.0,2160.02734375,,
2.125,2.5,13,1914,1.0,53248,27,2.0,0.17783203125,17.40004963874817,0.2,23.276092529296875,0.017403528,54.455622577667235,0.11035974323749542,3110,0.967067539691925,-0.010748829104704783,0.0001,1000.0,2160.02734375,,
2.125,2.5,14,1932,1.0,57344,29,2.0,0.129736328125,17.405202913284302,0.2,58.30268859863281,0.01128176,131.9001564025879,0.1103571355342865,3115,0.8504196405410767,-0.011298716522287578,0.0001,1000.0,2160.02734375,,
2.125,2.5,15,1949,1.0,61440,31,2.0,0.117626953125,17.406606197357178,0.2,24.929302215576172,0.012441844,67.63488836288452,0.1103905737400055,3120,0.9276091456413269,-0.014209662505891174,0.0001,1000.0,2160.02734375,,
2.875,1.5,16,1939,2.0,65536,33,2.5,0.134033203125,17.40378336906433,0.2,13.683833122253418,0.01393903,45.49623293876648,0.11041909456253052,3125,0.9512761831283569,-0.013467971287900582,0.0001,1000.0,2104.6396484375,,
2.875,1.5,17,1954,2.0,69632,35,2.5,0.16923828125,17.403011798858643,0.2,26.97646141052246,0.01606804,57.44497480392456,0.1104193851351738,3130,0.9432691335678101,-0.01413429356762208,0.0001,1000.0,2104.6396484375,,
2.875,1.5,18,1966,2.0,73728,37,2.5,0.1478515625,17.40189309120178,0.2,40.56903839111328,0.01639789,105.34015483856201,0.11044792085886002,3135,0.8485730886459351,-0.012208326935069635,0.0001,1000.0,2104.6396484375,,
2.875,1.5,19,1976,2.0,77824,39,2.5,0.147900390625,17.40302996635437,0.2,21.91671371459961,0.014168141,52.41759262084961,0.11045199632644653,3140,0.9218986630439758,-0.012724336259998381,0.0001,1000.0,2104.6396484375,,
3.25,2.0,20,1967,3.0,81920,41,3.5,0.16708984375,17.40797381401062,0.2,14.906133651733398,0.015142938,39.32690477371216,0.11042100191116333,3145,0.9363765716552734,-0.01117146493634209,0.0001,1000.0,2090.796875,,
3.25,2.0,21,1977,3.0,86016,43,3.5,0.18310546875,17.41551637649536,0.2,27.056549072265625,0.018056002,59.35033912658692,0.11038525402545929,3150,0.9416927099227905,-0.012429938931018115,0.0001,1000.0,2090.796875,,
3.25,2.0,22,1986,3.0,90112,45,3.5,0.153857421875,17.416806173324584,0.2,52.44112014770508,0.014343433,128.7659599304199,0.11037351191043854,3155,0.9102663993835449,-0.013131839479319752,0.0001,1000.0,2090.796875,,
3.25,2.0,23,1994,3.0,94208,47,3.5,0.10810546875,17.419751405715942,0.2,36.660865783691406,0.012409652,93.92838897705079,0.11035424470901489,3160,0.9405499696731567,-0.01223171736637596,0.0001,1000.0,2090.796875,,
3.875,2.5,24,1986,2.5,98304,49,4.5,0.146435546875,17.428799152374268,0.2,23.75540542602539,0.013775766,67.39894514083862,0.11036799103021622,3165,0.9522458910942078,-0.015055283077526838,0.0001,1000.0,2059.426513671875,,
3.875,2.5,25,1995,2.5,102400,51,4.5,0.13759765625,17.428746366500853,0.2,27.945695877075195,0.014940534,71.20400018692017,0.11036080121994019,3170,0.9430548548698425,-0.013905764906667173,0.0001,1000.0,2059.426513671875,,
3.875,2.5,26,2003,2.5,106496,53,4.5,0.142431640625,17.429840517044067,0.2,36.31376266479492,0.014136512,87.3800760269165,0.11028821766376495,3175,0.9171080589294434,-0.0140181936963927,0.0001,1000.0,2059.426513671875,,
3.875,2.5,27,2012,2.5,110592,54,4.5,0.191845703125,17.435360145568847,0.2,24.913801193237305,0.017565103,67.94168348312378,0.11028458923101425,3180,0.9385988712310791,-0.014918705506715924,0.0001,1000.0,2059.426513671875,,
4.25,2.0,28,2006,3.5,114688,57,5.5,0.145751953125,17.434545946121215,0.2,40.285423278808594,0.014467851,99.80529804229737,0.11028744280338287,3185,0.9210569858551025,-0.01284792775986716,0.0001,1000.0,1990.1937255859375,,
4.25,2.0,29,2013,3.5,118784,58,5.5,0.14501953125,17.437368392944336,0.2,25.965503692626953,0.0155703705,66.31280784606933,0.11031247675418854,3190,0.935088038444519,-0.013663278473541141,0.0001,1000.0,1990.1937255859375,,
4.25,2.0,30,2019,3.5,122880,60,5.5,0.086572265625,17.438602638244628,0.2,20.951980590820312,0.011289204,55.624999332427976,0.11031235009431839,3195,0.9278438091278076,-0.0077695695916190745,0.0001,1000.0,1990.1937255859375,,
4.25,2.0,31,2026,3.5,126976,62,5.5,0.100048828125,17.441075325012207,0.2,31.262187957763672,0.012289572,76.98658676147461,0.11031493544578552,3200,0.9076827764511108,-0.011295032713678665,0.0001,1000.0,1990.1937255859375,,
4.125,1.0,32,2022,3.0,131072,64,6.5,0.09990234375,17.44213285446167,0.2,25.928239822387695,0.010894799,57.143409156799315,0.11032861471176147,3205,0.9357714056968689,-0.012027114868396893,0.0001,1000.0,1894.891845703125,,
4.125,1.0,33,2030,3.0,135168,66,6.5,0.112109375,17.439109325408936,0.2,38.33137512207031,0.0123030795,93.95962696075439,0.11033449321985245,3210,0.9030653238296509,-0.012161552137695254,0.0001,1000.0,1894.891845703125,,
4.125,1.0,34,2038,3.0,139264,68,6.5,0.108642578125,17.440681314468385,0.2,48.21824645996094,0.011951102,124.18781127929688,0.11034002155065536,3215,0.8576914072036743,-0.01171666436130181,0.0001,1000.0,1894.891845703125,,
4.125,1.0,35,2044,3.0,143360,70,6.5,0.141845703125,17.44143671989441,0.2,37.64615249633789,0.015057164,87.65025825500489,0.1103731170296669,3220,0.9136847257614136,-0.014113980327965691,0.0001,1000.0,1894.891845703125,,
4.125,1.5,36,2042,3.5,147456,72,6.0,0.145947265625,17.440450191497803,0.2,34.96242904663086,0.014052133,77.62052898406982,0.11032447963953018,3225,0.930504322052002,-0.01205117127392441,0.0001,1000.0,1809.384521484375,,
4.125,1.5,37,2049,3.5,151552,73,6.0,0.131591796875,17.447567653656005,0.2,48.9500846862793,0.012584152,118.31379661560058,0.11027438938617706,3230,0.8869476914405823,-0.013196538877673447,0.0001,1000.0,1809.384521484375,,
4.125,1.5,38,2055,3.5,155648,75,6.0,0.14326171875,17.45418710708618,0.2,46.07073974609375,0.014853554,107.87111339569091,0.11029043793678284,3235,0.8918302059173584,-0.0166999084292911,0.0001,1000.0,1809.384521484375,,
4.125,1.5,39,2060,3.5,159744,77,6.0,0.12060546875,17.45554208755493,0.2,40.989288330078125,0.012817571,89.35568923950196,0.11027847975492477,3240,0.9138687252998352,-0.01301608420908451,0.0001,1000.0,1809.384521484375,,
4.875,1.0,40,2056,3.5,163840,79,7.0,0.1125,17.463183641433716,0.2,24.465803146362305,0.0132554965,61.97601766586304,0.11022266745567322,3245,0.9529662728309631,-0.0138911283982452,0.0001,1000.0,1805.242919921875,,
4.875,1.0,41,2062,3.5,167936,81,7.0,0.092822265625,17.468625259399413,0.2,69.36711120605469,0.011033637,165.63239974975585,0.11020238697528839,3250,0.8376213312149048,-0.01152777798124589,0.0001,1000.0,1805.242919921875,,
4.875,1.0,42,2068,3.5,172032,83,7.0,0.077099609375,17.469321918487548,0.2,114.49057006835938,0.010189222,242.84864616394043,0.11021257936954498,3255,0.7771849632263184,-0.011750908952672034,0.0001,1000.0,1805.242919921875,,
4.75,2.0,43,2064,2.5,176128,85,7.5,0.145849609375,17.46992516517639,0.2,94.2204818725586,0.014068097,208.5319625854492,0.11020654439926147,3260,0.8167648315429688,-0.015316614042967558,0.0001,1000.0,1707.49853515625,,
4.75,2.0,44,2070,2.5,180224,87,7.5,0.12978515625,17.47014741897583,0.2,75.42728424072266,0.012705669,158.19053535461427,0.11023274064064026,3265,0.8668181300163269,-0.01148338095517829,0.0001,1000.0,1707.49853515625,,
4.75,2.0,45,2075,2.5,184320,88,7.5,0.116845703125,17.475213861465456,0.2,50.625701904296875,0.012679305,123.91452388763427,0.11022599041461945,3270,0.879437267780304,-0.01263929260603618,0.0001,1000.0,1707.49853515625,,
4.75,2.0,46,2081,2.5,188416,90,7.5,0.082080078125,17.478992795944215,0.2,33.19573211669922,0.011923871,76.49988613128662,0.11024279147386551,3275,0.9202242493629456,-0.008613367570796981,0.0001,1000.0,1707.49853515625,,
5.0,2.5,47,2077,2.0,192512,92,5.0,0.117919921875,17.481599378585816,0.2,25.042903900146484,0.012482696,58.45537919998169,0.11025533080101013,3280,0.9409018158912659,-0.012780103844124823,0.0001,1000.0,1656.4615478515625,,
5.0,2.5,48,2082,2.0,196608,94,5.0,0.1513671875,17.487142705917357,0.2,21.85978126525879,0.015807716,48.37197160720825,0.1101861521601677,3285,0.9503134489059448,-0.015420575032476336,0.0001,1000.0,1656.4615478515625,,
5.0,2.5,49,2087,2.0,200704,96,5.0,0.107470703125,17.497611427307127,0.2,73.21104431152344,0.0117248595,166.31775283813477,0.11020205169916153,3290,0.8671939969062805,-0.009794567822245881,0.0001,1000.0,1656.4615478515625,,
5.0,2.5,50,2091,2.0,204800,97,5.0,0.1201171875,17.49749493598938,0.2,46.357173919677734,0.01354854,108.10468349456787,0.11020201444625854,3295,0.9008522033691406,-0.01213633535662666,0.0001,1000.0,1656.4615478515625,,
5.125,1.5,51,2083,2.5,208896,100,5.0,0.1162109375,17.498073291778564,0.2,44.278175354003906,0.011934623,108.27812576293945,0.11023543775081635,3300,0.9097554683685303,-0.010201073955977335,0.0001,998.81,1633.6259765625,,
5.125,1.5,52,2088,2.5,212992,101,5.0,0.124169921875,17.502157640457153,0.2,102.67528533935547,0.014181687,149.04263668060304,0.11023444682359695,3305,0.9020247459411621,-0.011588803643826395,0.0001,998.81,1633.6259765625,,
5.125,1.5,53,2093,2.5,217088,103,5.0,0.086572265625,17.507392120361327,0.2,65.29839324951172,0.010042394,150.5087453842163,0.11022800952196121,3310,0.8862654566764832,-0.011258078273385763,0.0001,998.81,1633.6259765625,,
5.125,1.5,54,2097,2.5,221184,105,5.0,0.09814453125,17.510660266876222,0.2,58.59564971923828,0.010756464,129.5571674346924,0.11017322540283203,3315,0.8995857834815979,-0.011489391548093409,0.0001,998.81,1633.6259765625,,
5.25,0.5,55,2090,1.0,225280,107,6.0,0.1189453125,17.51648325920105,0.2,63.54592514038086,0.012202772,131.1760751724243,0.11015123128890991,3320,0.9046122431755066,-0.012953021598514169,0.0001,998.81,1635.7138671875,,
5.25,0.5,56,2094,1.0,229376,109,6.0,0.1263671875,17.51678581237793,0.2,44.70868682861328,0.012321405,103.13843860626221,0.11009207367897034,3325,0.9231933355331421,-0.012204703019233421,0.0001,998.81,1635.7138671875,,
5.25,0.5,57,2098,1.0,233472,111,6.0,0.054150390625,17.519874572753906,0.2,90.39582824707031,0.0056635756,231.6085620880127,0.11007288843393326,3330,0.7584630846977234,-0.0038974606432020664,0.0001,998.81,1635.7138671875,,
5.25,0.5,58,2102,1.0,237568,113,6.0,0.038818359375,17.521261835098265,0.2,71.52237701416016,0.008237036,184.36847953796388,0.11005651205778122,3335,0.7722225785255432,-0.008217261312529445,0.0001,998.81,1635.7138671875,,
5.75,1.5,59,2095,1.5,241664,115,6.0,0.104345703125,17.524553728103637,0.2,74.66392517089844,0.010449427,171.38492012023926,0.11002236604690552,3340,0.8232846856117249,-0.012134570640046149,0.0001,998.81,1615.160888671875,,
5.75,1.5,60,2098,1.5,245760,117,6.0,0.12177734375,17.53125219345093,0.2,53.675148010253906,0.014799789,112.3616247177124,0.10997504740953445,3345,0.8945710062980652,-0.014361521165119484,0.0001,998.81,1615.160888671875,,
5.75,1.5,61,2102,1.5,249856,118,6.0,0.12109375,17.53616075515747,0.2,68.51107025146484,0.013272418,148.54277324676514,0.10996418446302414,3350,0.8215415477752686,-0.011995407135691494,0.0001,998.81,1615.160888671875,,
5.75,1.5,62,1784,1.5,253952,142,6.0,0.13515625,17.53734302520752,0.2,55.25616455078125,0.013761211,129.15167198181152,0.10997889190912247,3355,0.8514334559440613,-0.013485577795654536,0.0001,998.81,1615.160888671875,2.423569141312544,250000
6.0,2.5,63,1783,2.0,258048,144,6.5,0.09853515625,17.53688292503357,0.2,50.29267501831055,0.011372058,140.46546764373778,0.1099945604801178,3360,0.8443505764007568,-0.011381839134264738,0.0001,998.81,1596.6312255859375,,
6.0,2.5,64,1789,2.0,262144,146,6.5,0.14248046875,17.539221906661986,0.2,41.117149353027344,0.0145617435,95.47558937072753,0.10996180027723312,3365,0.8902223706245422,-0.01370660745888017,0.0001,998.81,1596.6312255859375,,
6.0,2.5,65,1795,2.0,266240,148,6.5,0.143798828125,17.545366287231445,0.2,56.07360076904297,0.015018938,140.3881227493286,0.10995631664991379,3370,0.7957873940467834,-0.013299956591799856,0.0001,998.81,1596.6312255859375,,
6.0,2.5,66,1798,2.0,270336,150,3.0,0.143359375,17.54904713630676,0.2,54.97840118408203,0.015470169,127.2389455795288,0.10996542125940323,3375,0.789865255355835,-0.013918633054709062,0.0001,998.81,1596.9290771484375,,
6.0,2.5,67,1800,2.5,274432,152,3.5,0.151123046875,17.55065631866455,0.2,69.97948455810547,0.014941232,144.53901386260986,0.10993249714374542,3380,0.7755961418151855,-0.01280463840230368,0.0001,998.81,1595.5367431640625,,
6.0,2.5,68,1805,2.5,278528,154,3.5,0.1349609375,17.552164316177368,0.2,42.8604850769043,0.012438152,106.09661483764648,0.10993427038192749,3385,0.8558374643325806,-0.013537942606490105,0.0001,998.81,1595.5367431640625,,
6.0,2.5,69,1811,2.5,282624,156,3.5,0.065673828125,17.551519012451173,0.2,55.78769302368164,0.0078872135,157.05406017303466,0.10994120687246323,3390,0.8550926446914673,-0.005697309417882934,0.0001,998.81,1595.5367431640625,,
6.0,2.5,70,1814,2.5,286720,158,4.0,0.110546875,17.552736663818358,0.2,49.31841278076172,0.012455282,127.3877166748047,0.10992848128080368,3395,0.8750715255737305,-0.012878664047457277,0.0001,998.81,1603.0765380859375,,
5.875,1.5,71,1816,2.0,290816,160,4.5,0.13115234375,17.55881028175354,0.2,46.838050842285156,0.014108609,113.95575485229492,0.10989176481962204,3400,0.8641142249107361,-0.013288255402585492,0.0001,998.81,1577.947998046875,,
5.875,1.5,72,1821,2.0,294912,161,4.5,0.1666015625,17.564809799194336,0.2,40.73585891723633,0.01631827,91.43813972473144,0.10982783138751984,3405,0.8786051869392395,-0.015055181772913784,0.0001,998.81,1577.947998046875,,
5.875,1.5,73,1826,2.0,299008,163,4.5,0.11328125,17.572992706298827,0.2,68.9008560180664,0.011518283,151.26433258056642,0.1098194494843483,3410,0.7543429732322693,-0.011963555595139041,0.0001,998.81,1577.947998046875,,
5.875,1.5,74,1830,2.0,303104,165,4.5,0.164501953125,17.569553470611574,0.2,47.35286331176758,0.015342265,108.40604953765869,0.1097911149263382,3415,0.7680833339691162,-0.015624008735176175,0.0001,998.81,1575.7462158203125,,
5.625,1.5,75,1831,3.0,307200,167,5.0,0.143994140625,17.56895742416382,0.2,48.94683837890625,0.013047794,113.19781322479248,0.10976266860961914,3420,0.7462762594223022,-0.014670792745891958,0.0001,1000.0,1547.91748046875,,
5.625,1.5,76,1836,3.0,311296,169,5.0,0.136767578125,17.576138734817505,0.2,65.5259780883789,0.013562353,176.43780670166015,0.1096920445561409,3425,0.7172330617904663,-0.014753942424431444,0.0001,1000.0,1547.91748046875,,
5.625,1.5,77,1840,3.0,315392,171,5.0,0.077587890625,17.584752321243286,0.2,94.93675994873047,0.008934148,235.3054626464844,0.10967991501092911,3430,0.5878250598907471,-0.009628229239024223,0.0001,1000.0,1547.91748046875,,
5.625,1.5,78,1842,3.0,319488,173,5.0,0.099462890625,17.58653907775879,0.2,63.92958068847656,0.011800858,163.2855182647705,0.10966352373361588,3435,0.6137529015541077,-0.013697570614749566,0.0001,1000.0,1555.2684326171875,,
5.875,2.5,79,1841,4.0,323584,175,1.0,0.070166015625,17.587965345382692,0.2,60.810630798339844,0.009413686,166.88397941589355,0.10968027263879776,3440,0.7151663899421692,-0.01148808483267203,0.0001,1000.0,1482.3089599609375,,
5.875,2.5,80,1844,4.0,327680,177,1.0,0.129541015625,17.58818974494934,0.2,64.82232666015625,0.013194792,140.71133823394774,0.10969726741313934,3445,0.7540025115013123,-0.012787971028592438,0.0001,1000.0,1482.3089599609375,,
5.875,2.5,81,1848,4.0,331776,179,1.0,0.16630859375,17.59400773048401,0.2,68.5160903930664,0.01621939,164.9684585571289,0.10966362804174423,3450,0.7386342287063599,-0.018471277365460993,0.0001,1000.0,1482.3089599609375,,
5.875,2.5,82,1850,4.0,335872,181,1.0,0.126171875,17.601269149780272,0.2,51.378021240234375,0.013043688,129.12269344329835,0.10965164005756378,3455,0.822560727596283,-0.013765159947797655,0.0001,1000.0,1484.0748291015625,,
6.0,2.5,83,1850,3.5,339968,183,1.5,0.13203125,17.60567226409912,0.2,84.51564025878906,0.014304137,178.4141716003418,0.10958035290241241,3460,0.8154844045639038,-0.014209374017082155,0.0001,1000.0,1487.289794921875,,
6.0,2.5,84,1854,3.5,344064,185,1.5,0.115625,17.611731386184694,0.2,78.0198745727539,0.0133422,188.35328102111816,0.10953160375356674,3465,0.8205163478851318,-0.012807833490660414,0.0001,1000.0,1487.289794921875,,
6.0,2.5,85,1858,3.5,348160,187,1.5,0.08740234375,17.61275773048401,0.2,65.93437957763672,0.011365727,165.44042854309083,0.10954215377569199,3470,0.873986542224884,-0.011328824743395671,0.0001,1000.0,1487.289794921875,,
5.75,2.0,86,1857,4.0,352256,189,2.5,0.115673828125,17.611318016052245,0.2,67.23237609863281,0.011760427,171.8759552001953,0.10956287384033203,3475,0.8960467576980591,-0.01303685072925873,0.0001,1000.0,1464.3017578125,,
5.75,2.0,87,1860,4.0,356352,191,2.5,0.138720703125,17.612405252456664,0.2,75.45262908935547,0.013875035,174.90558624267578,0.10950284451246262,3480,0.8984941244125366,-0.014061915222555399,0.0001,1000.0,1464.3017578125,,
5.75,2.0,88,1864,4.0,360448,193,2.5,0.0828125,17.6183030128479,0.2,82.85456085205078,0.010470124,197.5176788330078,0.1094595268368721,3485,0.5037891864776611,-0.011451147927436978,0.0001,1000.0,1464.3017578125,,
5.75,2.0,89,1868,4.0,364544,195,2.5,0.100927734375,17.622147130966187,0.2,87.39506530761719,0.011254223,188.90511817932128,0.10945286601781845,3490,0.4813079833984375,-0.0115403831936419,0.0001,1000.0,1464.3017578125,,
5.875,2.5,90,1867,2.0,368640,197,2.5,0.107080078125,17.61958246231079,0.2,89.08692169189453,0.0122588985,203.1705291748047,0.10947290062904358,3495,0.5147590041160583,-0.013616441795602442,0.0001,1000.0,1472.6351318359375,,
5.875,2.5,91,1871,2.0,372736,199,2.5,0.1275390625,17.618835830688475,0.2,77.70057678222656,0.011807192,181.31002311706544,0.10944464057683945,3500,0.6334505081176758,-0.01380007688421756,0.0001,1000.0,1472.6351318359375,,
5.875,2.5,92,1875,2.0,376832,200,2.5,0.094091796875,17.624491691589355,0.2,57.63056945800781,0.011794218,145.22061347961426,0.10943020135164261,3505,0.731324315071106,-0.01171177562791854,0.0001,1000.0,1472.6351318359375,,
5.875,2.5,93,1878,2.0,380928,202,2.5,0.170849609375,17.625150775909425,0.2,46.48828887939453,0.015856571,116.83418502807618,0.1094503179192543,3510,0.712709367275238,-0.01627606286201626,0.0001,1000.0,1472.6351318359375,,
5.5,2.5,94,1876,1.0,385024,205,3.5,0.18203125,17.624344205856325,0.2,67.78263092041016,0.014353437,156.98756484985353,0.10941013693809509,3515,0.6843816041946411,-0.016422383149620145,0.0001,1000.0,1512.102783203125,,
5.5,2.5,95,1880,1.0,389120,206,3.5,0.149462890625,17.62968454360962,0.2,53.22128677368164,0.016125662,129.60408306121826,0.10938458889722824,3520,0.7445584535598755,-0.013485933828633279,0.0001,1000.0,1512.102783203125,,
5.5,2.5,96,1884,1.0,393216,208,3.5,0.142236328125,17.629166316986083,0.2,76.4347152709961,0.012770895,163.20207138061522,0.1093825176358223,3525,0.6160497069358826,-0.013470101123675703,0.0001,1000.0,1512.102783203125,,
5.5,2.5,97,1888,1.0,397312,210,3.5,0.1345703125,17.631582260131836,0.2,74.54722595214844,0.014064452,175.56311264038087,0.10932806879281998,3530,0.6787879467010498,-0.01372338436776772,0.0001,1000.0,1512.102783203125,,
5.5,3.0,98,1887,2.0,401408,212,4.0,0.13642578125,17.640750026702882,0.2,89.53451538085938,0.014052671,198.5502254486084,0.10927625745534897,3535,0.7346614599227905,-0.013991319737397135,0.0001,1000.0,1533.30126953125,,
5.5,3.0,99,1890,2.0,405504,214,4.0,0.13369140625,17.651682567596435,0.2,83.80050659179688,0.012780686,154.7956283569336,0.10924231261014938,3540,0.7906641960144043,-0.013732515031006188,0.0001,1000.0,1533.30126953125,,
5.5,3.0,100,1894,2.0,409600,216,4.0,0.11708984375,17.656224393844603,0.2,78.78292083740234,0.012015923,192.93671989440918,0.10924345254898071,3545,0.5814923644065857,-0.014245484233833849,0.0001,1000.0,1533.30126953125,,
5.5,3.0,101,1897,2.0,413696,217,4.0,0.120947265625,17.653892993927002,0.2,67.59227752685547,0.01249058,162.97678718566894,0.10927055031061172,3550,0.7320804595947266,-0.014953279797919095,0.0001,1000.0,1533.30126953125,,
5.375,2.5,102,1896,3.0,417792,220,4.5,0.12822265625,17.65443363189697,0.2,59.10735321044922,0.012791904,147.69629554748536,0.10924000293016434,3555,0.7972911596298218,-0.014198015921283513,0.0001,1000.0,1576.7314453125,,
5.375,2.5,103,1899,3.0,421888,222,4.5,0.1193359375,17.662164068222047,0.2,46.99882507324219,0.013804678,113.79653472900391,0.10923359543085098,3560,0.7990998029708862,-0.013318556698504836,0.0001,1000.0,1576.7314453125,,
5.375,2.5,104,1902,3.0,425984,223,4.5,0.162451171875,17.66879529953003,0.2,49.8905029296875,0.015369461,116.25119056701661,0.10921621322631836,3565,0.7597084045410156,-0.014457615598803385,0.0001,1000.0,1576.7314453125,,
5.375,2.5,105,1906,3.0,430080,225,4.5,0.12939453125,17.679032421112062,0.2,36.4237060546875,0.01451587,83.09473323822021,0.10916095227003098,3570,0.8265401124954224,-0.012355247014784253,0.0001,1000.0,1576.7314453125,,
5.875,1.5,106,1904,4.0,434176,227,5.5,0.13388671875,17.691935348510743,0.2,33.09854507446289,0.014913917,77.87538719177246,0.10908695310354233,3575,0.8714570999145508,-0.01190203328151256,0.0001,1000.0,1592.5537109375,,
5.875,1.5,107,1908,4.0,438272,229,5.5,0.156103515625,17.708202409744263,0.2,41.13048553466797,0.016190581,90.13521537780761,0.10902571678161621,3580,0.9073696732521057,-0.013747611304279417,0.0001,1000.0,1592.5537109375,,
5.875,1.5,108,1911,4.0,442368,231,5.5,0.121533203125,17.716760635375977,0.2,52.180877685546875,0.0120084025,137.03756313323976,0.10907745361328125,3585,0.8876962065696716,-0.014041563487262465,0.0001,1000.0,1592.5537109375,,
5.875,1.5,109,1912,4.0,446464,233,6.0,0.132421875,17.71179156303406,0.2,57.81943130493164,0.014618396,135.73241901397705,0.10908016562461853,3590,0.9038408994674683,-0.014566076308256015,0.0001,1000.0,1597.0653076171875,,
5.875,1.0,110,1913,2.0,450560,235,6.0,0.15849609375,17.71220111846924,0.2,59.570804595947266,0.016125116,126.29663333892822,0.10913858562707901,3595,0.9196411967277527,-0.016643265751190482,0.0001,1000.0,1589.7750244140625,,
5.875,1.0,111,1916,2.0,454656,237,6.0,0.118212890625,17.71429862976074,0.2,58.693607330322266,0.011925198,141.56019897460936,0.10910263657569885,3600,0.8939158916473389,-0.011823648898280225,0.0001,1000.0,1589.7750244140625,,
5.875,1.0,112,1919,2.0,458752,239,6.0,0.08037109375,17.72173662185669,0.2,84.9415054321289,0.0108415345,214.82181663513182,0.10908742994070053,3605,0.8341647386550903,-0.009738272882532328,0.0001,1000.0,1589.7750244140625,,
5.875,1.0,113,1920,2.0,462848,240,6.0,0.102978515625,17.725331449508666,0.2,62.64741897583008,0.01181413,152.62806797027588,0.10904466360807419,3610,0.88139808177948,-0.014268688112497329,0.0001,1000.0,1592.24072265625,,
5.75,2.0,114,1920,0.5,466944,243,6.5,0.12138671875,17.730629777908327,0.2,69.28070068359375,0.013186295,164.27562675476074,0.10902637988328934,3615,0.8976055979728699,-0.013885929057141765,0.0001,1000.0,1609.8751220703125,,
5.75,2.0,115,1923,0.5,471040,244,6.5,0.159521484375,17.731792879104614,0.2,36.38106918334961,0.0156461,88.40426673889161,0.10900641977787018,3620,0.8794444799423218,-0.014046649560623337,0.0001,1000.0,1609.8751220703125,,
5.75,2.0,116,1926,0.5,475136,246,6.5,0.16787109375,17.734452533721925,0.2,33.10905456542969,0.015727336,72.71724309921265,0.10902217775583267,3625,0.7551510334014893,-0.013174484949558973,0.0001,1000.0,1609.8751220703125,,
5.75,2.0,117,1927,0.5,479232,248,5.0,0.1798828125,17.735574674606323,0.2,44.59321212768555,0.014940911,89.15503673553467,0.1090218797326088,3630,0.641512393951416,-0.012655026564607397,0.0001,1000.0,1603.5465087890625,,
5.625,2.5,118,1928,1.0,483328,250,5.5,0.19150390625,17.730601501464843,0.2,30.903343200683594,0.015985662,65.01220331192016,0.1091381087899208,3635,0.7828423380851746,-0.015033602365292609,0.0001,1000.0,1583.9730224609375,,
5.625,2.5,119,1931,1.0,487424,252,5.5,0.159326171875,17.72345986366272,0.2,44.16216278076172,0.015518121,92.15713691711426,0.10914232581853867,3640,0.8552507162094116,-0.013141061953501777,0.0001,1000.0,1583.9730224609375,,
5.625,2.5,120,1933,1.0,491520,254,5.5,0.099365234375,17.72411322593689,0.2,37.322635650634766,0.01242086,98.33278274536133,0.10912594199180603,3645,0.8571957349777222,-0.013093146408209577,0.0001,1000.0,1583.9730224609375,,
5.625,2.5,121,1934,1.0,495616,256,6.0,0.0884765625,17.72527060508728,0.2,44.77183532714844,0.012137895,123.39806423187255,0.1091260015964508,3650,0.776873767375946,-0.010812982532661409,0.0001,1000.0,1597.805908203125,,
5.875,3.0,122,1934,1.5,499712,258,6.5,0.16259765625,17.723079490661622,0.2,44.21135330200195,0.016261654,101.19816150665284,0.1090979054570198,3655,0.8779807686805725,-0.015440320794004947,0.0001,1000.0,1575.5762939453125,,
5.875,3.0,123,1800,1.5,503808,279,6.5,0.06748046875,17.725290966033935,0.2,65.63004302978516,0.007620475,172.8589080810547,0.10908764600753784,3660,0.6763288974761963,-0.006620436161756516,0.0001,1000.0,1575.5762939453125,2.412365836988578,250000
5.875,3.0,124,1804,1.5,507904,281,6.5,0.1087890625,17.726281881332397,0.2,76.47309112548828,0.012695584,182.62616004943848,0.10909178107976913,3665,0.6108207702636719,-0.01228089169599116,0.0001,1000.0,1575.5762939453125,,
6.125,1.0,125,1802,1.0,512000,283,6.5,0.1341796875,17.728841733932494,0.2,57.4244384765625,0.0148632005,122.68670291900635,0.10908275842666626,3670,0.8083024024963379,-0.014573432796169072,0.0001,999.52,1549.732666015625,,
6.125,1.0,126,1806,1.0,516096,285,6.5,0.09677734375,17.732364416122437,0.2,95.22423553466797,0.010830332,168.59470653533936,0.10904418677091599,3675,0.7843992114067078,-0.011353538685943932,0.0001,999.52,1549.732666015625,,
6.125,1.0,127,1809,1.0,520192,287,6.5,0.0619140625,17.735139322280883,0.2,43.01687240600586,0.0100085065,104.39509372711181,0.10903200507164001,3680,0.7862362861633301,-0.010975964774843305,0.0001,999.52,1549.732666015625,,
6.125,1.0,128,1812,1.0,524288,289,6.5,0.052392578125,17.73683080673218,0.2,47.7298698425293,0.008014262,131.07688541412352,0.10902684926986694,3685,0.7673460245132446,-0.008524482639040798,0.0001,999.52,1549.732666015625,,
5.625,2.0,129,1810,2.0,528384,291,7.0,0.074755859375,17.7410457611084,0.2,50.477622985839844,0.009081908,121.02818145751954,0.10902874171733856,3690,0.7998406887054443,-0.011142773047322408,0.0001,999.52,1562.4119873046875,,
5.625,2.0,130,1813,2.0,532480,293,7.0,0.082470703125,17.74275918006897,0.2,51.50937271118164,0.010206573,136.4159107208252,0.10901792347431183,3695,0.8439128994941711,-0.012583181611262262,0.0001,999.52,1562.4119873046875,,
5.625,2.0,131,1816,2.0,536576,295,7.0,0.09833984375,17.746758651733398,0.2,61.03205108642578,0.010849386,158.15660438537597,0.10899195820093155,3700,0.7431890964508057,-0.012329843256156891,0.0001,999.52,1562.4119873046875,,
5.625,2.0,132,1819,2.0,540672,297,7.0,0.1037109375,17.752918481826782,0.2,89.35753631591797,0.011956941,209.03485527038575,0.10893869400024414,3705,0.7174679040908813,-0.012875815958250315,0.0001,999.52,1562.4119873046875,,
5.5,3.0,133,1817,3.0,544768,299,6.5,0.14736328125,17.76053080558777,0.2,72.64014434814453,0.014699014,156.02036952972412,0.10888230055570602,3710,0.8030973672866821,-0.01530622252030298,0.0001,999.52,1566.9808349609375,,
5.5,3.0,134,1820,3.0,548864,301,6.5,0.1875,17.77024116516113,0.2,56.0407829284668,0.021751575,122.64817390441894,0.10884897410869598,3715,0.8279606103897095,-0.015455546719022096,0.0001,999.52,1566.9808349609375,,
5.5,3.0,135,1822,3.0,552960,303,6.5,0.199267578125,17.776534271240234,0.2,19.837451934814453,0.018036108,53.161569595336914,0.10885173082351685,3720,0.852840781211853,-0.01444933470338583,0.0001,999.52,1566.9808349609375,,
5.5,3.0,136,1825,3.0,557056,305,6.5,0.167919921875,17.78411645889282,0.2,30.234691619873047,0.015987143,77.25963897705078,0.10874444246292114,3725,0.8352583646774292,-0.01381744162645191,0.0001,999.52,1566.9808349609375,,
5.625,0.5,137,1823,2.0,561152,307,7.5,0.18681640625,17.79517478942871,0.2,29.34381866455078,0.016063511,74.3596007347107,0.10875216126441956,3730,0.87985759973526,-0.016780273232143372,0.0001,999.52,1590.39111328125,,
5.625,0.5,138,1826,2.0,565248,309,7.5,0.13447265625,17.79583239555359,0.2,35.935611724853516,0.014890656,93.3115795135498,0.10870511829853058,3735,0.8623158931732178,-0.012284595932578668,0.0001,999.52,1590.39111328125,,
5.625,0.5,139,1828,2.0,569344,311,7.5,0.0857421875,17.803662824630738,0.2,79.33675384521484,0.009571358,190.00265464782714,0.10866110026836395,3740,0.4408740997314453,-0.00984096591710113,0.0001,999.52,1590.39111328125,,
5.625,0.5,140,1831,2.0,573440,313,7.5,0.1265625,17.810697984695434,0.2,54.68598175048828,0.013426826,137.11277370452882,0.10861479490995407,3745,0.6581344604492188,-0.015718605543952435,0.0001,999.52,1590.39111328125,,
6.125,1.5,141,1829,3.0,577536,315,4.5,0.13740234375,17.817128944396973,0.2,54.25199508666992,0.013767623,128.13701629638672,0.10861150920391083,3750,0.7750470638275146,-0.013233420083997771,0.0001,999.52,1581.3787841796875,,
6.125,1.5,142,1831,3.0,581632,317,4.5,0.142919921875,17.822085285186766,0.2,64.96491241455078,0.013328521,151.61246604919432,0.10862202197313309,3755,0.718839168548584,-0.014673739904537797,0.0001,999.52,1581.3787841796875,,
6.125,1.5,143,1834,3.0,585728,319,4.5,0.129638671875,17.824517488479614,0.2,76.49712371826172,0.013145939,186.461030960083,0.10861972719430923,3760,0.6536011099815369,-0.014362918643746525,0.0001,999.52,1581.3787841796875,,
6.125,1.5,144,1837,3.0,589824,321,4.5,0.15244140625,17.828223848342894,0.2,67.78904724121094,0.01415129,151.28051071166993,0.10859870910644531,3765,0.7358683347702026,-0.015849809581413864,0.0001,999.52,1581.3787841796875,,
5.625,2.5,145,1835,3.5,593920,323,2.5,0.149609375,17.83014464378357,0.2,52.763694763183594,0.014768685,140.99868927001953,0.1085900366306305,3770,0.8070008158683777,-0.01671987197478302,0.0001,999.52,1565.3673095703125,,
5.625,2.5,146,1837,3.5,598016,325,2.5,0.14775390625,17.83497076034546,0.2,55.593082427978516,0.015581269,120.62547874450684,0.10856098681688309,3775,0.8238940238952637,-0.012650452752131969,0.0001,999.52,1565.3673095703125,,
5.625,2.5,147,1840,3.5,602112,327,2.5,0.065185546875,17.838817405700684,0.2,75.91618347167969,0.009000717,190.06215019226073,0.10857484489679337,3780,0.35746049880981445,-0.008483615948352962,0.0001,999.52,1565.3673095703125,,
5.625,2.5,148,1841,3.5,606208,329,3.0,0.09267578125,17.837797546386717,0.2,63.74568557739258,0.01096633,165.15029354095458,0.10855742543935776,3785,0.5773872137069702,-0.013128233788302168,0.0001,999.52,1569.6182861328125,,
5.875,3.0,149,1841,3.0,610304,331,3.0,0.089599609375,17.840944671630858,0.2,62.70743942260742,0.01123674,157.05443363189698,0.10852459818124771,3790,0.7626155614852905,-0.012853917840402573,0.0001,1000.0,1518.5289306640625,,
5.875,3.0,150,1843,3.0,614400,333,3.0,0.130078125,17.843129348754882,0.2,39.61566162109375,0.015661687,99.35018463134766,0.1085124984383583,3795,0.848780632019043,-0.016151649184757845,0.0001,1000.0,1518.5289306640625,,
5.875,3.0,151,1845,3.0,618496,335,3.0,0.103515625,17.84256672859192,0.2,35.257408142089844,0.012516762,107.5233949661255,0.10852562636137009,3800,0.7393321990966797,-0.012119495414663107,0.0001,1000.0,1518.5289306640625,,
5.875,3.0,152,1845,2.5,622592,337,3.5,0.107568359375,17.841731548309326,0.2,36.52644729614258,0.01177565,90.47518730163574,0.10853532701730728,3805,0.8253844976425171,-0.012495186121668667,0.0001,999.3,1527.358642578125,,
5.75,2.5,153,1846,3.0,626688,339,4.0,0.143408203125,17.844810056686402,0.2,42.54233169555664,0.014527972,166.90797939300538,0.10851912945508957,3810,0.7494920492172241,-0.014908572589047254,0.0001,999.3,1541.464111328125,,
5.75,2.5,154,1848,3.0,630784,341,4.0,0.132861328125,17.852722930908204,0.2,73.76832580566406,0.012356922,159.19978446960448,0.10846854746341705,3815,0.7234699726104736,-0.013907700887648389,0.0001,999.3,1541.464111328125,,
5.75,2.5,155,1851,3.0,634880,342,4.0,0.092138671875,17.866093778610228,0.2,100.81787109375,0.010750873,241.4378818511963,0.10843633115291595,3820,0.5249137878417969,-0.010700248600915074,0.0001,999.3,1541.464111328125,,
5.75,2.5,156,1851,3.5,638976,345,4.5,0.10537109375,17.86966028213501,0.2,97.27206420898438,0.011380594,234.36603813171388,0.10842736065387726,3825,0.6406121253967285,-0.013701790914637968,0.0001,999.3,1529.51708984375,,
6.0,2.0,157,1850,4.0,643072,347,4.0,0.132568359375,17.867880058288574,0.2,83.17485046386719,0.014570576,195.2408416748047,0.10840525478124619,3830,0.7517310380935669,-0.01497313620056957,0.0001,992.04,1547.0450439453125,,
6.0,2.0,158,1852,4.0,647168,349,4.0,0.1421875,17.870701456069945,0.2,130.04693603515625,0.014193324,210.7358528137207,0.10839502513408661,3835,0.7032675743103027,-0.014257828460540623,0.0001,992.04,1547.0450439453125,,
6.0,2.0,159,1853,3.5,651264,351,4.0,0.103515625,17.872542810440063,0.2,61.003170013427734,0.011847583,161.86510944366455,0.10837334394454956,3840,0.7332969903945923,-0.011291052208980546,0.0001,989.33,1536.39599609375,,
6.0,2.0,160,1856,3.5,655360,353,4.0,0.143994140625,17.87568950653076,0.2,108.53173828125,0.014671242,234.85968284606935,0.10831466317176819,3845,0.7319831252098083,-0.013102382852230221,0.0001,989.33,1536.39599609375,,
5.75,2.5,161,1855,1.5,659456,355,5.0,0.148291015625,17.882460021972655,0.2,57.17381286621094,0.014009618,140.4323263168335,0.10825056582689285,3850,0.8528172969818115,-0.01381680106278509,0.0001,989.33,1525.1143798828125,,
5.75,2.5,162,1857,1.5,663552,357,5.0,0.156298828125,17.88818736076355,0.2,49.322662353515625,0.013571484,111.86476211547851,0.10821105539798737,3855,0.803925633430481,-0.01308042774326168,0.0001,989.33,1525.1143798828125,,
5.75,2.5,163,1858,2.0,667648,359,5.0,0.13037109375,17.894003772735594,0.2,60.035682678222656,0.012394451,154.7445920944214,0.10816670954227448,3860,0.638067364692688,-0.013914811090216972,0.0001,989.33,1514.9508056640625,,
5.75,2.5,164,1860,2.0,671744,361,5.0,0.12470703125,17.899583673477174,0.2,56.25838088989258,0.012655612,146.9820177078247,0.10813595354557037,3865,0.7436048984527588,-0.016022576205432414,0.0001,989.33,1514.9508056640625,,
5.5,2.5,165,1860,2.0,675840,363,5.5,0.095947265625,17.900386619567872,0.2,65.36556243896484,0.012084298,171.4159839630127,0.10814175754785538,3870,0.7989757061004639,-0.012559197575319559,0.0001,989.33,1482.2484130859375,,
5.5,2.5,166,1861,2.0,679936,365,5.0,0.11552734375,17.898161935806275,0.2,81.88623046875,0.013834711,185.06641235351563,0.10813520848751068,3875,0.7092089653015137,-0.011221670216764323,0.0001,983.91,1480.194091796875,,
5.5,2.5,167,1862,2.0,684032,367,5.0,0.098486328125,17.900111532211305,0.2,104.56182098388672,0.010325946,252.35022621154786,0.10811519622802734,3880,0.6181660890579224,-0.009485251264413819,0.0001,983.91,1478.3043212890625,,
5.0,2.0,168,1863,2.5,688128,369,5.0,0.122705078125,17.903798055648803,0.2,60.70480728149414,0.013719613,151.2397424697876,0.10807090252637863,3885,0.7101947665214539,-0.012078708864282816,0.0001,983.91,1425.6943359375,,
5.0,2.0,169,1864,2.5,692224,371,5.5,0.148681640625,17.907418870925902,0.2,61.082237243652344,0.011998726,142.703684425354,0.10806692391633987,3890,0.7013052105903625,-0.011630315659567713,0.0001,983.91,1440.8653564453125,,
5.0,2.0,170,1865,2.5,696320,373,5.5,0.106103515625,17.907278203964232,0.2,62.8735466003418,0.011797336,162.8738687515259,0.10805428773164749,3895,0.5463259816169739,-0.012586008035577833,0.0001,983.91,1456.7098388671875,,
5.0,2.0,171,1866,1.5,700416,375,5.5,0.09091796875,17.910526752471924,0.2,66.84014129638672,0.011167584,166.03239555358886,0.10799908638000488,3900,0.5928574800491333,-0.011910967424046248,0.0001,983.91,1446.2689208984375,,
4.875,1.5,172,1867,2.0,704512,377,5.5,0.164697265625,17.913825750350952,0.2,51.636688232421875,0.01623686,115.29182281494141,0.10798318684101105,3905,0.6021583676338196,-0.014943980163661764,0.0001,983.91,1457.45751953125,,
4.875,1.5,173,1868,2.0,708608,379,6.0,0.131640625,17.91853141784668,0.2,40.967140197753906,0.012693789,99.0819221496582,0.10795179009437561,3910,0.7375040650367737,-0.012899661634583027,0.0001,983.91,1454.8695068359375,,
4.875,1.5,174,1869,2.0,712704,381,6.0,0.11337890625,17.926600408554076,0.2,55.7444953918457,0.013209509,149.20456562042236,0.10794126242399216,3915,0.5972565412521362,-0.011781275394605472,0.0001,983.91,1453.2271728515625,,
4.875,1.5,175,1870,2.5,716800,383,6.0,0.106787109375,17.93016290664673,0.2,50.77950668334961,0.010952821,125.09405841827393,0.10790331661701202,3920,0.7136932015419006,-0.011026203050278127,0.0001,983.91,1466.5244140625,,
5.125,2.5,176,1871,3.0,720896,385,6.0,0.15615234375,17.938362026214598,0.2,40.15296936035156,0.015943296,97.72501831054687,0.10780757665634155,3925,0.8226745128631592,-0.012204701383598148,0.0001,984.61,1516.6025390625,,
5.125,2.5,177,1872,3.0,724992,387,4.0,0.193017578125,17.944660234451295,0.2,42.76741409301758,0.016958538,88.72546253204345,0.10781034827232361,3930,0.8379136323928833,-0.011711635580286383,0.0001,984.61,1513.1273193359375,,
5.125,2.5,178,1873,3.0,729088,389,4.5,0.1759765625,17.944142532348632,0.2,56.50917053222656,0.01566847,130.67435302734376,0.10777256637811661,3935,0.6218475103378296,-0.014380038029048591,0.0001,984.61,1513.4068603515625,,
5.125,2.5,179,1874,3.5,733184,391,4.5,0.19609375,17.951269721984865,0.2,34.15407943725586,0.021230891,79.9500638961792,0.10762661695480347,3940,0.829068660736084,-0.014914276171475649,0.0001,984.61,1508.6171875,,
5.25,1.5,180,1874,4.0,737280,393,4.5,0.16845703125,17.963705110549927,0.2,43.261749267578125,0.014603816,108.52209205627442,0.10757530480623245,3945,0.8470326066017151,-0.010752369838883169,0.0001,984.61,1508.446044921875,,
5.25,1.5,181,1876,4.0,741376,395,4.5,0.1982421875,17.970933198928833,0.2,40.7338752746582,0.016964428,94.57870311737061,0.10754682868719101,3950,0.8241961002349854,-0.017440218094270675,0.0001,984.61,1511.1942138671875,,
5.25,1.5,182,1877,4.0,745472,397,5.0,0.09482421875,17.977148151397706,0.2,58.640663146972656,0.010274427,136.39345874786378,0.10751845687627792,3955,0.6601687669754028,-0.009997276484500616,0.0001,984.61,1506.05078125,,
5.25,1.5,183,1878,3.0,749568,399,5.0,0.092236328125,17.98255853652954,0.2,51.495269775390625,0.0111745065,120.789790725708,0.10751493275165558,3960,0.6292333006858826,-0.010043315147049725,0.0001,984.61,1514.2086181640625,,
5.125,0.0,184,1789,2.5,753664,421,5.0,0.143212890625,17.984778451919556,0.2,30.211938858032227,0.013908669,75.99432411193848,0.10749194771051407,3965,0.7382006645202637,-0.011842300678836182,0.0001,994.16,1511.51904296875,2.4100245756985306,250000
5.125,0.0,185,1790,2.5,757760,423,5.0,0.1736328125,17.987388849258423,0.2,66.10468292236328,0.014287036,136.8108377456665,0.10746338218450546,3970,0.7061890363693237,-0.011899105604970827,0.0001,994.16,1513.813232421875,,
5.125,0.0,186,1791,3.0,761856,425,5.0,0.125341796875,17.99444708824158,0.2,53.56011962890625,0.012657505,132.29385242462158,0.10743606835603714,3975,0.7782580256462097,-0.014860792492982,0.0001,994.16,1511.9173583984375,,
5.125,0.0,187,1793,3.0,765952,427,5.0,0.12373046875,18.00165672302246,0.2,55.50846481323242,0.01224689,148.1806327819824,0.10743526369333267,3980,0.8208725452423096,-0.013357102405279875,0.0001,994.16,1511.9173583984375,,
5.75,1.0,188,1793,3.5,770048,429,5.0,0.148876953125,18.001382780075073,0.2,59.6794548034668,0.01501288,142.6583475112915,0.10745901614427567,3985,0.8502891063690186,-0.016519213560968637,0.0001,994.16,1549.0706787109375,,
5.75,1.0,189,1794,3.5,774144,431,5.5,0.1537109375,18.00237226486206,0.2,42.50713348388672,0.015637992,101.40225601196289,0.10745716094970703,3990,0.8928624391555786,-0.014564056810922921,0.0001,994.16,1545.36376953125,,
5.75,1.0,190,1794,4.0,778240,433,6.0,0.149609375,17.99967770576477,0.2,52.794898986816406,0.014396987,117.13857097625733,0.10748503357172012,3995,0.8652341961860657,-0.013162220316007733,0.0001,994.16,1558.04052734375,,
5.75,1.0,191,1797,4.0,782336,435,6.0,0.177001953125,18.00009865760803,0.2,55.7442512512207,0.015970252,132.4358964920044,0.10747215896844864,4000,0.8695642948150635,-0.016305200918577612,0.0001,994.16,1558.04052734375,,
5.625,1.5,192,1797,3.0,786432,437,6.0,0.14423828125,18.003429460525513,0.2,70.44518280029297,0.015730398,144.61915378570558,0.10748905688524246,4005,0.8415838479995728,-0.01369443682488054,0.0001,999.58,1585.16064453125,,
5.625,1.5,193,1798,3.0,790528,439,6.0,0.16064453125,18.006276226043703,0.2,46.01134490966797,0.016113382,92.59563007354737,0.10753455758094788,4010,0.8432220220565796,-0.0135062130051665,0.0001,999.58,1588.90771484375,,
5.625,1.5,194,1798,1.5,794624,441,6.0,0.125146484375,18.01147680282593,0.2,48.3028678894043,0.012660386,115.6703426361084,0.10755621641874313,4015,0.7298194766044617,-0.011021376657299697,0.0001,999.58,1606.65185546875,,
5.625,1.5,195,1800,1.5,798720,443,6.0,0.11630859375,18.014748525619506,0.2,43.31310272216797,0.013634026,109.56038722991943,0.10754065960645676,4020,0.7670518159866333,-0.011970871040830389,0.0001,999.58,1606.65185546875,,
5.375,2.0,196,1799,2.0,802816,446,6.5,0.1283203125,18.020843505859375,0.2,46.0236930847168,0.012255268,117.13784732818604,0.10748268663883209,4025,0.8090219497680664,-0.013373085286002607,0.0001,999.58,1611.5819091796875,,
5.375,2.0,197,1801,2.0,806912,447,6.5,0.099609375,18.029388523101808,0.2,53.85764694213867,0.011465654,129.35653171539306,0.10746042430400848,4030,0.7865516543388367,-0.011555429524742067,0.0001,999.58,1611.5819091796875,,
5.375,2.0,198,1801,2.0,811008,450,7.0,0.12998046875,18.031868600845335,0.2,66.02278900146484,0.012432156,160.09750690460206,0.10744529962539673,4035,0.6830604076385498,-0.013889722956810147,0.0001,999.58,1623.9345703125,,
5.375,2.0,199,1803,2.0,815104,451,7.0,0.112353515625,18.032938766479493,0.2,77.06260681152344,0.010848058,180.31060028076172,0.10743670910596848,4040,0.4811493754386902,-0.013035711523843928,0.0001,999.58,1623.9345703125,,
5.375,1.5,200,1802,2.5,819200,454,7.0,0.116259765625,18.034617328643797,0.2,69.7668228149414,0.012283053,161.82871932983397,0.10742499679327011,4045,0.6878170967102051,-0.014009245578199625,0.0001,999.58,1556.671875,,
5.375,1.5,201,1804,2.5,823296,456,7.0,0.178857421875,18.033749294281005,0.2,50.1324348449707,0.018329676,120.58873710632324,0.10748574882745743,4050,0.7576623558998108,-0.017375004920177163,0.0001,999.58,1556.671875,,
5.375,1.5,202,1804,3.0,827392,458,3.0,0.113671875,18.031472635269164,0.2,57.960323333740234,0.011379581,148.37700653076172,0.10749420523643494,4055,0.8117063045501709,-0.009651137981563807,0.0001,999.58,1558.8460693359375,,
5.375,1.5,203,1805,3.0,831488,460,3.0,0.070068359375,18.034036684036256,0.2,63.06528091430664,0.009238675,157.78952865600587,0.1074843555688858,4060,0.7932250499725342,-0.010655519500141963,0.0001,999.58,1553.29736328125,,
4.875,2.5,204,1805,3.0,835584,462,3.5,0.10048828125,18.036729907989503,0.2,56.855342864990234,0.011487169,141.5686861038208,0.10748899728059769,4065,0.8310903906822205,-0.013295558583922683,0.0001,999.58,1540.8128662109375,,
4.875,2.5,205,1806,3.0,839680,464,4.0,0.12919921875,18.04038534164429,0.2,62.035011291503906,0.012387379,153.17533588409424,0.10746048390865326,4070,0.8057860732078552,-0.013230929267592728,0.0001,999.58,1545.549072265625,,
4.875,2.5,206,1807,3.5,843776,466,4.0,0.110009765625,18.04651141166687,0.2,64.6541976928711,0.011850607,178.05897903442383,0.10745809227228165,4075,0.7216023802757263,-0.013371351943351328,0.0001,999.58,1552.786376953125,,
4.875,2.5,207,1808,1.5,847872,468,4.0,0.0923828125,18.0477294921875,0.2,74.76948547363281,0.011155079,176.737068939209,0.10743898153305054,4080,0.8020365238189697,-0.011374618532136083,0.0001,999.58,1540.87451171875,,
5.125,2.5,208,1808,1.5,851968,471,4.5,0.12080078125,18.051002550125123,0.2,81.10923767089844,0.012505131,196.97734413146972,0.10741563886404037,4085,0.8354464769363403,-0.014105823199497537,0.0001,1000.0,1556.9345703125,,
5.125,2.5,209,1808,1.5,856064,473,5.0,0.09013671875,18.057460927963255,0.2,48.030982971191406,0.011712534,114.25905933380128,0.10740931332111359,4090,0.9065636396408081,-0.012061458791140466,0.0001,1000.0,1570.4268798828125,,
5.125,2.5,210,1809,2.0,860160,475,5.0,0.141455078125,18.06332311630249,0.2,45.9484748840332,0.014664899,114.70078563690186,0.10737667232751846,4095,0.9002617597579956,-0.013805501582100987,0.0001,1000.0,1573.0313720703125,,
5.125,3.0,211,1809,2.5,864256,477,5.0,0.159716796875,18.06950454711914,0.2,61.99095916748047,0.015145976,133.10182495117186,0.10736016184091568,4100,0.8956922292709351,-0.013686574704479426,0.0001,1000.0,1585.705322265625,,
5.125,3.0,212,1810,2.5,868352,479,5.0,0.165966796875,18.07162289619446,0.2,49.42581558227539,0.015289897,105.94291133880616,0.10736487805843353,4105,0.9184532761573792,-0.014370884199161082,0.0001,1000.0,1584.410888671875,,
5.125,3.0,213,1811,2.5,872448,481,5.5,0.064990234375,18.06750807762146,0.2,90.85967254638672,0.010335654,239.68821563720704,0.1073870062828064,4110,0.6315299272537231,-0.008534103498095646,0.0001,1000.0,1611.02587890625,,
5.125,3.0,214,1812,1.0,876544,483,5.5,0.13369140625,18.06888327598572,0.2,69.74696350097656,0.015314487,160.98146591186523,0.10739056766033173,4115,0.768329381942749,-0.01488187259528786,0.0001,1000.0,1599.0018310546875,,
5.25,1.0,215,1812,1.5,880640,485,5.5,0.162548828125,18.07371826171875,0.2,53.65457534790039,0.016803721,123.75685138702393,0.10736133903265,4120,0.8513734340667725,-0.016072580826585182,0.0001,1000.0,1582.4287109375,,
5.25,1.0,216,1813,1.5,884736,487,3.0,0.18583984375,18.07508006095886,0.2,46.73698806762695,0.017784536,101.88613319396973,0.1074036955833435,4125,0.8992950320243835,-0.01044477712130174,0.0001,1000.0,1588.4456787109375,,
5.25,1.0,217,1814,1.5,888832,489,3.5,0.13203125,18.073742961883546,0.2,72.90941619873047,0.011962548,159.94157829284669,0.10739313811063766,4130,0.8964117169380188,-0.011424625059589744,0.0001,1000.0,1591.168701171875,,
5.25,1.0,218,1815,1.5,892928,491,3.5,0.12001953125,18.07663688659668,0.2,56.40650177001953,0.014230185,127.84123840332032,0.1073971539735794,4135,0.9163557291030884,-0.013043816247954965,0.0001,1000.0,1596.6578369140625,,
5.0,1.5,219,1815,2.0,897024,494,3.5,0.140966796875,18.078007841110228,0.2,53.2666130065918,0.015585521,130.06267967224122,0.10735918581485748,4140,0.9176523685455322,-0.013964349060552194,0.0001,1000.0,1602.4246826171875,,
5.0,1.5,220,1816,2.0,901120,496,3.5,0.18828125,18.08632626533508,0.2,42.11211013793945,0.015870914,102.61400489807129,0.10736018419265747,4145,0.9291281700134277,-0.015184202615637332,0.0001,1000.0,1600.228759765625,,
5.0,1.5,221,1817,2.0,905216,498,3.5,0.137451171875,18.094777631759644,0.2,68.916259765625,0.012025721,170.1860137939453,0.10733947902917862,4150,0.8093811273574829,-0.01179332125466317,0.0001,1000.0,1603.91796875,,
5.0,1.5,222,1818,2.5,909312,499,3.5,0.1599609375,18.10067229270935,0.2,70.5367660522461,0.016082734,153.6916772842407,0.10731003433465958,4155,0.8398563861846924,-0.015723852452356368,0.0001,1000.0,1619.137451171875,,
5.0,2.5,223,1818,3.0,913408,502,3.5,0.12109375,18.105899477005003,0.2,64.72344970703125,0.013535834,154.42581996917724,0.10728007555007935,4160,0.8680094480514526,-0.011352022422943264,0.0001,1000.0,1595.4766845703125,,
5.0,2.5,224,1819,3.0,917504,504,3.5,0.111083984375,18.109212255477907,0.2,52.79712677001953,0.011388069,124.18443508148194,0.10726430267095566,4165,0.896155059337616,-0.012898182030767202,0.0001,1000.0,1602.3614501953125,,
5.0,2.5,225,1820,3.0,921600,506,4.0,0.13798828125,18.113216590881347,0.2,49.06987762451172,0.0147938095,119.28625831604003,0.10722582042217255,4170,0.865532398223877,-0.01386757274158299,0.0001,1000.0,1604.9013671875,,
5.0,2.5,226,1821,3.5,925696,508,4.0,0.144287109375,18.117930555343627,0.2,33.35891342163086,0.01527827,86.06129913330078,0.10719361156225204,4175,0.9300628900527954,-0.014979203318944201,0.0001,1000.0,1615.474365234375,,
5.375,3.0,227,1821,3.5,929792,510,4.0,0.149267578125,18.127239608764647,0.2,36.03907775878906,0.0144239515,86.9709303855896,0.10716243833303452,4180,0.9360998868942261,-0.014030036283656955,0.0001,1000.0,1658.8492431640625,,
5.375,3.0,228,1821,3.5,933888,512,4.5,0.171240234375,18.134942245483398,0.2,34.797874450683594,0.01577443,85.12644290924072,0.10711587220430374,4185,0.9262410402297974,-0.014506134937983006,0.0001,1000.0,1662.846923828125,,
5.375,3.0,229,1821,3.0,937984,514,5.0,0.1712890625,18.142778730392457,0.2,41.26664733886719,0.014795121,96.62745418548585,0.10705292969942093,4190,0.8414776921272278,-0.014321924030082301,0.0001,1000.0,1668.964111328125,,
5.375,3.0,230,1823,3.0,942080,516,5.0,0.13955078125,18.15149474143982,0.2,33.33863067626953,0.01306624,86.60174713134765,0.10700013488531113,4195,0.9037184715270996,-0.013378746443777345,0.0001,1000.0,1668.964111328125,,
5.5,1.0,231,1822,2.5,946176,519,5.0,0.128173828125,18.156574773788453,0.2,24.775432586669922,0.014241938,67.80765895843506,0.10693895071744919,4200,0.9417930245399475,-0.013408126594731585,0.0001,1000.0,1698.5904541015625,,
5.5,1.0,232,1823,2.5,950272,521,5.5,0.131689453125,18.165988969802857,0.2,21.262603759765625,0.0153984465,57.80290470123291,0.10687816888093948,4205,0.9211073517799377,-0.01215645526535809,0.0001,1000.0,1696.755615234375,,
5.5,1.0,233,1824,3.0,954368,523,5.5,0.1390625,18.17416911125183,0.2,23.70465850830078,0.014463214,68.98234519958496,0.10687195509672165,4210,0.8748191595077515,-0.00993782450677827,0.0001,1000.0,1699.9063720703125,,
5.5,1.0,234,1825,3.0,958464,524,5.5,0.134375,18.177721452713012,0.2,32.73970031738281,0.013508668,83.42473096847534,0.10684008151292801,4215,0.8702636361122131,-0.010336384014226496,0.0001,1000.0,1699.9063720703125,,
5.375,1.5,235,1824,3.5,962560,527,6.0,0.136474609375,18.180825853347777,0.2,31.442310333251953,0.014653714,80.01805477142334,0.10685183107852936,4220,0.8748775720596313,-0.012757268606219441,0.0001,1000.0,1720.08447265625,,
5.375,1.5,236,1826,3.5,966656,529,6.0,0.1328125,18.179751348495483,0.2,51.19573211669922,0.0145408735,109.81205520629882,0.10679743438959122,4225,0.863339364528656,-0.013122508412925527,0.0001,1000.0,1720.08447265625,,
5.375,1.5,237,1826,4.0,970752,531,6.5,0.121435546875,18.186620807647706,0.2,54.018394470214844,0.012924233,121.69137611389161,0.10676588863134384,4230,0.7979614734649658,-0.011146064393687993,0.0001,1000.0,1707.6026611328125,,
5.375,1.5,238,1828,4.0,974848,533,6.5,0.118212890625,18.19095387458801,0.2,64.85311126708984,0.011973621,159.0657859802246,0.10671982914209366,4235,0.7453045845031738,-0.01208777994615957,0.0001,1000.0,1707.6026611328125,,
5.625,1.0,239,1827,2.5,978944,535,7.0,0.116259765625,18.197799348831175,0.2,49.2172966003418,0.012528738,119.30278358459472,0.10670044273138046,4240,0.7845187783241272,-0.011842921585775911,0.0001,1000.0,1719.2757568359375,,
5.625,1.0,240,1828,2.5,983040,537,7.0,0.14453125,18.2018253326416,0.2,73.49832916259766,0.014870951,146.89451484680177,0.10672575235366821,4245,0.8062403202056885,-0.014409125840757042,0.0001,1000.0,1719.2757568359375,,
5.625,1.0,241,1828,2.0,987136,539,7.5,0.09853515625,18.201326513290404,0.2,60.04300308227539,0.012607189,145.13958644866943,0.10672619193792343,4250,0.8571193218231201,-0.013389817008282989,0.0001,999.59,1724.26171875,,
5.625,1.0,242,1830,2.0,991232,541,7.5,0.138671875,18.199412727355956,0.2,74.74552917480469,0.013144323,144.28076343536378,0.10675666481256485,4255,0.8190189003944397,-0.014443671802291646,0.0001,999.59,1724.26171875,,
5.5,2.0,243,1829,2.5,995328,544,8.0,0.16005859375,18.202922677993776,0.2,48.516441345214844,0.014905792,113.13941326141358,0.10672666877508163,4260,0.8745752573013306,-0.014517541916575283,0.0001,999.59,1709.4766845703125,,
5.5,2.0,244,1830,2.5,999424,546,4.5,0.108984375,18.209322118759154,0.2,54.40019226074219,0.014546113,127.54392738342285,0.10669976472854614,4265,0.8887088298797607,-0.011386655981186777,0.0001,999.59,1716.192626953125,,
5.5,2.0,245,1766,2.0,1003520,568,4.5,0.0947265625,18.211943244934083,0.2,77.63105773925781,0.013359124,197.53868827819824,0.10668674111366272,4270,0.8235223889350891,-0.00973534086951986,0.0001,999.27,1709.18017578125,2.4205833215390524,250000
5.5,2.0,246,1767,2.0,1007616,570,4.5,0.09619140625,18.2152539730072,0.2,96.51756286621094,0.011271312,249.21480407714844,0.10669570416212082,4275,0.8252663016319275,-0.012279363733250647,0.0001,999.27,1696.86181640625,,
5.625,0.5,247,1767,2.0,1011712,572,4.0,0.09755859375,18.218975019454955,0.2,60.65730285644531,0.0108271595,154.0320306777954,0.10666485875844955,4280,0.8858798742294312,-0.0126710276119411,0.0001,999.27,1707.5909423828125,,
5.625,0.5,248,1768,2.0,1015808,574,4.0,0.086083984375,18.223560285568237,0.2,104.5467758178711,0.0113264425,220.1014331817627,0.10665468126535416,4285,0.6765933632850647,-0.012519327277550474,0.0001,999.27,1688.13720703125,,
5.625,0.5,249,1769,2.5,1019904,576,4.0,0.082958984375,18.226725387573243,0.2,91.84912872314453,0.0103715295,212.19484252929686,0.10665056854486465,4290,0.5592352151870728,-0.012561518204165623,0.0001,999.27,1696.76611328125,,
5.875,1.5,250,1769,3.0,1024000,578,4.0,0.108251953125,18.22654972076416,0.2,102.41256713867188,0.012559425,216.56671524047852,0.10664809495210648,4295,0.6009713411331177,-0.012483477639034391,0.0001,999.27,1647.5316162109375,,
5.875,1.5,251,1770,3.0,1028096,580,4.0,0.1482421875,18.22681860923767,0.2,80.29774475097656,0.015900478,194.06639709472657,0.10666986554861069,4300,0.6732921600341797,-0.014387143473140896,0.0001,999.27,1649.0205078125,,
5.875,1.5,252,1771,3.0,1032192,582,4.5,0.13583984375,18.227800273895262,0.2,32.33008575439453,0.014399652,78.80685892105103,0.10671588033437729,4305,0.9030934572219849,-0.013849076419137418,0.0001,999.27,1643.0740966796875,,
5.875,1.5,253,1772,3.5,1036288,584,4.5,0.1533203125,18.230670833587645,0.2,33.815040588378906,0.014521315,89.92772560119629,0.10671314597129822,4310,0.9064995050430298,-0.014013325225096195,0.0001,999.27,1632.9027099609375,,
5.75,2.5,254,1772,4.0,1040384,587,4.5,0.2099609375,18.235399866104125,0.2,30.002399444580078,0.018879935,69.89003477096557,0.10675206035375595,4315,0.9283162951469421,-0.013530167355202138,0.0001,999.27,1623.331298828125,,
5.75,2.5,255,1773,4.0,1044480,588,4.5,0.1951171875,18.236354207992555,0.2,22.191238403320312,0.017762138,57.14639272689819,0.1067366972565651,4320,0.9456593990325928,-0.011974498885683716,0.0001,999.27,1621.5914306640625,,
5.75,2.5,256,1774,4.0,1048576,590,5.0,0.1306640625,18.23980040550232,0.2,39.02743148803711,0.012241863,103.52219944000244,0.10671985894441605,4325,0.8722512722015381,-0.009427381213754416,0.0001,999.27,1624.8951416015625,,
5.75,2.5,257,1775,3.5,1052672,592,5.0,0.138134765625,18.24334454536438,0.2,46.49015426635742,0.015117811,112.8782958984375,0.10665956139564514,4330,0.830014169216156,-0.013762252876767888,0.0001,999.27,1622.7923583984375,,
5.625,1.5,258,1775,2.0,1056768,595,5.0,0.132666015625,18.25231065750122,0.2,44.921409606933594,0.015623673,102.25328731536865,0.10658767074346542,4335,0.764412522315979,-0.012828273238847032,0.0001,999.27,1594.242919921875,,
5.625,1.5,259,1775,2.0,1060864,597,5.5,0.162841796875,18.260589694976808,0.2,38.597076416015625,0.016271949,86.63591938018799,0.10657844692468643,4340,0.8646970391273499,-0.011061308765783906,0.0001,999.27,1584.0732421875,,
5.625,1.5,260,1776,2.5,1064960,599,6.0,0.1193359375,18.261569213867187,0.2,44.910125732421875,0.011408303,125.79892826080322,0.10659509897232056,4345,0.8990745544433594,-0.01166011936729774,0.0001,999.27,1586.2767333984375,,
5.625,1.5,261,1777,2.5,1069056,601,6.0,0.14052734375,18.26094284057617,0.2,48.99873352050781,0.014667035,128.23457794189454,0.10655417293310165,4350,0.9016019701957703,-0.01462208100128919,0.0001,999.27,1586.2767333984375,,
5.75,0.5,262,1777,3.0,1073152,603,6.0,0.148779296875,18.26378951072693,0.2,63.76948165893555,0.015095216,155.8203977584839,0.10656876116991043,4355,0.885647714138031,-0.014432013919577002,0.0001,999.27,1587.01318359375,,
5.75,0.5,263,1778,3.0,1077248,605,2.0,0.168701171875,18.26055202484131,0.2,58.092769622802734,0.014587322,138.3561029434204,0.10657811164855957,4360,0.8866345882415771,-0.01480453233816661,0.0001,999.27,1576.0274658203125,,
5.75,0.5,264,1778,2.5,1081344,608,2.5,0.089892578125,18.258286237716675,0.2,65.94377899169922,0.009433551,145.95876865386964,0.10660015791654587,4365,0.8201456069946289,-0.01089382915524766,0.0001,999.27,1578.2615966796875,,
5.75,0.5,265,1779,2.5,1085440,609,2.5,0.11044921875,18.257753229141237,0.2,40.887332916259766,0.013095424,102.25914402008057,0.10658640414476395,4370,0.8927745819091797,-0.01547543324995786,0.0001,999.27,1578.2615966796875,,
5.75,1.0,266,1779,3.0,1089536,612,2.5,0.120458984375,18.260520124435423,0.2,33.33015441894531,0.013492946,80.3005316734314,0.10656402260065079,4375,0.9305704832077026,-0.012373075017239898,0.0001,999.68,1609.9097900390625,,
5.75,1.0,267,1780,3.0,1093632,614,2.5,0.168603515625,18.263565254211425,0.2,28.322256088256836,0.015035564,70.2270435333252,0.10658683627843857,4380,0.9574123620986938,-0.011787518934579567,0.0001,999.68,1620.6312255859375,,
5.75,1.0,268,1780,2.5,1097728,616,3.0,0.170947265625,18.267699861526488,0.2,63.77830123901367,0.015554077,149.60070991516113,0.10657000541687012,4385,0.9294995665550232,-0.014255926560144872,0.0001,999.09,1629.0196533203125,,
5.75,1.0,269,1782,2.5,1101824,618,3.0,0.1384765625,18.272956323623657,0.2,83.06598663330078,0.014953475,207.40469398498536,0.10655370354652405,4390,0.9118121266365051,-0.015381404611980542,0.0001,999.09,1629.0196533203125,,
5.375,2.0,270,1782,3.0,1105920,620,3.0,0.1509765625,18.27497034072876,0.2,46.23637008666992,0.015371213,105.96874675750732,0.1065651997923851,4395,0.9539341926574707,-0.013861317071132362,0.0001,999.41,1609.7147216796875,,
5.375,2.0,271,1783,3.0,1110016,622,3.5,0.1662109375,18.278120851516725,0.2,39.21017837524414,0.016874485,90.9014045715332,0.10663819313049316,4400,0.9498469829559326,-0.013437748688738793,0.0001,999.41,1623.9945068359375,,
5.375,2.0,272,1783,3.5,1114112,624,4.0,0.12880859375,18.277147197723387,0.2,60.05858612060547,0.012089059,159.291833114624,0.10662522166967392,4405,0.8250148296356201,-0.009475868538720534,0.0001,999.41,1632.3243408203125,,
5.375,2.0,273,1784,3.5,1118208,626,4.0,0.1595703125,18.285154104232788,0.2,49.751895904541016,0.015003582,117.06569118499756,0.10658860206604004,4410,0.8764563202857971,-0.014036440826021134,0.0001,999.41,1632.3243408203125,,
5.625,2.5,274,1784,1.5,1122304,628,4.0,0.149755859375,18.292554569244384,0.2,44.25505828857422,0.013592485,98.49645252227783,0.10656692832708359,4415,0.9007428288459778,-0.012495052203303204,0.0001,999.41,1647.666259765625,,
5.625,2.5,275,1785,1.5,1126400,630,4.5,0.122900390625,18.29744248390198,0.2,38.1689567565918,0.013856454,87.71503257751465,0.1065593883395195,4420,0.8876712918281555,-0.011231108458014205,0.0001,999.41,1656.3382568359375,,
5.625,2.5,276,1785,2.0,1130496,633,5.0,0.12822265625,18.2963924407959,0.2,39.89561462402344,0.011577237,114.27154750823975,0.10654479265213013,4425,0.7213529944419861,-0.012628278799820692,0.0001,999.41,1696.3538818359375,,
5.625,2.5,277,1787,2.0,1134592,634,5.0,0.135205078125,18.300088548660277,0.2,33.16377639770508,0.015023211,89.06083345413208,0.10649673640727997,4430,0.8221332430839539,-0.013748182222479954,0.0001,999.41,1696.3538818359375,,
5.75,3.0,278,1786,2.5,1138688,637,5.0,0.133935546875,18.304213285446167,0.2,36.308250427246094,0.013065642,104.79998741149902,0.10648044943809509,4435,0.8282842040061951,-0.01409344282001257,0.0001,999.41,1664.0450439453125,,
5.75,3.0,279,1788,2.5,1142784,639,5.0,0.19609375,18.310527563095093,0.2,34.42598342895508,0.0171493,86.75137081146241,0.1064290851354599,4440,0.8798349499702454,-0.015722296410240234,0.0001,999.41,1664.0450439453125,,
5.75,3.0,280,1788,1.0,1146880,641,3.5,0.142626953125,18.316301822662354,0.2,44.022029876708984,0.012729568,115.62993011474609,0.10637767612934113,4445,0.8698013424873352,-0.012339155341032892,0.0001,999.41,1675.4951171875,,
5.75,3.0,281,1789,1.0,1150976,643,3.5,0.138232421875,18.319275045394896,0.2,38.58277130126953,0.014009281,103.85096378326416,0.10635915398597717,4450,0.8931833505630493,-0.014846659245085903,0.0001,999.41,1675.4951171875,,
5.875,2.5,282,1788,1.5,1155072,645,4.0,0.11357421875,18.322352361679076,0.2,33.678775787353516,0.012595968,92.46167583465576,0.10638357698917389,4455,0.906139075756073,-0.01272239927202463,0.0001,999.41,1673.928466796875,,
5.875,2.5,283,1790,1.5,1159168,647,4.0,0.11865234375,18.323404788970947,0.2,47.276214599609375,0.011570375,121.10682926177978,0.10638649761676788,4460,0.8730854392051697,-0.011589459580136463,0.0001,999.41,1673.928466796875,,
5.875,2.5,284,1790,1.5,1163264,649,4.0,0.099072265625,18.323728036880492,0.2,93.3106460571289,0.011788284,223.08977890014648,0.10638372600078583,4465,0.7649345993995667,-0.010547832894371823,0.0001,999.41,1665.58349609375,,
5.875,2.5,285,1791,2.0,1167360,651,4.0,0.111962890625,18.324949645996092,0.2,80.9295425415039,0.013406919,165.21953887939452,0.10635442286729813,4470,0.8095797300338745,-0.01286788108991459,0.0001,999.41,1674.46875,,
5.75,2.0,286,1791,2.0,1171456,653,4.5,0.13154296875,18.328585815429687,0.2,71.91333770751953,0.013130028,166.9738224029541,0.10634561628103256,4475,0.8324830532073975,-0.01407272033393383,0.0001,999.41,1604.83642578125,,
5.75,2.0,287,1792,2.0,1175552,655,5.0,0.12587890625,18.331157398223876,0.2,59.626216888427734,0.013230193,138.64384746551514,0.10636524111032486,4480,0.7871545553207397,-0.01299585657834541,0.0001,999.41,1606.055908203125,,
5.75,2.0,288,1793,2.5,1179648,657,5.0,0.15107421875,18.33021750450134,0.2,73.21875762939453,0.0154811945,180.8400188446045,0.10634935647249222,4485,0.7124278545379639,-0.014262225443962962,0.0001,999.41,1628.6043701171875,,
5.75,2.0,289,1793,3.0,1183744,659,5.0,0.12587890625,18.33522171974182,0.2,61.68483352661133,0.01261306,140.28827323913575,0.10636382550001144,4490,0.7769269943237305,-0.01403894373215735,0.0001,999.41,1617.5726318359375,,
5.75,2.0,290,1793,3.0,1187840,662,5.5,0.1216796875,18.333380270004273,0.2,71.36368560791016,0.013444403,155.26068477630616,0.10640837997198105,4495,0.7698057293891907,-0.012646186025813222,0.0001,999.41,1584.239013671875,,
5.75,2.0,291,1794,3.0,1191936,664,5.5,0.128076171875,18.330858755111695,0.2,88.8826904296875,0.012350687,210.417622756958,0.10639172792434692,4500,0.5885047912597656,-0.014621270820498466,0.0001,999.41,1587.96240234375,,
5.75,2.0,292,1795,3.0,1196032,666,5.5,0.104345703125,18.334653425216676,0.2,130.4674835205078,0.011412115,290.29964714050294,0.10635456442832947,4505,0.5152785778045654,-0.013310671737417578,0.0001,999.41,1587.96240234375,,
5.75,3.0,293,1795,1.5,1200128,668,5.5,0.107568359375,18.338799047470093,0.2,97.64229583740234,0.011916441,236.67588081359864,0.1063297912478447,4510,0.6903561353683472,-0.013050615531392395,0.0001,1000.0,1539.67578125,,
5.75,3.0,294,1795,1.5,1204224,670,6.0,0.1150390625,18.340287256240845,0.2,56.14862060546875,0.013010232,140.43948554992676,0.10631246119737625,4515,0.8314369320869446,-0.012134237680584192,0.0001,1000.0,1542.37255859375,,
5.75,3.0,295,1796,2.0,1208320,672,6.5,0.12421875,18.34191951751709,0.2,61.722965240478516,0.012551628,157.82284126281738,0.10628177970647812,4520,0.6452215909957886,-0.01133911484212149,0.0001,1000.0,1560.3299560546875,,
5.75,3.0,296,1797,2.0,1212416,674,6.5,0.074267578125,18.343782472610474,0.2,70.89848327636719,0.009876452,165.64113025665284,0.1062951609492302,4525,0.539878785610199,-0.011025584687013179,0.0001,1000.0,1560.3299560546875,,
5.75,2.0,297,1797,2.0,1216512,676,6.5,0.109765625,18.34412956237793,0.2,53.52479934692383,0.012308575,113.80826091766357,0.1062793955206871,4530,0.3876821994781494,-0.012971725454553962,0.0001,1000.0,1543.1943359375,,
5.75,2.0,298,1798,2.0,1220608,678,7.0,0.14931640625,18.347884464263917,0.2,42.40568923950195,0.014594339,102.9358066558838,0.10624344646930695,4535,0.5665464401245117,-0.015106835903134197,0.0001,1000.0,1544.30615234375,,
5.75,2.0,299,1798,2.5,1224704,681,7.5,0.194189453125,18.34953351020813,0.2,44.77518081665039,0.01836619,113.23839130401612,0.10620719194412231,4540,0.6924639940261841,-0.016576160251861437,0.0001,1000.0,1534.4345703125,,
5.75,2.0,300,1799,2.5,1228800,682,7.5,0.15625,18.351544761657713,0.2,43.225746154785156,0.014150667,118.45430145263671,0.10619238764047623,4545,0.737688422203064,-0.011946532496949658,0.0001,1000.0,1534.4345703125,,
5.5,3.0,301,1799,3.0,1232896,685,7.5,0.175537109375,18.357359170913696,0.2,40.055267333984375,0.01687231,105.35934906005859,0.10615570843219757,4550,0.7802070379257202,-0.01263131235318724,0.0001,1000.0,1498.752685546875,,
5.5,3.0,302,1800,3.0,1236992,687,7.5,0.1669921875,18.371065378189087,0.2,52.46465301513672,0.016986774,109.62090301513672,0.1060955673456192,4555,0.8437803983688354,-0.010373024211730808,0.0001,1000.0,1492.3470458984375,,
5.5,3.0,303,1800,3.0,1241088,689,3.5,0.107373046875,18.377387475967407,0.2,57.37058639526367,0.00893667,161.92410163879396,0.10606600344181061,4560,0.7441691160202026,-0.008144314325181767,0.0001,1000.0,1488.6544189453125,,
5.5,3.0,304,1802,3.0,1245184,690,3.5,0.133203125,18.380398178100585,0.2,47.9453239440918,0.01186445,121.82627353668212,0.1060696393251419,4565,0.8373092412948608,-0.013260979572078214,0.0001,1000.0,1488.6544189453125,,
5.5,1.5,305,1801,3.5,1249280,693,3.5,0.11962890625,18.381946325302124,0.2,40.92056655883789,0.012349674,105.68809356689454,0.10606501996517181,4570,0.8832529187202454,-0.012581930274609476,0.0001,1000.0,1522.8355712890625,,
5.5,1.5,306,1752,3.5,1253376,715,3.5,0.15029296875,18.38570079803467,0.2,35.442317962646484,0.014041036,94.30739688873291,0.10602626204490662,4575,0.8743513822555542,-0.013261712156236172,0.0001,1000.0,1511.896240234375,2.4947408970611096,1250000
5.5,1.5,307,1752,3.0,1257472,717,4.0,0.142431640625,18.39066061973572,0.2,58.98662185668945,0.012362491,153.3100700378418,0.10598644614219666,4580,0.7885538339614868,-0.012719874852336943,0.0001,1000.0,1513.7911376953125,,
5.5,1.5,308,1753,3.0,1261568,719,4.0,0.151416015625,18.397620105743407,0.2,52.251644134521484,0.01364019,123.54862003326416,0.10587681084871292,4585,0.80176842212677,-0.011162766069173814,0.0001,1000.0,1513.7911376953125,,
5.375,1.0,309,1753,3.5,1265664,721,4.0,0.17568359375,18.40732612609863,0.2,48.09490966796875,0.017495958,109.17036819458008,0.10577882081270218,4590,0.8165115714073181,-0.016314785368740557,0.0001,1000.0,1517.3046875,,
5.375,1.0,310,1754,3.5,1269760,723,4.0,0.22216796875,18.41841063499451,0.2,40.37798309326172,0.020171974,94.14306983947753,0.10572969168424606,4595,0.8817644119262695,-0.014098730770638213,0.0001,1000.0,1524.0218505859375,,
5.375,1.0,311,1755,4.0,1273856,725,4.5,0.163916015625,18.42295198440552,0.2,46.30263137817383,0.014024641,104.59521389007568,0.10571350902318954,4600,0.8922778964042664,-0.013243363564833998,0.0001,1000.0,1544.7249755859375,,
5.375,1.0,312,1756,4.0,1277952,727,4.5,0.160302734375,18.428615188598634,0.2,42.56612014770508,0.015419013,97.97445068359374,0.10569365322589874,4605,0.9021316170692444,-0.013265071297064423,0.0001,1000.0,1544.7249755859375,,
5.75,1.5,313,1756,2.0,1282048,729,4.5,0.141796875,18.436533212661743,0.2,32.064476013183594,0.014664138,74.55356788635254,0.10570528358221054,4610,0.9284159541130066,-0.011819545133039355,0.0001,1000.0,1567.150634765625,,
5.75,1.5,314,1757,2.0,1286144,731,5.0,0.171923828125,18.443294048309326,0.2,40.611446380615234,0.015366733,87.11406383514404,0.10572134703397751,4615,0.8978919386863708,-0.012661443650722503,0.0001,1000.0,1559.6065673828125,,
5.75,1.5,315,1757,1.5,1290240,734,5.5,0.140283203125,18.442970180511473,0.2,66.59817504882812,0.015016578,152.06866912841798,0.10573673248291016,4620,0.7367124557495117,-0.012122691934928298,0.0001,999.11,1571.8516845703125,,
5.75,1.5,316,1758,1.5,1294336,735,5.5,0.109228515625,18.445201683044434,0.2,48.85940170288086,0.012103015,153.680521774292,0.1057228296995163,4625,0.7549437880516052,-0.013434523064643145,0.0001,999.11,1571.8516845703125,,
6.0,2.0,317,1759,2.0,1298432,738,5.5,0.162646484375,18.445999526977538,0.2,38.22806167602539,0.01632183,88.31873168945313,0.10578235983848572,4630,0.8464999794960022,-0.014504576660692691,0.0001,999.11,1613.0709228515625,,
6.0,2.0,318,1759,2.5,1302528,740,5.5,0.208837890625,18.441942167282104,0.2,45.14802169799805,0.01719461,98.99526481628418,0.1057550311088562,4635,0.8471493721008301,-0.013589947856962681,0.0001,999.11,1622.1033935546875,,
6.0,2.0,319,1760,2.5,1306624,742,5.5,0.15751953125,18.443953847885133,0.2,49.85834503173828,0.01524546,118.22679557800294,0.10571978241205215,4640,0.8420687913894653,-0.011651459551649168,0.0001,999.11,1615.48876953125,,
6.0,2.0,320,1761,2.5,1310720,743,5.5,0.089404296875,18.443249416351318,0.2,51.75172424316406,0.010257263,127.73912200927734,0.1057077944278717,4645,0.8094128370285034,-0.007643647445365787,0.0001,999.11,1615.48876953125,,
5.625,2.0,321,1761,3.0,1314816,746,2.5,0.137939453125,18.443262243270873,0.2,49.45063018798828,0.014070825,123.61399459838867,0.10568676143884659,4650,0.8042398691177368,-0.012865747779142112,0.0001,999.11,1586.04638671875,,
5.625,2.0,322,1762,1.5,1318912,748,2.5,0.131884765625,18.441878700256346,0.2,50.200531005859375,0.014341803,130.1505111694336,0.10567464679479599,4655,0.830634355545044,-0.01255206016357988,0.0001,999.11,1583.02978515625,,
5.625,2.0,323,1762,1.5,1323008,750,3.0,0.101806640625,18.443397808074952,0.2,80.75377655029297,0.011043975,201.88716735839844,0.1056784838438034,4660,0.7359867691993713,-0.010077902534976601,0.0001,999.11,1588.1875,,
5.625,2.0,324,1764,1.5,1327104,752,3.0,0.063720703125,18.445411586761473,0.2,71.60997009277344,0.008832175,182.56996536254883,0.10568024218082428,4665,0.7609111070632935,-0.0107741093786899,0.0001,999.11,1588.1875,,
6.125,1.0,325,1763,2.0,1331200,754,3.5,0.091015625,18.446844577789307,0.2,47.2713508605957,0.012188926,131.0301118850708,0.10568872094154358,4670,0.8714304566383362,-0.012820728262886405,0.0001,999.11,1631.78515625,,
6.125,1.0,326,1764,2.5,1335296,756,3.5,0.153076171875,18.447499370574953,0.2,47.66973876953125,0.014743289,117.88117084503173,0.10570857673883438,4675,0.8022048473358154,-0.015411448595114053,0.0001,999.11,1641.53125,,
6.125,1.0,327,1765,2.5,1339392,758,4.0,0.1416015625,18.44808359146118,0.2,43.51689147949219,0.014967011,108.80987968444825,0.10571541637182236,4680,0.7723942995071411,-0.014274824742460623,0.0001,999.11,1650.4893798828125,,
6.125,1.0,328,1765,3.0,1343488,760,4.0,0.167041015625,18.45478229522705,0.2,32.30471420288086,0.01595086,70.95164842605591,0.1056203693151474,4685,0.8826733827590942,-0.014337043627165258,0.0001,999.11,1648.3739013671875,,
6.25,2.0,329,1765,3.0,1347584,763,4.5,0.161572265625,18.470334625244142,0.2,32.803733825683594,0.01488499,77.7652663230896,0.10556549578905106,4690,0.883998453617096,-0.011472327401861548,0.0001,999.11,1665.5843505859375,,
6.25,2.0,330,1766,3.5,1351680,765,5.0,0.176025390625,18.485076808929442,0.2,30.077884674072266,0.01439908,72.74166831970214,0.1055254340171814,4695,0.8588624596595764,-0.01128495842567645,0.0001,999.11,1678.412841796875,,
6.25,2.0,331,1767,3.5,1355776,767,5.0,0.15009765625,18.499450492858887,0.2,38.652076721191406,0.01298514,94.28438758850098,0.1054670438170433,4700,0.8059684634208679,-0.011693548754556105,0.0001,999.11,1678.412841796875,,
6.25,2.0,332,1768,3.0,1359872,769,5.0,0.1671875,18.508964443206786,0.2,59.28047561645508,0.015062432,129.8616916656494,0.10544685274362564,4705,0.7579182386398315,-0.014366194687318057,0.0001,999.11,1670.73876953125,,
5.875,2.5,333,1768,3.0,1363968,771,5.5,0.206787109375,18.50140585899353,0.2,60.409751892089844,0.016869172,120.70312156677247,0.10552375018596649,4710,0.7580288648605347,-0.012986506673041732,0.0001,999.11,1692.5531005859375,,
5.875,2.5,334,1768,3.5,1368064,773,5.5,0.13291015625,18.49410548210144,0.2,71.56137084960938,0.013263004,174.83687019348145,0.10550236701965332,4715,0.764762282371521,-0.010210136655950918,0.0001,999.11,1682.1356201171875,,
5.875,2.5,335,1769,3.5,1372160,775,5.5,0.16728515625,18.495787811279296,0.2,64.20750427246094,0.01563339,149.0167028427124,0.1054954007267952,4720,0.7939462661743164,-0.01489193004090339,0.0001,999.11,1682.1356201171875,,
6.125,3.0,336,1769,4.0,1376256,777,5.5,0.16396484375,18.492829370498658,0.2,58.23328399658203,0.014708753,136.62231941223143,0.10547227412462234,4725,0.7947518825531006,-0.014761159487534314,0.0001,999.11,1690.324951171875,,
6.125,3.0,337,1770,4.0,1380352,779,6.0,0.1228515625,18.491077423095703,0.2,49.682106018066406,0.014274919,124.61999130249023,0.10551043599843979,4730,0.8184831738471985,-0.012010243063559755,0.0001,999.11,1681.481689453125,,
6.125,3.0,338,1770,3.5,1384448,781,6.5,0.107080078125,18.48771800994873,0.2,83.24214172363281,0.011074718,184.33167839050293,0.10549727082252502,4735,0.8129809498786926,-0.011712614039424807,0.0001,999.11,1660.7529296875,,
6.125,3.0,339,1771,3.5,1388544,783,6.5,0.120703125,18.49384174346924,0.2,76.16065216064453,0.01282705,177.4356704711914,0.10541945695877075,4740,0.8246100544929504,-0.012659303680993616,0.0001,999.11,1660.7529296875,,
6.625,2.0,340,1771,1.5,1392640,786,6.5,0.130029296875,18.499685430526732,0.2,45.336212158203125,0.0113648325,122.83272552490234,0.10538890212774277,4745,0.8604777455329895,-0.011722979607293382,0.0001,1000.0,1621.843017578125,,
6.625,2.0,341,1772,1.5,1396736,788,7.0,0.1755859375,18.503257465362548,0.2,48.89289474487305,0.016176088,108.93120708465577,0.10533719509840012,4750,0.8789857625961304,-0.01573312556720339,0.0001,1000.0,1624.6187744140625,,
6.625,2.0,342,1772,2.0,1400832,790,7.5,0.14892578125,18.509506130218504,0.2,43.28561019897461,0.013282472,101.24777088165283,0.10527020692825317,4755,0.7664846777915955,-0.013895391678670422,0.0001,1000.0,1631.1678466796875,,
6.625,2.0,343,1773,2.0,1404928,792,7.5,0.14541015625,18.517935371398927,0.2,49.697044372558594,0.012964206,116.60143413543702,0.10523860156536102,4760,0.764217734336853,-0.01314037256524898,0.0001,1000.0,1631.1678466796875,,
6.25,2.0,344,1773,2.0,1409024,794,7.5,0.152685546875,18.522901487350463,0.2,37.971187591552734,0.013519185,88.47652778625488,0.10522742569446564,4765,0.7650924324989319,-0.011038099665893242,0.0001,1000.0,1608.1695556640625,,
6.25,2.0,345,1774,2.0,1413120,796,8.0,0.1859375,18.525702905654907,0.2,41.63386535644531,0.018142112,93.18981590270997,0.10517285019159317,4770,0.7229365110397339,-0.01429592672502622,0.0001,1000.0,1619.0958251953125,,
6.25,2.0,346,1774,0.5,1417216,798,8.0,0.13349609375,18.530537176132203,0.2,45.687137603759766,0.013303004,116.63467369079589,0.10515282303094864,4775,0.5001460313796997,-0.013812628795858473,0.0001,1000.0,1608.8570556640625,,
6.25,2.0,347,1775,0.5,1421312,800,8.0,0.111669921875,18.533279991149904,0.2,66.48054504394531,0.011922996,158.15457878112792,0.10510401427745819,4780,0.3436509370803833,-0.01256841205758974,0.0001,1000.0,1608.8570556640625,,
5.875,3.0,348,1775,1.0,1425408,802,8.0,0.159521484375,18.53426742553711,0.2,49.81504440307617,0.015703864,120.405637550354,0.1051362156867981,4785,0.5261651873588562,-0.013997364533133804,0.0001,1000.0,1529.5428466796875,,
5.875,3.0,349,1776,1.0,1429504,804,4.5,0.200146484375,18.532297229766847,0.2,50.88336944580078,0.018871367,115.54890022277831,0.10511554032564163,4790,0.630400538444519,-0.017526853445451705,0.0001,1000.0,1524.9747314453125,,
5.875,3.0,350,1776,1.5,1433600,806,2.5,0.117529296875,18.535698032379152,0.2,28.495777130126953,0.013135093,71.99461374282836,0.10506516695022583,4795,0.7995083332061768,-0.010265306301880628,0.0001,1000.0,1530.474365234375,,
5.875,3.0,351,1777,1.5,1437696,808,2.5,0.147900390625,18.54176821708679,0.2,20.838022232055664,0.014745727,57.711462306976316,0.10503270477056503,4800,0.8634143471717834,-0.010567054687999188,0.0001,1000.0,1530.474365234375,,
5.375,1.5,352,1778,1.5,1441792,810,2.5,0.163671875,18.546421003341674,0.2,25.00940704345703,0.015540156,63.278872871398924,0.10503357648849487,4805,0.8799357414245605,-0.01029264050303027,0.0001,1000.0,1507.9510498046875,,
5.375,1.5,353,1778,1.5,1445888,812,3.0,0.159228515625,18.545859575271606,0.2,31.05643653869629,0.013036767,76.74010639190674,0.10506712645292282,4810,0.8940151333808899,-0.012710415269248187,0.0001,1000.0,1529.572509765625,,
5.375,1.5,354,1778,2.0,1449984,815,3.5,0.143994140625,18.550366115570068,0.2,66.2990951538086,0.012755549,151.4480236053467,0.10509001463651657,4815,0.722553014755249,-0.01306158869410865,0.0001,1000.0,1518.5673828125,,
5.375,1.5,355,1780,2.0,1454080,816,3.5,0.1283203125,18.547646474838256,0.2,59.5540885925293,0.013373759,132.34605655670165,0.1051148995757103,4820,0.7614935040473938,-0.013887353739119136,0.0001,1000.0,1518.5673828125,,
5.25,2.5,356,1780,2.5,1458176,819,3.5,0.097705078125,18.545474100112916,0.2,43.34370803833008,0.012548868,103.41445236206054,0.105100117623806,4825,0.8382930755615234,-0.009591694246046245,0.0001,1000.0,1502.3848876953125,,
5.25,2.5,357,1780,3.0,1462272,821,3.5,0.15009765625,18.54935703277588,0.2,41.55629348754883,0.014213489,90.41719589233398,0.1051245704293251,4830,0.8569259643554688,-0.012357566959690303,0.0001,1000.0,1494.31640625,,
5.25,2.5,358,1780,3.0,1466368,823,4.0,0.1376953125,18.553098249435426,0.2,38.797767639160156,0.011778175,95.66164684295654,0.10517154633998871,4835,0.81321120262146,-0.011120360781205818,0.0001,1000.0,1498.4886474609375,,
5.25,2.5,359,1782,3.0,1470464,825,4.0,0.13330078125,18.551888179779052,0.2,39.777706146240234,0.012434264,98.3206579208374,0.10515431314706802,4840,0.8697731494903564,-0.012543524079956115,0.0001,1000.0,1498.4886474609375,,
5.75,2.5,360,1781,3.5,1474560,827,4.5,0.129541015625,18.55759024620056,0.2,41.50743865966797,0.013509883,90.59511795043946,0.10509468615055084,4845,0.8961098194122314,-0.012632321496494115,0.0001,1000.0,1522.021240234375,,
5.75,2.5,361,1782,2.5,1478656,829,4.5,0.16044921875,18.56447262763977,0.2,44.103797912597656,0.014080832,92.5538236618042,0.1051052138209343,4850,0.9005163908004761,-0.012900444923434406,0.0001,1000.0,1520.7010498046875,,
5.75,2.5,362,1782,2.5,1482752,831,5.0,0.175634765625,18.568830490112305,0.2,43.934532165527344,0.015085465,109.00248947143555,0.10511837154626846,4855,0.8665072917938232,-0.01489434646209702,0.0001,1000.0,1518.140625,,
5.75,2.5,363,1784,2.5,1486848,833,5.0,0.1177734375,18.571853971481325,0.2,22.97936248779297,0.013037141,73.00922832489013,0.1051250770688057,4860,0.9331567287445068,-0.011442111828364432,0.0001,1000.0,1518.140625,,
6.125,2.0,364,1783,3.0,1490944,835,5.5,0.1419921875,18.575872468948365,0.2,21.58719825744629,0.014209951,61.61639738082886,0.10509360581636429,4865,0.9519525170326233,-0.01286222508060746,0.0001,1000.0,1612.35498046875,,
6.125,2.0,365,1784,3.5,1495040,837,5.5,0.186279296875,18.583956146240233,0.2,37.40589904785156,0.017921794,79.58269357681274,0.10501441359519958,4870,0.8954935073852539,-0.013957363658118994,0.0001,1000.0,1622.299560546875,,
6.125,2.0,366,1784,3.5,1499136,839,5.5,0.135498046875,18.590681648254396,0.2,41.2075309753418,0.01333016,109.36257152557373,0.10500957816839218,4875,0.7206010818481445,-0.010705999820493162,0.0001,1000.0,1620.0206298828125,,
6.125,2.0,367,1744,3.5,1503232,861,5.5,0.140771484375,18.595360803604127,0.2,33.5787353515625,0.013097815,79.38568077087402,0.1049378514289856,4880,0.807939887046814,-0.012601179827470332,0.0001,1000.0,1620.0206298828125,2.4791840454844123,1250000
