adim,skor,devrilen,odul_+0.10_+0.00_+0.00,odul_-0.10_+0.00_+0.00,odul_+0.00_+0.06_+0.00,odul_+0.00_-0.06_+0.00,odul_+0.00_+0.00_+0.40,odul_+0.00_+0.00_-0.40,odul_+0.10_+0.04_+0.25,zemin_çukur 45 ileri,zemin_çukur 45 yana,zemin_çukur 60 geri,zemin_yayla 50 ileri,zemin_yokuş yukarı 20
250000,2.5891,0,3.2391,3.2433,2.9024,2.8979,2.2337,2.2332,3.2335,2.5549,1.8451,1.5043,2.3289,2.8532
500000,2.5336,0,3.2378,3.242,2.8964,2.8985,2.2247,2.2278,3.2333,1.9473,1.8288,1.5124,2.2983,2.8561
750000,2.5882,0,3.2191,3.2282,2.8975,2.8923,2.2202,2.2284,3.2143,2.5618,1.8512,1.5053,2.4509,2.7893
1000000,2.5698,0,3.1975,3.2132,2.8886,2.8855,2.2209,2.2089,3.1926,2.4064,1.8568,1.5013,2.4673,2.7982
1250000,2.5982,0,3.1975,3.1954,2.8802,2.8711,2.2108,2.1959,3.1774,2.6899,1.848,1.486,2.6024,2.8239
1500000,2.5788,0,3.1646,3.2232,2.8876,2.8738,2.161,2.2002,3.1141,2.4973,1.8489,1.4972,2.6232,2.8542
1750000,2.576,0,3.1754,3.2316,2.8763,2.8535,2.1943,2.2115,3.1536,2.5818,1.8329,1.4878,2.4786,2.835
2000000,2.5849,0,3.1846,3.2145,2.8687,2.8623,2.2012,2.209,3.1683,2.5031,1.8358,1.4832,2.6183,2.8693
2250000,2.6012,0,3.1476,3.2154,2.8643,2.862,2.1979,2.2185,3.1167,2.7248,1.7999,1.4745,2.7222,2.8702
2500000,2.534,0,3.0988,3.2069,2.8395,2.8127,2.1954,2.2162,3.0848,2.321,1.7315,1.4652,2.6682,2.768
2750000,2.5558,0,3.1423,3.2017,2.8306,2.8203,2.1913,2.2004,3.1188,2.5836,1.7834,1.4424,2.5448,2.8107
3000000,2.5548,0,3.1036,3.1655,2.7804,2.7918,2.1905,2.2058,3.0667,2.6475,1.7745,1.5443,2.5513,2.835
3250000,2.5192,0,3.1201,3.1538,2.765,2.7788,2.1818,2.1694,3.0442,2.5463,1.7281,1.328,2.5535,2.861
3500000,2.5576,0,3.0736,3.1316,2.8062,2.7576,2.1813,2.1677,3.0335,1.7514,1.8191,2.547,2.5951,2.8273
3750000,2.5851,0,3.0611,3.0995,2.8134,2.7653,2.1592,2.1527,3.0388,2.3347,1.7285,2.4492,2.6039,2.8144
4000000,2.5891,0,3.039,3.0877,2.8052,2.7571,2.1521,2.1445,3.0328,2.6374,2.5455,1.3335,2.7135,2.8207
