zemin,denetleyici,komut_vx,komut_vy,komut_wz,tohum,hiz_m_s,yol_m,enerji_j_m,guc_w,sure_s,devrildi,yon_sapmasi_derece,rastgele
düz,tripod,0.1,0.0,0.0,1,0.09776,0.9776,47.93,4.686,10.0,0,-0.0,1
düz,tripod,0.1,0.0,0.0,2,0.09778,0.9778,31.95,3.124,10.0,0,0.1,1
düz,tripod,0.1,0.0,0.0,3,0.09792,0.9792,30.17,2.954,10.0,0,-0.0,1
düz,tripod,0.1,0.0,0.0,0,0.09782,0.9782,37.67,3.685,10.0,0,-0.3,0
yokuş yukarı 10°,tripod,0.1,0.0,0.0,1,0.09207,0.9207,51.04,4.699,10.0,0,-0.2,1
yokuş yukarı 10°,tripod,0.1,0.0,0.0,2,0.09059,0.9059,34.7,3.143,10.0,0,0.2,1
yokuş yukarı 10°,tripod,0.1,0.0,0.0,3,0.09122,0.9122,32.33,2.949,10.0,0,-0.1,1
yokuş yukarı 10°,tripod,0.1,0.0,0.0,0,0.09188,0.9188,39.92,3.667,10.0,0,0.0,0
yokuş yukarı 20°,tripod,0.1,0.0,0.0,1,0.07887,0.7887,61.6,4.858,10.0,0,-0.5,1
yokuş yukarı 20°,tripod,0.1,0.0,0.0,2,0.07444,0.7445,45.02,3.351,10.0,0,0.0,1
yokuş yukarı 20°,tripod,0.1,0.0,0.0,3,0.07492,0.7493,42.45,3.181,10.0,0,-0.9,1
yokuş yukarı 20°,tripod,0.1,0.0,0.0,0,0.07713,0.7713,50.1,3.865,10.0,0,0.5,0
yokuş aşağı 10°,tripod,0.1,0.0,0.0,1,0.09994,0.9994,48.79,4.876,10.0,0,0.1,1
yokuş aşağı 10°,tripod,0.1,0.0,0.0,2,0.09977,0.9977,32.96,3.288,10.0,0,0.1,1
yokuş aşağı 10°,tripod,0.1,0.0,0.0,3,0.10058,1.0058,31.09,3.127,10.0,0,0.1,1
yokuş aşağı 10°,tripod,0.1,0.0,0.0,0,0.09966,0.9966,38.7,3.857,10.0,0,0.0,0
yan eğim 10°,tripod,0.1,0.0,0.0,1,0.09802,0.9805,48.66,4.771,10.0,0,-0.2,1
yan eğim 10°,tripod,0.1,0.0,0.0,2,0.09759,0.9763,32.66,3.189,10.0,0,-0.9,1
yan eğim 10°,tripod,0.1,0.0,0.0,3,0.09771,0.9776,31.03,3.033,10.0,0,-0.9,1
yan eğim 10°,tripod,0.1,0.0,0.0,0,0.09787,0.979,38.2,3.739,10.0,0,-1.3,0
yokuş yukarı 10° μ0.3,tripod,0.1,0.0,0.0,1,0.03692,0.3694,127.41,4.706,10.0,0,-1.0,1
yokuş yukarı 10° μ0.3,tripod,0.1,0.0,0.0,2,0.04717,0.4719,65.41,3.087,10.0,0,0.2,1
yokuş yukarı 10° μ0.3,tripod,0.1,0.0,0.0,3,0.05313,0.5314,54.57,2.9,10.0,0,-1.0,1
yokuş yukarı 10° μ0.3,tripod,0.1,0.0,0.0,0,0.04709,0.4711,77.2,3.636,10.0,0,-0.9,0
yokuş yukarı 15° μ0.3,tripod,0.1,0.0,0.0,1,-0.67385,6.4962,7.31,4.927,9.64,1,-5.8,1
yokuş yukarı 15° μ0.3,tripod,0.1,0.0,0.0,2,-0.89056,6.5546,3.76,3.351,7.36,1,-6.3,1
yokuş yukarı 15° μ0.3,tripod,0.1,0.0,0.0,3,-0.7557,6.5293,4.21,3.185,8.64,1,-9.1,1
yokuş yukarı 15° μ0.3,tripod,0.1,0.0,0.0,0,-0.59844,5.9844,6.46,3.868,10.0,0,-1.3,0
basamak 30 mm,tripod,0.1,0.0,0.0,1,0.06685,0.6689,82.37,5.509,10.0,0,6.4,1
basamak 30 mm,tripod,0.1,0.0,0.0,2,0.06827,0.6828,57.07,3.897,10.0,0,3.3,1
basamak 30 mm,tripod,0.1,0.0,0.0,3,0.07469,0.7472,49.0,3.662,10.0,0,2.7,1
basamak 30 mm,tripod,0.1,0.0,0.0,0,0.07123,0.7124,60.73,4.326,10.0,0,-4.3,0
basamak 45 mm,tripod,0.1,0.0,0.0,1,0.01896,0.1897,276.74,5.25,10.0,0,1.7,1
basamak 45 mm,tripod,0.1,0.0,0.0,2,0.01922,0.1922,199.96,3.844,10.0,0,0.8,1
basamak 45 mm,tripod,0.1,0.0,0.0,3,0.01926,0.193,189.99,3.666,10.0,0,0.2,1
basamak 45 mm,tripod,0.1,0.0,0.0,0,0.01889,0.189,229.74,4.342,10.0,0,1.0,0
basamak 60 mm,tripod,0.1,0.0,0.0,1,0.01879,0.1882,284.97,5.362,10.0,0,1.3,1
basamak 60 mm,tripod,0.1,0.0,0.0,2,0.01931,0.1967,201.5,3.964,10.0,0,2.2,1
basamak 60 mm,tripod,0.1,0.0,0.0,3,0.01932,0.198,191.88,3.799,10.0,0,2.1,1
basamak 60 mm,tripod,0.1,0.0,0.0,0,0.01927,0.1943,229.16,4.453,10.0,0,1.9,0
merdiven 6x35 mm,tripod,0.1,0.0,0.0,1,0.06705,0.6707,85.11,5.708,10.0,0,-2.1,1
merdiven 6x35 mm,tripod,0.1,0.0,0.0,2,0.0603,0.6038,71.98,4.346,10.0,0,7.8,1
merdiven 6x35 mm,tripod,0.1,0.0,0.0,3,0.06386,0.6388,68.32,4.364,10.0,0,1.2,1
merdiven 6x35 mm,tripod,0.1,0.0,0.0,0,0.06189,0.6193,80.76,5.002,10.0,0,3.3,0
engebe 40 mm,tripod,0.1,0.0,0.0,1,0.09583,0.9583,50.68,4.857,10.0,0,-0.9,1
engebe 40 mm,tripod,0.1,0.0,0.0,2,0.09678,0.9678,33.73,3.264,10.0,0,1.1,1
engebe 40 mm,tripod,0.1,0.0,0.0,3,0.09745,0.9745,31.59,3.078,10.0,0,0.6,1
engebe 40 mm,tripod,0.1,0.0,0.0,0,0.09667,0.9668,39.32,3.801,10.0,0,1.1,0
engebe 60 mm,tripod,0.1,0.0,0.0,1,0.09259,0.9259,53.28,4.933,10.0,0,-1.7,1
engebe 60 mm,tripod,0.1,0.0,0.0,2,0.09523,0.9523,35.44,3.375,10.0,0,0.2,1
engebe 60 mm,tripod,0.1,0.0,0.0,3,0.09643,0.9643,32.77,3.161,10.0,0,0.5,1
engebe 60 mm,tripod,0.1,0.0,0.0,0,0.0928,0.9281,42.44,3.939,10.0,0,-2.0,0
çukur 40 mm,tripod,0.1,0.0,0.0,1,0.01399,0.1399,377.15,5.278,10.0,0,1.4,1
çukur 40 mm,tripod,0.1,0.0,0.0,2,0.01424,0.1426,271.01,3.866,10.0,0,1.0,1
çukur 40 mm,tripod,0.1,0.0,0.0,3,0.01407,0.1408,263.72,3.714,10.0,0,0.8,1
çukur 40 mm,tripod,0.1,0.0,0.0,0,0.01409,0.141,309.68,4.368,10.0,0,1.3,0
yayla 50 mm,tripod,0.1,0.0,0.0,1,0.05846,0.5847,96.65,5.651,10.0,0,6.2,1
yayla 50 mm,tripod,0.1,0.0,0.0,2,0.05091,0.5091,82.88,4.219,10.0,0,7.5,1
yayla 50 mm,tripod,0.1,0.0,0.0,3,0.05259,0.5262,79.58,4.188,10.0,0,9.3,1
yayla 50 mm,tripod,0.1,0.0,0.0,0,0.05803,0.5805,80.47,4.671,10.0,0,13.0,0
düz,tripod:50,0.1,0.0,0.0,1,0.10074,1.0074,49.0,4.937,10.0,0,0.2,1
düz,tripod:50,0.1,0.0,0.0,2,0.10009,1.0009,40.49,4.053,10.0,0,0.2,1
düz,tripod:50,0.1,0.0,0.0,3,0.10063,1.0063,39.1,3.935,10.0,0,-0.1,1
düz,tripod:50,0.1,0.0,0.0,0,0.10002,1.0002,43.76,4.377,10.0,0,0.0,0
yokuş yukarı 10°,tripod:50,0.1,0.0,0.0,1,0.09544,0.9544,51.76,4.94,10.0,0,-0.1,1
yokuş yukarı 10°,tripod:50,0.1,0.0,0.0,2,0.09415,0.9415,43.27,4.074,10.0,0,0.1,1
yokuş yukarı 10°,tripod:50,0.1,0.0,0.0,3,0.09451,0.9451,41.62,3.934,10.0,0,-0.1,1
yokuş yukarı 10°,tripod:50,0.1,0.0,0.0,0,0.09435,0.9435,46.51,4.388,10.0,0,-0.0,0
yokuş yukarı 20°,tripod:50,0.1,0.0,0.0,1,0.0773,0.773,66.28,5.123,10.0,0,-0.2,1
yokuş yukarı 20°,tripod:50,0.1,0.0,0.0,2,0.07787,0.7787,54.66,4.257,10.0,0,-0.2,1
yokuş yukarı 20°,tripod:50,0.1,0.0,0.0,3,0.07918,0.7918,52.2,4.133,10.0,0,0.1,1
yokuş yukarı 20°,tripod:50,0.1,0.0,0.0,0,0.07954,0.7954,57.32,4.559,10.0,0,0.1,0
yokuş aşağı 10°,tripod:50,0.1,0.0,0.0,1,0.10417,1.0417,50.0,5.208,10.0,0,0.1,1
yokuş aşağı 10°,tripod:50,0.1,0.0,0.0,2,0.10282,1.0283,41.53,4.27,10.0,0,0.0,1
yokuş aşağı 10°,tripod:50,0.1,0.0,0.0,3,0.10271,1.0271,40.4,4.15,10.0,0,-0.0,1
yokuş aşağı 10°,tripod:50,0.1,0.0,0.0,0,0.10286,1.0286,44.56,4.584,10.0,0,-0.1,0
yan eğim 10°,tripod:50,0.1,0.0,0.0,1,0.10096,1.0101,49.71,5.021,10.0,0,-0.4,1
yan eğim 10°,tripod:50,0.1,0.0,0.0,2,0.10017,1.0021,41.11,4.12,10.0,0,-1.5,1
yan eğim 10°,tripod:50,0.1,0.0,0.0,3,0.10039,1.0042,40.03,4.02,10.0,0,-1.8,1
yan eğim 10°,tripod:50,0.1,0.0,0.0,0,0.10026,1.0032,44.33,4.447,10.0,0,-1.3,0
yokuş yukarı 10° μ0.3,tripod:50,0.1,0.0,0.0,1,0.04849,0.4853,102.18,4.959,10.0,0,-1.5,1
yokuş yukarı 10° μ0.3,tripod:50,0.1,0.0,0.0,2,0.0569,0.5695,70.5,4.014,10.0,0,-0.7,1
yokuş yukarı 10° μ0.3,tripod:50,0.1,0.0,0.0,3,0.06197,0.6198,62.57,3.878,10.0,0,-0.5,1
yokuş yukarı 10° μ0.3,tripod:50,0.1,0.0,0.0,0,0.05878,0.588,74.24,4.366,10.0,0,-0.9,0
yokuş yukarı 15° μ0.3,tripod:50,0.1,0.0,0.0,1,-0.41005,4.1009,12.7,5.206,10.0,0,-5.6,1
yokuş yukarı 15° μ0.3,tripod:50,0.1,0.0,0.0,2,-0.83363,6.519,5.3,4.415,7.82,1,-9.5,1
yokuş yukarı 15° μ0.3,tripod:50,0.1,0.0,0.0,3,-0.69101,6.4818,6.16,4.256,9.38,1,-9.6,1
yokuş yukarı 15° μ0.3,tripod:50,0.1,0.0,0.0,0,-0.50329,5.0331,9.31,4.684,10.0,0,-5.1,0
basamak 30 mm,tripod:50,0.1,0.0,0.0,1,0.09295,0.9299,61.27,5.697,10.0,0,1.5,1
basamak 30 mm,tripod:50,0.1,0.0,0.0,2,0.09262,0.9264,51.49,4.77,10.0,0,1.3,1
basamak 30 mm,tripod:50,0.1,0.0,0.0,3,0.09403,0.9404,49.14,4.622,10.0,0,0.8,1
basamak 30 mm,tripod:50,0.1,0.0,0.0,0,0.09133,0.9135,56.41,5.153,10.0,0,0.3,0
basamak 45 mm,tripod:50,0.1,0.0,0.0,1,0.08584,0.8584,73.54,6.312,10.0,0,-0.1,1
basamak 45 mm,tripod:50,0.1,0.0,0.0,2,0.08603,0.8607,61.57,5.3,10.0,0,1.7,1
basamak 45 mm,tripod:50,0.1,0.0,0.0,3,0.08961,0.8961,57.31,5.136,10.0,0,1.5,1
basamak 45 mm,tripod:50,0.1,0.0,0.0,0,0.08193,0.8205,70.67,5.799,10.0,0,2.1,0
basamak 60 mm,tripod:50,0.1,0.0,0.0,1,0.03788,0.3817,179.06,6.835,10.0,0,-1.6,1
basamak 60 mm,tripod:50,0.1,0.0,0.0,2,0.04001,0.4035,149.31,6.025,10.0,0,-2.8,1
basamak 60 mm,tripod:50,0.1,0.0,0.0,3,0.0715,0.7152,82.32,5.887,10.0,0,-0.6,1
basamak 60 mm,tripod:50,0.1,0.0,0.0,0,0.01915,0.1954,294.16,5.747,10.0,0,-1.4,0
merdiven 6x35 mm,tripod:50,0.1,0.0,0.0,1,0.08733,0.8734,70.88,6.191,10.0,0,0.3,1
merdiven 6x35 mm,tripod:50,0.1,0.0,0.0,2,0.08943,0.8947,58.38,5.224,10.0,0,1.4,1
merdiven 6x35 mm,tripod:50,0.1,0.0,0.0,3,0.09293,0.9296,54.88,5.102,10.0,0,1.9,1
merdiven 6x35 mm,tripod:50,0.1,0.0,0.0,0,0.08716,0.8725,63.93,5.578,10.0,0,1.2,0
engebe 40 mm,tripod:50,0.1,0.0,0.0,1,0.0988,0.9881,51.9,5.129,10.0,0,-0.2,1
engebe 40 mm,tripod:50,0.1,0.0,0.0,2,0.099,0.9901,42.59,4.217,10.0,0,-1.3,1
engebe 40 mm,tripod:50,0.1,0.0,0.0,3,0.09995,0.9996,40.92,4.09,10.0,0,-1.5,1
engebe 40 mm,tripod:50,0.1,0.0,0.0,0,0.09915,0.9915,46.1,4.571,10.0,0,-0.0,0
engebe 60 mm,tripod:50,0.1,0.0,0.0,1,0.09761,0.9761,53.52,5.224,10.0,0,-0.9,1
engebe 60 mm,tripod:50,0.1,0.0,0.0,2,0.09855,0.9855,43.9,4.326,10.0,0,-0.2,1
engebe 60 mm,tripod:50,0.1,0.0,0.0,3,0.09785,0.9785,43.16,4.223,10.0,0,-1.3,1
engebe 60 mm,tripod:50,0.1,0.0,0.0,0,0.09802,0.9802,47.98,4.703,10.0,0,-1.0,0
çukur 40 mm,tripod:50,0.1,0.0,0.0,1,0.08766,0.877,69.02,6.053,10.0,0,-2.3,1
çukur 40 mm,tripod:50,0.1,0.0,0.0,2,0.08778,0.8779,58.72,5.155,10.0,0,0.9,1
çukur 40 mm,tripod:50,0.1,0.0,0.0,3,0.08868,0.8868,56.98,5.053,10.0,0,-1.5,1
çukur 40 mm,tripod:50,0.1,0.0,0.0,0,0.08749,0.8755,62.35,5.458,10.0,0,-1.6,0
yayla 50 mm,tripod:50,0.1,0.0,0.0,1,0.08533,0.8533,74.24,6.335,10.0,0,-2.6,1
yayla 50 mm,tripod:50,0.1,0.0,0.0,2,0.0881,0.881,60.05,5.29,10.0,0,3.3,1
yayla 50 mm,tripod:50,0.1,0.0,0.0,3,0.08822,0.8822,57.99,5.116,10.0,0,1.4,1
yayla 50 mm,tripod:50,0.1,0.0,0.0,0,0.08563,0.8564,68.09,5.831,10.0,0,-1.1,0
düz,models/ppo_omni_250k/model.zip,0.1,0.0,0.0,1,0.10303,1.0308,47.29,4.874,10.0,0,-3.4,1
düz,models/ppo_omni_250k/model.zip,0.1,0.0,0.0,2,0.10046,1.0051,31.57,3.173,10.0,0,-3.5,1
düz,models/ppo_omni_250k/model.zip,0.1,0.0,0.0,3,0.10122,1.0128,29.74,3.012,10.0,0,-3.1,1
düz,models/ppo_omni_250k/model.zip,0.1,0.0,0.0,0,0.10017,1.0021,37.43,3.751,10.0,0,-3.5,0
yokuş yukarı 10°,models/ppo_omni_250k/model.zip,0.1,0.0,0.0,1,0.09726,0.973,51.17,4.979,10.0,0,-3.1,1
yokuş yukarı 10°,models/ppo_omni_250k/model.zip,0.1,0.0,0.0,2,0.09536,0.9537,34.52,3.293,10.0,0,-2.2,1
yokuş yukarı 10°,models/ppo_omni_250k/model.zip,0.1,0.0,0.0,3,0.0963,0.9634,32.45,3.126,10.0,0,-2.2,1
yokuş yukarı 10°,models/ppo_omni_250k/model.zip,0.1,0.0,0.0,0,0.09442,0.9444,40.77,3.85,10.0,0,-2.8,0
yokuş yukarı 20°,models/ppo_omni_250k/model.zip,0.1,0.0,0.0,1,0.08583,0.8586,59.71,5.127,10.0,0,-3.7,1
yokuş yukarı 20°,models/ppo_omni_250k/model.zip,0.1,0.0,0.0,2,0.08505,0.8505,40.82,3.472,10.0,0,1.0,1
yokuş yukarı 20°,models/ppo_omni_250k/model.zip,0.1,0.0,0.0,3,0.08558,0.8559,38.88,3.327,10.0,0,0.5,1
yokuş yukarı 20°,models/ppo_omni_250k/model.zip,0.1,0.0,0.0,0,0.08366,0.8366,48.59,4.065,10.0,0,0.7,0
yokuş aşağı 10°,models/ppo_omni_250k/model.zip,0.1,0.0,0.0,1,0.1049,1.0497,47.49,4.985,10.0,0,-3.8,1
yokuş aşağı 10°,models/ppo_omni_250k/model.zip,0.1,0.0,0.0,2,0.10169,1.0174,31.82,3.238,10.0,0,-3.2,1
yokuş aşağı 10°,models/ppo_omni_250k/model.zip,0.1,0.0,0.0,3,0.10261,1.0266,29.92,3.072,10.0,0,-2.9,1
yokuş aşağı 10°,models/ppo_omni_250k/model.zip,0.1,0.0,0.0,0,0.10208,1.0216,37.4,3.821,10.0,0,-3.7,0
yan eğim 10°,models/ppo_omni_250k/model.zip,0.1,0.0,0.0,1,0.10284,1.0284,48.72,5.01,10.0,0,-3.8,1
yan eğim 10°,models/ppo_omni_250k/model.zip,0.1,0.0,0.0,2,0.1006,1.006,32.47,3.267,10.0,0,-3.4,1
yan eğim 10°,models/ppo_omni_250k/model.zip,0.1,0.0,0.0,3,0.10113,1.0113,30.73,3.108,10.0,0,-3.1,1
yan eğim 10°,models/ppo_omni_250k/model.zip,0.1,0.0,0.0,0,0.10008,1.0009,38.5,3.853,10.0,0,-3.8,0
yokuş yukarı 10° μ0.3,models/ppo_omni_250k/model.zip,0.1,0.0,0.0,1,0.06022,0.6078,78.99,4.8,10.0,0,-6.1,1
yokuş yukarı 10° μ0.3,models/ppo_omni_250k/model.zip,0.1,0.0,0.0,2,0.0768,0.7696,40.54,3.12,10.0,0,-4.2,1
yokuş yukarı 10° μ0.3,models/ppo_omni_250k/model.zip,0.1,0.0,0.0,3,0.07673,0.7691,38.45,2.957,10.0,0,-4.9,1
yokuş yukarı 10° μ0.3,models/ppo_omni_250k/model.zip,0.1,0.0,0.0,0,0.07367,0.7389,50.36,3.721,10.0,0,-4.8,0
yokuş yukarı 15° μ0.3,models/ppo_omni_250k/model.zip,0.1,0.0,0.0,1,-0.05178,0.5237,94.77,4.962,10.0,0,-5.1,1
yokuş yukarı 15° μ0.3,models/ppo_omni_250k/model.zip,0.1,0.0,0.0,2,-0.03254,0.3337,101.21,3.378,10.0,0,-5.9,1
yokuş yukarı 15° μ0.3,models/ppo_omni_250k/model.zip,0.1,0.0,0.0,3,-0.04514,0.4552,70.95,3.23,10.0,0,-5.2,1
yokuş yukarı 15° μ0.3,models/ppo_omni_250k/model.zip,0.1,0.0,0.0,0,-0.03187,0.3293,119.24,3.927,10.0,0,-6.3,0
basamak 30 mm,models/ppo_omni_250k/model.zip,0.1,0.0,0.0,1,0.07802,0.7804,71.43,5.575,10.0,0,0.7,1
basamak 30 mm,models/ppo_omni_250k/model.zip,0.1,0.0,0.0,2,0.08264,0.8267,48.01,3.969,10.0,0,5.0,1
basamak 30 mm,models/ppo_omni_250k/model.zip,0.1,0.0,0.0,3,0.07444,0.7547,53.73,4.055,10.0,0,16.6,1
basamak 30 mm,models/ppo_omni_250k/model.zip,0.1,0.0,0.0,0,0.08294,0.8294,53.4,4.429,10.0,0,3.0,0
basamak 45 mm,models/ppo_omni_250k/model.zip,0.1,0.0,0.0,1,0.01785,0.179,322.49,5.774,10.0,0,1.8,1
basamak 45 mm,models/ppo_omni_250k/model.zip,0.1,0.0,0.0,2,0.01803,0.1807,238.72,4.314,10.0,0,1.5,1
basamak 45 mm,models/ppo_omni_250k/model.zip,0.1,0.0,0.0,3,0.0179,0.1801,231.93,4.176,10.0,0,1.0,1
basamak 45 mm,models/ppo_omni_250k/model.zip,0.1,0.0,0.0,0,0.01772,0.1777,273.92,4.868,10.0,0,0.7,0
basamak 60 mm,models/ppo_omni_250k/model.zip,0.1,0.0,0.0,1,0.01775,0.1782,323.48,5.764,10.0,0,1.6,1
basamak 60 mm,models/ppo_omni_250k/model.zip,0.1,0.0,0.0,2,0.01796,0.1801,239.43,4.311,10.0,0,1.0,1
basamak 60 mm,models/ppo_omni_250k/model.zip,0.1,0.0,0.0,3,0.0181,0.1823,229.32,4.18,10.0,0,0.9,1
basamak 60 mm,models/ppo_omni_250k/model.zip,0.1,0.0,0.0,0,0.01778,0.1782,273.86,4.879,10.0,0,0.6,0
merdiven 6x35 mm,models/ppo_omni_250k/model.zip,0.1,0.0,0.0,1,0.07958,0.7958,71.02,5.652,10.0,0,-4.0,1
merdiven 6x35 mm,models/ppo_omni_250k/model.zip,0.1,0.0,0.0,2,0.06655,0.6655,72.54,4.828,10.0,0,9.1,1
merdiven 6x35 mm,models/ppo_omni_250k/model.zip,0.1,0.0,0.0,3,0.06103,0.6138,78.0,4.788,10.0,0,1.5,1
merdiven 6x35 mm,models/ppo_omni_250k/model.zip,0.1,0.0,0.0,0,0.0604,0.6045,87.11,5.265,10.0,0,1.0,0
engebe 40 mm,models/ppo_omni_250k/model.zip,0.1,0.0,0.0,1,0.10145,1.0147,50.3,5.104,10.0,0,-3.0,1
engebe 40 mm,models/ppo_omni_250k/model.zip,0.1,0.0,0.0,2,0.09851,0.9854,34.31,3.381,10.0,0,-2.2,1
engebe 40 mm,models/ppo_omni_250k/model.zip,0.1,0.0,0.0,3,0.09884,0.9886,33.38,3.3,10.0,0,-0.6,1
engebe 40 mm,models/ppo_omni_250k/model.zip,0.1,0.0,0.0,0,0.09878,0.988,39.96,3.948,10.0,0,-2.2,0
engebe 60 mm,models/ppo_omni_250k/model.zip,0.1,0.0,0.0,1,0.09726,0.9731,53.65,5.221,10.0,0,-6.3,1
engebe 60 mm,models/ppo_omni_250k/model.zip,0.1,0.0,0.0,2,0.09724,0.9725,35.65,3.467,10.0,0,1.7,1
engebe 60 mm,models/ppo_omni_250k/model.zip,0.1,0.0,0.0,3,0.09859,0.986,33.46,3.299,10.0,0,-1.7,1
engebe 60 mm,models/ppo_omni_250k/model.zip,0.1,0.0,0.0,0,0.09521,0.9526,42.77,4.075,10.0,0,-1.5,0
çukur 40 mm,models/ppo_omni_250k/model.zip,0.1,0.0,0.0,1,0.01292,0.1332,454.53,6.053,10.0,0,1.7,1
çukur 40 mm,models/ppo_omni_250k/model.zip,0.1,0.0,0.0,2,0.01293,0.1297,339.3,4.401,10.0,0,0.7,1
çukur 40 mm,models/ppo_omni_250k/model.zip,0.1,0.0,0.0,3,0.01299,0.1321,320.95,4.241,10.0,0,1.8,1
çukur 40 mm,models/ppo_omni_250k/model.zip,0.1,0.0,0.0,0,0.01294,0.1298,380.01,4.933,10.0,0,1.6,0
yayla 50 mm,models/ppo_omni_250k/model.zip,0.1,0.0,0.0,1,0.05658,0.566,97.12,5.497,10.0,0,2.9,1
yayla 50 mm,models/ppo_omni_250k/model.zip,0.1,0.0,0.0,2,0.0419,0.4194,105.73,4.434,10.0,0,4.4,1
yayla 50 mm,models/ppo_omni_250k/model.zip,0.1,0.0,0.0,3,0.04031,0.4034,113.0,4.558,10.0,0,-7.8,1
yayla 50 mm,models/ppo_omni_250k/model.zip,0.1,0.0,0.0,0,0.04757,0.4758,94.6,4.501,10.0,0,4.8,0
düz,models/ppo_lift50_3750k/model.zip,0.1,0.0,0.0,1,0.11437,1.1447,56.78,6.499,10.0,0,-3.5,1
düz,models/ppo_lift50_3750k/model.zip,0.1,0.0,0.0,2,0.11329,1.1368,45.01,5.116,10.0,0,-6.9,1
düz,models/ppo_lift50_3750k/model.zip,0.1,0.0,0.0,3,0.11422,1.1462,42.96,4.924,10.0,0,-7.3,1
düz,models/ppo_lift50_3750k/model.zip,0.1,0.0,0.0,0,0.11355,1.1379,49.12,5.59,10.0,0,-5.7,0
yokuş yukarı 10°,models/ppo_lift50_3750k/model.zip,0.1,0.0,0.0,1,0.10607,1.0609,61.85,6.561,10.0,0,0.5,1
yokuş yukarı 10°,models/ppo_lift50_3750k/model.zip,0.1,0.0,0.0,2,0.1067,1.0689,48.44,5.178,10.0,0,-4.4,1
yokuş yukarı 10°,models/ppo_lift50_3750k/model.zip,0.1,0.0,0.0,3,0.10774,1.0795,46.56,5.026,10.0,0,-4.4,1
yokuş yukarı 10°,models/ppo_lift50_3750k/model.zip,0.1,0.0,0.0,0,0.10543,1.0561,53.46,5.646,10.0,0,-2.9,0
yokuş yukarı 20°,models/ppo_lift50_3750k/model.zip,0.1,0.0,0.0,1,0.09168,0.9169,71.54,6.56,10.0,0,4.9,1
yokuş yukarı 20°,models/ppo_lift50_3750k/model.zip,0.1,0.0,0.0,2,0.09458,0.9458,57.18,5.408,10.0,0,1.4,1
yokuş yukarı 20°,models/ppo_lift50_3750k/model.zip,0.1,0.0,0.0,3,0.09526,0.9526,55.05,5.244,10.0,0,2.9,1
yokuş yukarı 20°,models/ppo_lift50_3750k/model.zip,0.1,0.0,0.0,0,0.09189,0.919,62.6,5.753,10.0,0,2.9,0
yokuş aşağı 10°,models/ppo_lift50_3750k/model.zip,0.1,0.0,0.0,1,0.11836,1.1859,54.7,6.486,10.0,0,-6.0,1
yokuş aşağı 10°,models/ppo_lift50_3750k/model.zip,0.1,0.0,0.0,2,0.11593,1.1629,44.45,5.169,10.0,0,-7.3,1
yokuş aşağı 10°,models/ppo_lift50_3750k/model.zip,0.1,0.0,0.0,3,0.11645,1.1683,42.72,4.991,10.0,0,-7.4,1
yokuş aşağı 10°,models/ppo_lift50_3750k/model.zip,0.1,0.0,0.0,0,0.11697,1.173,47.83,5.61,10.0,0,-7.3,0
yan eğim 10°,models/ppo_lift50_3750k/model.zip,0.1,0.0,0.0,1,0.11503,1.1503,56.36,6.483,10.0,0,-5.2,1
yan eğim 10°,models/ppo_lift50_3750k/model.zip,0.1,0.0,0.0,2,0.11372,1.1383,44.52,5.068,10.0,0,-8.1,1
yan eğim 10°,models/ppo_lift50_3750k/model.zip,0.1,0.0,0.0,3,0.11473,1.1483,42.53,4.884,10.0,0,-7.2,1
yan eğim 10°,models/ppo_lift50_3750k/model.zip,0.1,0.0,0.0,0,0.11399,1.1405,48.32,5.51,10.0,0,-7.2,0
yokuş yukarı 10° μ0.3,models/ppo_lift50_3750k/model.zip,0.1,0.0,0.0,1,0.06685,0.6818,81.06,5.527,10.0,0,-12.3,1
yokuş yukarı 10° μ0.3,models/ppo_lift50_3750k/model.zip,0.1,0.0,0.0,2,0.07958,0.7963,58.36,4.648,10.0,0,-0.2,1
yokuş yukarı 10° μ0.3,models/ppo_lift50_3750k/model.zip,0.1,0.0,0.0,3,0.08022,0.8027,56.29,4.518,10.0,0,-1.1,1
yokuş yukarı 10° μ0.3,models/ppo_lift50_3750k/model.zip,0.1,0.0,0.0,0,0.07646,0.7685,65.15,5.007,10.0,0,-5.2,0
yokuş yukarı 15° μ0.3,models/ppo_lift50_3750k/model.zip,0.1,0.0,0.0,1,-0.04504,0.4514,126.47,5.709,10.0,0,-0.1,1
yokuş yukarı 15° μ0.3,models/ppo_lift50_3750k/model.zip,0.1,0.0,0.0,2,-0.00643,0.0644,740.28,4.767,10.0,0,3.8,1
yokuş yukarı 15° μ0.3,models/ppo_lift50_3750k/model.zip,0.1,0.0,0.0,3,-0.00588,0.06,771.99,4.634,10.0,0,3.7,1
yokuş yukarı 15° μ0.3,models/ppo_lift50_3750k/model.zip,0.1,0.0,0.0,0,-0.00997,0.1107,463.54,5.133,10.0,0,1.6,0
basamak 30 mm,models/ppo_lift50_3750k/model.zip,0.1,0.0,0.0,1,0.10586,1.0618,65.42,6.946,10.0,0,-1.9,1
basamak 30 mm,models/ppo_lift50_3750k/model.zip,0.1,0.0,0.0,2,0.10847,1.0878,53.26,5.794,10.0,0,-4.9,1
basamak 30 mm,models/ppo_lift50_3750k/model.zip,0.1,0.0,0.0,3,0.10994,1.1027,50.39,5.557,10.0,0,-6.6,1
basamak 30 mm,models/ppo_lift50_3750k/model.zip,0.1,0.0,0.0,0,0.10226,1.0237,60.65,6.209,10.0,0,1.3,0
basamak 45 mm,models/ppo_lift50_3750k/model.zip,0.1,0.0,0.0,1,0.10287,1.0304,70.58,7.273,10.0,0,-5.2,1
basamak 45 mm,models/ppo_lift50_3750k/model.zip,0.1,0.0,0.0,2,0.10784,1.0814,55.84,6.039,10.0,0,-6.1,1
basamak 45 mm,models/ppo_lift50_3750k/model.zip,0.1,0.0,0.0,3,0.10996,1.1028,51.92,5.725,10.0,0,-7.8,1
basamak 45 mm,models/ppo_lift50_3750k/model.zip,0.1,0.0,0.0,0,0.09902,0.9906,67.15,6.652,10.0,0,0.7,0
basamak 60 mm,models/ppo_lift50_3750k/model.zip,0.1,0.0,0.0,1,0.01552,0.2115,383.28,8.105,10.0,0,-6.6,1
basamak 60 mm,models/ppo_lift50_3750k/model.zip,0.1,0.0,0.0,2,0.096,0.9607,67.42,6.476,10.0,0,-0.7,1
basamak 60 mm,models/ppo_lift50_3750k/model.zip,0.1,0.0,0.0,3,0.04331,0.4593,146.59,6.733,10.0,0,-8.0,1
basamak 60 mm,models/ppo_lift50_3750k/model.zip,0.1,0.0,0.0,0,0.01773,0.2011,359.25,7.226,10.0,0,1.6,0
merdiven 6x35 mm,models/ppo_lift50_3750k/model.zip,0.1,0.0,0.0,1,0.1013,1.0187,73.5,7.488,10.0,0,-5.2,1
merdiven 6x35 mm,models/ppo_lift50_3750k/model.zip,0.1,0.0,0.0,2,0.10587,1.0656,58.58,6.242,10.0,0,-5.8,1
merdiven 6x35 mm,models/ppo_lift50_3750k/model.zip,0.1,0.0,0.0,3,0.10755,1.0813,56.98,6.161,10.0,0,-7.3,1
merdiven 6x35 mm,models/ppo_lift50_3750k/model.zip,0.1,0.0,0.0,0,0.09881,0.9963,68.13,6.788,10.0,0,-2.4,0
engebe 40 mm,models/ppo_lift50_3750k/model.zip,0.1,0.0,0.0,1,0.11386,1.1402,59.05,6.733,10.0,0,-4.5,1
engebe 40 mm,models/ppo_lift50_3750k/model.zip,0.1,0.0,0.0,2,0.11164,1.1219,46.77,5.247,10.0,0,-9.4,1
engebe 40 mm,models/ppo_lift50_3750k/model.zip,0.1,0.0,0.0,3,0.11374,1.1395,45.32,5.164,10.0,0,-5.3,1
engebe 40 mm,models/ppo_lift50_3750k/model.zip,0.1,0.0,0.0,0,0.11158,1.1178,50.88,5.687,10.0,0,-5.2,0
engebe 60 mm,models/ppo_lift50_3750k/model.zip,0.1,0.0,0.0,1,0.11331,1.1351,60.71,6.891,10.0,0,-5.7,1
engebe 60 mm,models/ppo_lift50_3750k/model.zip,0.1,0.0,0.0,2,0.11105,1.1175,48.3,5.397,10.0,0,-11.8,1
engebe 60 mm,models/ppo_lift50_3750k/model.zip,0.1,0.0,0.0,3,0.1112,1.1196,47.05,5.268,10.0,0,-9.8,1
engebe 60 mm,models/ppo_lift50_3750k/model.zip,0.1,0.0,0.0,0,0.11122,1.1168,51.98,5.806,10.0,0,-10.4,0
çukur 40 mm,models/ppo_lift50_3750k/model.zip,0.1,0.0,0.0,1,0.10415,1.0421,70.16,7.311,10.0,0,-1.1,1
çukur 40 mm,models/ppo_lift50_3750k/model.zip,0.1,0.0,0.0,2,0.1074,1.074,55.98,6.013,10.0,0,-1.3,1
çukur 40 mm,models/ppo_lift50_3750k/model.zip,0.1,0.0,0.0,3,0.10805,1.0805,54.66,5.906,10.0,0,-2.2,1
çukur 40 mm,models/ppo_lift50_3750k/model.zip,0.1,0.0,0.0,0,0.10393,1.04,62.6,6.51,10.0,0,-1.0,0
yayla 50 mm,models/ppo_lift50_3750k/model.zip,0.1,0.0,0.0,1,0.09655,0.9659,78.74,7.606,10.0,0,-3.5,1
yayla 50 mm,models/ppo_lift50_3750k/model.zip,0.1,0.0,0.0,2,0.10001,1.0017,62.75,6.285,10.0,0,-7.2,1
yayla 50 mm,models/ppo_lift50_3750k/model.zip,0.1,0.0,0.0,3,0.10088,1.0105,59.75,6.038,10.0,0,-7.7,1
yayla 50 mm,models/ppo_lift50_3750k/model.zip,0.1,0.0,0.0,0,0.09705,0.9706,71.3,6.921,10.0,0,-2.6,0
düz,models/ppo_kaldirma35_250k/model.zip,0.1,0.0,0.0,1,0.10499,1.05,52.53,5.515,10.0,0,0.3,1
düz,models/ppo_kaldirma35_250k/model.zip,0.1,0.0,0.0,2,0.10188,1.0188,39.87,4.061,10.0,0,0.8,1
düz,models/ppo_kaldirma35_250k/model.zip,0.1,0.0,0.0,3,0.10279,1.028,37.96,3.902,10.0,0,1.0,1
düz,models/ppo_kaldirma35_250k/model.zip,0.1,0.0,0.0,0,0.10222,1.0222,44.85,4.585,10.0,0,1.0,0
yokuş yukarı 10°,models/ppo_kaldirma35_250k/model.zip,0.1,0.0,0.0,1,0.099,0.99,56.22,5.566,10.0,0,-0.4,1
yokuş yukarı 10°,models/ppo_kaldirma35_250k/model.zip,0.1,0.0,0.0,2,0.0966,0.966,43.31,4.184,10.0,0,1.2,1
yokuş yukarı 10°,models/ppo_kaldirma35_250k/model.zip,0.1,0.0,0.0,3,0.0974,0.974,41.24,4.016,10.0,0,1.2,1
yokuş yukarı 10°,models/ppo_kaldirma35_250k/model.zip,0.1,0.0,0.0,0,0.09606,0.9606,48.34,4.644,10.0,0,0.2,0
yokuş yukarı 20°,models/ppo_kaldirma35_250k/model.zip,0.1,0.0,0.0,1,0.08787,0.8788,64.76,5.691,10.0,0,-0.5,1
yokuş yukarı 20°,models/ppo_kaldirma35_250k/model.zip,0.1,0.0,0.0,2,0.08591,0.8591,50.77,4.362,10.0,0,1.3,1
yokuş yukarı 20°,models/ppo_kaldirma35_250k/model.zip,0.1,0.0,0.0,3,0.08704,0.8705,48.28,4.202,10.0,0,2.8,1
yokuş yukarı 20°,models/ppo_kaldirma35_250k/model.zip,0.1,0.0,0.0,0,0.08541,0.8541,56.91,4.861,10.0,0,0.9,0
yokuş aşağı 10°,models/ppo_kaldirma35_250k/model.zip,0.1,0.0,0.0,1,0.10789,1.0793,53.0,5.72,10.0,0,-0.7,1
yokuş aşağı 10°,models/ppo_kaldirma35_250k/model.zip,0.1,0.0,0.0,2,0.10431,1.0431,40.13,4.186,10.0,0,0.6,1
yokuş aşağı 10°,models/ppo_kaldirma35_250k/model.zip,0.1,0.0,0.0,3,0.10455,1.0456,38.42,4.017,10.0,0,0.5,1
yokuş aşağı 10°,models/ppo_kaldirma35_250k/model.zip,0.1,0.0,0.0,0,0.10561,1.0562,45.16,4.77,10.0,0,0.1,0
yan eğim 10°,models/ppo_kaldirma35_250k/model.zip,0.1,0.0,0.0,1,0.10482,1.0494,54.14,5.681,10.0,0,1.7,1
yan eğim 10°,models/ppo_kaldirma35_250k/model.zip,0.1,0.0,0.0,2,0.10183,1.0198,41.25,4.207,10.0,0,1.9,1
yan eğim 10°,models/ppo_kaldirma35_250k/model.zip,0.1,0.0,0.0,3,0.10282,1.0292,39.23,4.038,10.0,0,1.8,1
yan eğim 10°,models/ppo_kaldirma35_250k/model.zip,0.1,0.0,0.0,0,0.10202,1.0217,46.48,4.75,10.0,0,1.5,0
yokuş yukarı 10° μ0.3,models/ppo_kaldirma35_250k/model.zip,0.1,0.0,0.0,1,0.06972,0.6975,77.59,5.412,10.0,0,0.9,1
yokuş yukarı 10° μ0.3,models/ppo_kaldirma35_250k/model.zip,0.1,0.0,0.0,2,0.08107,0.8107,49.71,4.03,10.0,0,1.7,1
yokuş yukarı 10° μ0.3,models/ppo_kaldirma35_250k/model.zip,0.1,0.0,0.0,3,0.08066,0.8066,47.86,3.86,10.0,0,2.3,1
yokuş yukarı 10° μ0.3,models/ppo_kaldirma35_250k/model.zip,0.1,0.0,0.0,0,0.07958,0.7958,57.52,4.577,10.0,0,0.9,0
yokuş yukarı 15° μ0.3,models/ppo_kaldirma35_250k/model.zip,0.1,0.0,0.0,1,-0.04371,0.4373,127.31,5.568,10.0,0,2.2,1
yokuş yukarı 15° μ0.3,models/ppo_kaldirma35_250k/model.zip,0.1,0.0,0.0,2,-0.01428,0.1432,295.12,4.227,10.0,0,2.5,1
yokuş yukarı 15° μ0.3,models/ppo_kaldirma35_250k/model.zip,0.1,0.0,0.0,3,-0.01933,0.1933,210.44,4.069,10.0,0,2.1,1
yokuş yukarı 15° μ0.3,models/ppo_kaldirma35_250k/model.zip,0.1,0.0,0.0,0,-0.01271,0.1273,373.06,4.749,10.0,0,4.7,0
basamak 30 mm,models/ppo_kaldirma35_250k/model.zip,0.1,0.0,0.0,1,0.08795,0.8795,72.56,6.382,10.0,0,3.4,1
basamak 30 mm,models/ppo_kaldirma35_250k/model.zip,0.1,0.0,0.0,2,0.09013,0.9032,54.14,4.89,10.0,0,7.1,1
basamak 30 mm,models/ppo_kaldirma35_250k/model.zip,0.1,0.0,0.0,3,0.0914,0.9171,51.31,4.706,10.0,0,9.2,1
basamak 30 mm,models/ppo_kaldirma35_250k/model.zip,0.1,0.0,0.0,0,0.08698,0.8702,62.43,5.433,10.0,0,5.1,0
basamak 45 mm,models/ppo_kaldirma35_250k/model.zip,0.1,0.0,0.0,1,0.08225,0.8232,81.93,6.745,10.0,0,8.8,1
basamak 45 mm,models/ppo_kaldirma35_250k/model.zip,0.1,0.0,0.0,2,0.0593,0.5969,101.07,6.033,10.0,0,-13.1,1
basamak 45 mm,models/ppo_kaldirma35_250k/model.zip,0.1,0.0,0.0,3,0.07954,0.7981,63.6,5.076,10.0,0,8.7,1
basamak 45 mm,models/ppo_kaldirma35_250k/model.zip,0.1,0.0,0.0,0,0.08238,0.8246,68.55,5.653,10.0,0,9.7,0
basamak 60 mm,models/ppo_kaldirma35_250k/model.zip,0.1,0.0,0.0,1,0.01775,0.1782,358.28,6.385,10.0,0,2.5,1
basamak 60 mm,models/ppo_kaldirma35_250k/model.zip,0.1,0.0,0.0,2,0.01811,0.1815,288.0,5.226,10.0,0,0.3,1
basamak 60 mm,models/ppo_kaldirma35_250k/model.zip,0.1,0.0,0.0,3,0.01822,0.1824,276.07,5.035,10.0,0,0.8,1
basamak 60 mm,models/ppo_kaldirma35_250k/model.zip,0.1,0.0,0.0,0,0.01766,0.1768,324.14,5.73,10.0,0,1.8,0
merdiven 6x35 mm,models/ppo_kaldirma35_250k/model.zip,0.1,0.0,0.0,1,0.08018,0.8025,87.76,7.043,10.0,0,2.8,1
merdiven 6x35 mm,models/ppo_kaldirma35_250k/model.zip,0.1,0.0,0.0,2,0.08852,0.8852,59.46,5.263,10.0,0,2.1,1
merdiven 6x35 mm,models/ppo_kaldirma35_250k/model.zip,0.1,0.0,0.0,3,0.08906,0.8906,58.42,5.203,10.0,0,1.6,1
merdiven 6x35 mm,models/ppo_kaldirma35_250k/model.zip,0.1,0.0,0.0,0,0.08069,0.8075,73.34,5.922,10.0,0,-1.1,0
engebe 40 mm,models/ppo_kaldirma35_250k/model.zip,0.1,0.0,0.0,1,0.10323,1.0324,55.73,5.754,10.0,0,-1.0,1
engebe 40 mm,models/ppo_kaldirma35_250k/model.zip,0.1,0.0,0.0,2,0.10104,1.0104,42.23,4.268,10.0,0,0.4,1
engebe 40 mm,models/ppo_kaldirma35_250k/model.zip,0.1,0.0,0.0,3,0.10143,1.0143,40.38,4.096,10.0,0,1.1,1
engebe 40 mm,models/ppo_kaldirma35_250k/model.zip,0.1,0.0,0.0,0,0.10074,1.0074,48.09,4.845,10.0,0,-1.6,0
engebe 60 mm,models/ppo_kaldirma35_250k/model.zip,0.1,0.0,0.0,1,0.10187,1.0188,57.4,5.848,10.0,0,-1.2,1
engebe 60 mm,models/ppo_kaldirma35_250k/model.zip,0.1,0.0,0.0,2,0.09858,0.9859,45.12,4.449,10.0,0,-0.1,1
engebe 60 mm,models/ppo_kaldirma35_250k/model.zip,0.1,0.0,0.0,3,0.10099,1.0099,41.57,4.199,10.0,0,0.7,1
engebe 60 mm,models/ppo_kaldirma35_250k/model.zip,0.1,0.0,0.0,0,0.09831,0.9832,50.63,4.978,10.0,0,-2.2,0
çukur 40 mm,models/ppo_kaldirma35_250k/model.zip,0.1,0.0,0.0,1,0.08312,0.8312,80.79,6.715,10.0,0,3.2,1
çukur 40 mm,models/ppo_kaldirma35_250k/model.zip,0.1,0.0,0.0,2,0.06079,0.6171,97.01,5.986,10.0,0,-13.9,1
çukur 40 mm,models/ppo_kaldirma35_250k/model.zip,0.1,0.0,0.0,3,0.06288,0.6372,89.45,5.7,10.0,0,-13.2,1
çukur 40 mm,models/ppo_kaldirma35_250k/model.zip,0.1,0.0,0.0,0,0.0771,0.7718,74.66,5.762,10.0,0,8.6,0
yayla 50 mm,models/ppo_kaldirma35_250k/model.zip,0.1,0.0,0.0,1,0.06944,0.6944,96.67,6.713,10.0,0,7.8,1
yayla 50 mm,models/ppo_kaldirma35_250k/model.zip,0.1,0.0,0.0,2,0.07251,0.7251,75.51,5.475,10.0,0,5.7,1
yayla 50 mm,models/ppo_kaldirma35_250k/model.zip,0.1,0.0,0.0,3,0.07579,0.758,69.07,5.236,10.0,0,-2.2,1
yayla 50 mm,models/ppo_kaldirma35_250k/model.zip,0.1,0.0,0.0,0,0.07288,0.7288,78.89,5.75,10.0,0,6.6,0
düz,models/ppo_kaldirma35_250k/model.zip+refleks,0.1,0.0,0.0,1,0.10308,1.031,48.14,4.964,10.0,0,-0.6,1
düz,models/ppo_kaldirma35_250k/model.zip+refleks,0.1,0.0,0.0,2,0.101,1.0101,31.5,3.182,10.0,0,0.5,1
düz,models/ppo_kaldirma35_250k/model.zip+refleks,0.1,0.0,0.0,3,0.10169,1.017,29.74,3.025,10.0,0,0.5,1
düz,models/ppo_kaldirma35_250k/model.zip+refleks,0.1,0.0,0.0,0,0.10039,1.0039,37.44,3.759,10.0,0,0.2,0
yokuş yukarı 10°,models/ppo_kaldirma35_250k/model.zip+refleks,0.1,0.0,0.0,1,0.09727,0.9729,51.3,4.991,10.0,0,-1.6,1
yokuş yukarı 10°,models/ppo_kaldirma35_250k/model.zip+refleks,0.1,0.0,0.0,2,0.09572,0.9573,34.32,3.286,10.0,0,0.3,1
yokuş yukarı 10°,models/ppo_kaldirma35_250k/model.zip+refleks,0.1,0.0,0.0,3,0.09681,0.9682,32.24,3.122,10.0,0,0.2,1
yokuş yukarı 10°,models/ppo_kaldirma35_250k/model.zip+refleks,0.1,0.0,0.0,0,0.09452,0.9454,40.82,3.859,10.0,0,-1.2,0
yokuş yukarı 20°,models/ppo_kaldirma35_250k/model.zip+refleks,0.1,0.0,0.0,1,0.08627,0.863,59.46,5.131,10.0,0,-2.2,1
yokuş yukarı 20°,models/ppo_kaldirma35_250k/model.zip+refleks,0.1,0.0,0.0,2,0.08541,0.8543,41.04,3.506,10.0,0,-1.0,1
yokuş yukarı 20°,models/ppo_kaldirma35_250k/model.zip+refleks,0.1,0.0,0.0,3,0.08623,0.8624,38.9,3.355,10.0,0,0.2,1
yokuş yukarı 20°,models/ppo_kaldirma35_250k/model.zip+refleks,0.1,0.0,0.0,0,0.08417,0.842,48.55,4.088,10.0,0,-2.0,0
yokuş aşağı 10°,models/ppo_kaldirma35_250k/model.zip+refleks,0.1,0.0,0.0,1,0.10547,1.0549,48.29,5.094,10.0,0,-0.5,1
yokuş aşağı 10°,models/ppo_kaldirma35_250k/model.zip+refleks,0.1,0.0,0.0,2,0.10283,1.0283,31.74,3.264,10.0,0,0.4,1
yokuş aşağı 10°,models/ppo_kaldirma35_250k/model.zip+refleks,0.1,0.0,0.0,3,0.10309,1.031,30.12,3.105,10.0,0,0.6,1
yokuş aşağı 10°,models/ppo_kaldirma35_250k/model.zip+refleks,0.1,0.0,0.0,0,0.10292,1.0293,37.78,3.888,10.0,0,0.0,0
yan eğim 10°,models/ppo_kaldirma35_250k/model.zip+refleks,0.1,0.0,0.0,1,0.10302,1.0305,49.05,5.054,10.0,0,-0.4,1
yan eğim 10°,models/ppo_kaldirma35_250k/model.zip+refleks,0.1,0.0,0.0,2,0.10048,1.0055,32.73,3.291,10.0,0,0.9,1
yan eğim 10°,models/ppo_kaldirma35_250k/model.zip+refleks,0.1,0.0,0.0,3,0.10151,1.0155,30.8,3.128,10.0,0,0.7,1
yan eğim 10°,models/ppo_kaldirma35_250k/model.zip+refleks,0.1,0.0,0.0,0,0.09992,0.9999,39.13,3.913,10.0,0,0.2,0
yokuş yukarı 10° μ0.3,models/ppo_kaldirma35_250k/model.zip+refleks,0.1,0.0,0.0,1,0.06069,0.6073,79.67,4.838,10.0,0,1.0,1
yokuş yukarı 10° μ0.3,models/ppo_kaldirma35_250k/model.zip+refleks,0.1,0.0,0.0,2,0.07772,0.7773,40.54,3.151,10.0,0,0.7,1
yokuş yukarı 10° μ0.3,models/ppo_kaldirma35_250k/model.zip+refleks,0.1,0.0,0.0,3,0.07686,0.7687,38.87,2.988,10.0,0,0.0,1
yokuş yukarı 10° μ0.3,models/ppo_kaldirma35_250k/model.zip+refleks,0.1,0.0,0.0,0,0.07546,0.7546,49.7,3.75,10.0,0,1.9,0
yokuş yukarı 15° μ0.3,models/ppo_kaldirma35_250k/model.zip+refleks,0.1,0.0,0.0,1,-0.05762,0.5763,87.32,5.032,10.0,0,3.4,1
yokuş yukarı 15° μ0.3,models/ppo_kaldirma35_250k/model.zip+refleks,0.1,0.0,0.0,2,-0.02444,0.2447,138.91,3.399,10.0,0,1.6,1
yokuş yukarı 15° μ0.3,models/ppo_kaldirma35_250k/model.zip+refleks,0.1,0.0,0.0,3,-0.0331,0.3313,97.66,3.236,10.0,0,1.1,1
yokuş yukarı 15° μ0.3,models/ppo_kaldirma35_250k/model.zip+refleks,0.1,0.0,0.0,0,-0.01968,0.197,201.42,3.968,10.0,0,2.6,0
basamak 30 mm,models/ppo_kaldirma35_250k/model.zip+refleks,0.1,0.0,0.0,1,0.09398,0.9398,61.45,5.775,10.0,0,4.0,1
basamak 30 mm,models/ppo_kaldirma35_250k/model.zip+refleks,0.1,0.0,0.0,2,0.09869,0.987,47.53,4.692,10.0,0,1.3,1
basamak 30 mm,models/ppo_kaldirma35_250k/model.zip+refleks,0.1,0.0,0.0,3,0.09949,0.995,45.7,4.547,10.0,0,2.0,1
basamak 30 mm,models/ppo_kaldirma35_250k/model.zip+refleks,0.1,0.0,0.0,0,0.09078,0.9079,56.41,5.121,10.0,0,3.7,0
basamak 45 mm,models/ppo_kaldirma35_250k/model.zip+refleks,0.1,0.0,0.0,1,0.09975,0.9976,63.57,6.342,10.0,0,-0.2,1
basamak 45 mm,models/ppo_kaldirma35_250k/model.zip+refleks,0.1,0.0,0.0,2,0.09608,0.9624,55.29,5.321,10.0,0,-2.2,1
basamak 45 mm,models/ppo_kaldirma35_250k/model.zip+refleks,0.1,0.0,0.0,3,0.09717,0.9718,52.77,5.128,10.0,0,3.4,1
basamak 45 mm,models/ppo_kaldirma35_250k/model.zip+refleks,0.1,0.0,0.0,0,0.09415,0.9419,60.07,5.658,10.0,0,4.7,0
basamak 60 mm,models/ppo_kaldirma35_250k/model.zip+refleks,0.1,0.0,0.0,1,0.09047,0.9049,78.01,7.059,10.0,0,2.6,1
basamak 60 mm,models/ppo_kaldirma35_250k/model.zip+refleks,0.1,0.0,0.0,2,0.08969,0.8972,66.0,5.922,10.0,0,-0.3,1
basamak 60 mm,models/ppo_kaldirma35_250k/model.zip+refleks,0.1,0.0,0.0,3,0.0866,0.866,68.36,5.92,10.0,0,2.9,1
basamak 60 mm,models/ppo_kaldirma35_250k/model.zip+refleks,0.1,0.0,0.0,0,0.04993,0.4994,140.75,7.029,10.0,0,-1.6,0
merdiven 6x35 mm,models/ppo_kaldirma35_250k/model.zip+refleks,0.1,0.0,0.0,1,0.09875,0.9877,64.73,6.393,10.0,0,2.3,1
merdiven 6x35 mm,models/ppo_kaldirma35_250k/model.zip+refleks,0.1,0.0,0.0,2,0.09804,0.9812,54.81,5.378,10.0,0,2.0,1
merdiven 6x35 mm,models/ppo_kaldirma35_250k/model.zip+refleks,0.1,0.0,0.0,3,0.10014,1.0021,51.31,5.142,10.0,0,-1.9,1
merdiven 6x35 mm,models/ppo_kaldirma35_250k/model.zip+refleks,0.1,0.0,0.0,0,0.09772,0.9772,58.21,5.688,10.0,0,1.2,0
engebe 40 mm,models/ppo_kaldirma35_250k/model.zip+refleks,0.1,0.0,0.0,1,0.10328,1.033,53.8,5.558,10.0,0,-1.7,1
engebe 40 mm,models/ppo_kaldirma35_250k/model.zip+refleks,0.1,0.0,0.0,2,0.09968,0.9968,38.69,3.857,10.0,0,1.7,1
engebe 40 mm,models/ppo_kaldirma35_250k/model.zip+refleks,0.1,0.0,0.0,3,0.10142,1.0142,37.31,3.784,10.0,0,1.4,1
engebe 40 mm,models/ppo_kaldirma35_250k/model.zip+refleks,0.1,0.0,0.0,0,0.09902,0.9902,39.5,3.911,10.0,0,0.2,0
engebe 60 mm,models/ppo_kaldirma35_250k/model.zip+refleks,0.1,0.0,0.0,1,0.10262,1.0263,55.24,5.669,10.0,0,-1.3,1
engebe 60 mm,models/ppo_kaldirma35_250k/model.zip+refleks,0.1,0.0,0.0,2,0.10108,1.0108,42.85,4.331,10.0,0,0.6,1
engebe 60 mm,models/ppo_kaldirma35_250k/model.zip+refleks,0.1,0.0,0.0,3,0.10127,1.0127,40.27,4.078,10.0,0,1.1,1
engebe 60 mm,models/ppo_kaldirma35_250k/model.zip+refleks,0.1,0.0,0.0,0,0.09903,0.9903,47.61,4.715,10.0,0,-0.4,0
çukur 40 mm,models/ppo_kaldirma35_250k/model.zip+refleks,0.1,0.0,0.0,1,0.09786,0.9818,62.42,6.128,10.0,0,6.7,1
çukur 40 mm,models/ppo_kaldirma35_250k/model.zip+refleks,0.1,0.0,0.0,2,0.0996,0.9972,50.99,5.085,10.0,0,5.2,1
çukur 40 mm,models/ppo_kaldirma35_250k/model.zip+refleks,0.1,0.0,0.0,3,0.09973,0.9982,49.01,4.892,10.0,0,4.8,1
çukur 40 mm,models/ppo_kaldirma35_250k/model.zip+refleks,0.1,0.0,0.0,0,0.09551,0.9568,56.51,5.407,10.0,0,5.7,0
yayla 50 mm,models/ppo_kaldirma35_250k/model.zip+refleks,0.1,0.0,0.0,1,0.08005,0.8006,80.87,6.474,10.0,0,8.8,1
yayla 50 mm,models/ppo_kaldirma35_250k/model.zip+refleks,0.1,0.0,0.0,2,0.08963,0.8963,57.64,5.166,10.0,0,1.6,1
yayla 50 mm,models/ppo_kaldirma35_250k/model.zip+refleks,0.1,0.0,0.0,3,0.08964,0.8966,55.91,5.013,10.0,0,-0.1,1
yayla 50 mm,models/ppo_kaldirma35_250k/model.zip+refleks,0.1,0.0,0.0,0,0.0474,0.4741,94.14,4.463,10.0,0,0.9,0
düz,models/ppo_refleks_1500k/model.zip+refleks,0.1,0.0,0.0,1,0.10745,1.0879,50.18,5.459,10.0,0,-13.6,1
düz,models/ppo_refleks_1500k/model.zip+refleks,0.1,0.0,0.0,2,0.10425,1.0509,33.98,3.57,10.0,0,-11.0,1
düz,models/ppo_refleks_1500k/model.zip+refleks,0.1,0.0,0.0,3,0.105,1.0579,32.06,3.392,10.0,0,-10.5,1
düz,models/ppo_refleks_1500k/model.zip+refleks,0.1,0.0,0.0,0,0.10374,1.0481,39.65,4.156,10.0,0,-13.6,0
yokuş yukarı 10°,models/ppo_refleks_1500k/model.zip+refleks,0.1,0.0,0.0,1,0.09891,1.0105,54.9,5.547,10.0,0,-17.0,1
yokuş yukarı 10°,models/ppo_refleks_1500k/model.zip+refleks,0.1,0.0,0.0,2,0.09794,0.9926,40.14,3.984,10.0,0,-13.6,1
yokuş yukarı 10°,models/ppo_refleks_1500k/model.zip+refleks,0.1,0.0,0.0,3,0.09877,1.0024,34.91,3.499,10.0,0,-13.8,1
yokuş yukarı 10°,models/ppo_refleks_1500k/model.zip+refleks,0.1,0.0,0.0,0,0.09525,0.974,43.89,4.275,10.0,0,-17.6,0
yokuş yukarı 20°,models/ppo_refleks_1500k/model.zip+refleks,0.1,0.0,0.0,1,0.08788,0.9122,66.63,6.078,10.0,0,-19.3,1
yokuş yukarı 20°,models/ppo_refleks_1500k/model.zip+refleks,0.1,0.0,0.0,2,0.08567,0.8812,54.07,4.765,10.0,0,-17.2,1
yokuş yukarı 20°,models/ppo_refleks_1500k/model.zip+refleks,0.1,0.0,0.0,3,0.08712,0.8968,50.63,4.541,10.0,0,-17.0,1
yokuş yukarı 20°,models/ppo_refleks_1500k/model.zip+refleks,0.1,0.0,0.0,0,0.08199,0.864,58.62,5.064,10.0,0,-24.4,0
yokuş aşağı 10°,models/ppo_refleks_1500k/model.zip+refleks,0.1,0.0,0.0,1,0.11055,1.1121,49.62,5.518,10.0,0,-9.8,1
yokuş aşağı 10°,models/ppo_refleks_1500k/model.zip+refleks,0.1,0.0,0.0,2,0.10733,1.0794,34.14,3.685,10.0,0,-10.9,1
yokuş aşağı 10°,models/ppo_refleks_1500k/model.zip+refleks,0.1,0.0,0.0,3,0.10771,1.0834,32.2,3.489,10.0,0,-9.8,1
yokuş aşağı 10°,models/ppo_refleks_1500k/model.zip+refleks,0.1,0.0,0.0,0,0.10708,1.0792,39.59,4.272,10.0,0,-14.4,0
yan eğim 10°,models/ppo_refleks_1500k/model.zip+refleks,0.1,0.0,0.0,1,0.10651,1.0731,51.87,5.566,10.0,0,-15.4,1
yan eğim 10°,models/ppo_refleks_1500k/model.zip+refleks,0.1,0.0,0.0,2,0.10507,1.0535,35.88,3.78,10.0,0,-11.9,1
yan eğim 10°,models/ppo_refleks_1500k/model.zip+refleks,0.1,0.0,0.0,3,0.10572,1.0605,33.93,3.598,10.0,0,-11.7,1
yan eğim 10°,models/ppo_refleks_1500k/model.zip+refleks,0.1,0.0,0.0,0,0.10344,1.0385,41.72,4.332,10.0,0,-14.1,0
yokuş yukarı 10° μ0.3,models/ppo_refleks_1500k/model.zip+refleks,0.1,0.0,0.0,1,0.0578,0.6144,83.08,5.104,10.0,0,-17.3,1
yokuş yukarı 10° μ0.3,models/ppo_refleks_1500k/model.zip+refleks,0.1,0.0,0.0,2,0.07457,0.7712,48.0,3.702,10.0,0,-15.3,1
yokuş yukarı 10° μ0.3,models/ppo_refleks_1500k/model.zip+refleks,0.1,0.0,0.0,3,0.07346,0.762,42.38,3.229,10.0,0,-16.2,1
yokuş yukarı 10° μ0.3,models/ppo_refleks_1500k/model.zip+refleks,0.1,0.0,0.0,0,0.07212,0.751,52.66,3.955,10.0,0,-17.5,0
yokuş yukarı 15° μ0.3,models/ppo_refleks_1500k/model.zip+refleks,0.1,0.0,0.0,1,-0.03745,0.4036,129.93,5.244,10.0,0,-13.0,1
yokuş yukarı 15° μ0.3,models/ppo_refleks_1500k/model.zip+refleks,0.1,0.0,0.0,2,-0.00188,0.1675,248.27,4.158,10.0,0,-12.1,1
yokuş yukarı 15° μ0.3,models/ppo_refleks_1500k/model.zip+refleks,0.1,0.0,0.0,3,-0.01132,0.2125,175.15,3.722,10.0,0,-15.1,1
yokuş yukarı 15° μ0.3,models/ppo_refleks_1500k/model.zip+refleks,0.1,0.0,0.0,0,-0.00213,0.1878,219.98,4.132,10.0,0,-16.0,0
basamak 30 mm,models/ppo_refleks_1500k/model.zip+refleks,0.1,0.0,0.0,1,0.10136,1.0198,63.51,6.477,10.0,0,-10.1,1
basamak 30 mm,models/ppo_refleks_1500k/model.zip+refleks,0.1,0.0,0.0,2,0.10198,1.0256,49.55,5.082,10.0,0,-9.0,1
basamak 30 mm,models/ppo_refleks_1500k/model.zip+refleks,0.1,0.0,0.0,3,0.10344,1.0422,48.3,5.034,10.0,0,-9.3,1
basamak 30 mm,models/ppo_refleks_1500k/model.zip+refleks,0.1,0.0,0.0,0,0.09765,0.981,56.67,5.559,10.0,0,-9.8,0
basamak 45 mm,models/ppo_refleks_1500k/model.zip+refleks,0.1,0.0,0.0,1,0.10366,1.0465,65.72,6.877,10.0,0,-10.4,1
basamak 45 mm,models/ppo_refleks_1500k/model.zip+refleks,0.1,0.0,0.0,2,0.10272,1.0338,56.6,5.851,10.0,0,-8.9,1
basamak 45 mm,models/ppo_refleks_1500k/model.zip+refleks,0.1,0.0,0.0,3,0.08405,0.8637,72.89,6.295,10.0,0,-13.5,1
basamak 45 mm,models/ppo_refleks_1500k/model.zip+refleks,0.1,0.0,0.0,0,0.07893,0.8217,85.9,7.059,10.0,0,-24.9,0
basamak 60 mm,models/ppo_refleks_1500k/model.zip+refleks,0.1,0.0,0.0,1,0.05917,0.5917,132.89,7.863,10.0,0,5.0,1
basamak 60 mm,models/ppo_refleks_1500k/model.zip+refleks,0.1,0.0,0.0,2,0.09399,0.9402,66.56,6.259,10.0,0,-1.3,1
basamak 60 mm,models/ppo_refleks_1500k/model.zip+refleks,0.1,0.0,0.0,3,0.08834,0.8834,71.87,6.349,10.0,0,-0.4,1
basamak 60 mm,models/ppo_refleks_1500k/model.zip+refleks,0.1,0.0,0.0,0,0.04101,0.4131,180.8,7.47,10.0,0,-5.5,0
merdiven 6x35 mm,models/ppo_refleks_1500k/model.zip+refleks,0.1,0.0,0.0,1,0.10185,1.0268,69.29,7.115,10.0,0,-6.5,1
merdiven 6x35 mm,models/ppo_refleks_1500k/model.zip+refleks,0.1,0.0,0.0,2,0.10138,1.0222,58.51,5.981,10.0,0,-10.2,1
merdiven 6x35 mm,models/ppo_refleks_1500k/model.zip+refleks,0.1,0.0,0.0,3,0.10317,1.0418,55.23,5.753,10.0,0,-11.1,1
merdiven 6x35 mm,models/ppo_refleks_1500k/model.zip+refleks,0.1,0.0,0.0,0,0.10165,1.0261,60.71,6.229,10.0,0,-8.3,0
engebe 40 mm,models/ppo_refleks_1500k/model.zip+refleks,0.1,0.0,0.0,1,0.10608,1.0688,58.56,6.259,10.0,0,-11.3,1
engebe 40 mm,models/ppo_refleks_1500k/model.zip+refleks,0.1,0.0,0.0,2,0.10468,1.0519,38.48,4.048,10.0,0,-8.6,1
engebe 40 mm,models/ppo_refleks_1500k/model.zip+refleks,0.1,0.0,0.0,3,0.10574,1.0635,38.4,4.083,10.0,0,-10.1,1
engebe 40 mm,models/ppo_refleks_1500k/model.zip+refleks,0.1,0.0,0.0,0,0.10197,1.0261,42.82,4.394,10.0,0,-10.2,0
engebe 60 mm,models/ppo_refleks_1500k/model.zip+refleks,0.1,0.0,0.0,1,0.10718,1.0782,61.28,6.606,10.0,0,-9.1,1
engebe 60 mm,models/ppo_refleks_1500k/model.zip+refleks,0.1,0.0,0.0,2,0.10525,1.0582,44.76,4.737,10.0,0,-10.4,1
engebe 60 mm,models/ppo_refleks_1500k/model.zip+refleks,0.1,0.0,0.0,3,0.10559,1.0621,42.72,4.537,10.0,0,-10.6,1
engebe 60 mm,models/ppo_refleks_1500k/model.zip+refleks,0.1,0.0,0.0,0,0.10264,1.0318,50.73,5.234,10.0,0,-8.6,0
çukur 40 mm,models/ppo_refleks_1500k/model.zip+refleks,0.1,0.0,0.0,1,0.10478,1.0499,63.16,6.632,10.0,0,-5.8,1
çukur 40 mm,models/ppo_refleks_1500k/model.zip+refleks,0.1,0.0,0.0,2,0.10423,1.0456,51.93,5.431,10.0,0,-6.3,1
çukur 40 mm,models/ppo_refleks_1500k/model.zip+refleks,0.1,0.0,0.0,3,0.1051,1.0557,50.4,5.321,10.0,0,-7.2,1
çukur 40 mm,models/ppo_refleks_1500k/model.zip+refleks,0.1,0.0,0.0,0,0.09828,0.9828,59.92,5.888,10.0,0,-1.8,0
yayla 50 mm,models/ppo_refleks_1500k/model.zip+refleks,0.1,0.0,0.0,1,0.08626,0.8718,79.12,6.897,10.0,0,-11.4,1
yayla 50 mm,models/ppo_refleks_1500k/model.zip+refleks,0.1,0.0,0.0,2,0.09314,0.935,58.54,5.473,10.0,0,-7.4,1
yayla 50 mm,models/ppo_refleks_1500k/model.zip+refleks,0.1,0.0,0.0,3,0.09384,0.9446,56.18,5.307,10.0,0,-10.7,1
yayla 50 mm,models/ppo_refleks_1500k/model.zip+refleks,0.1,0.0,0.0,0,0.07616,0.7636,78.8,6.017,10.0,0,-2.3,0
