time/iterations,time/total_timesteps,time/fps,time/time_elapsed,train/clip_fraction,train/explained_variance,train/loss,train/entropy_loss,train/approx_kl,train/value_loss,train/clip_range,train/n_updates,train/std,train/policy_gradient_loss,train/learning_rate,rollout/ep_rew_mean,rollout/ep_len_mean,eval/skor,eval/en_iyi_adim
1,4096,1147,3,,,,,,,,,,,,,,,
2,8192,1530,5,0.1142578125,0.891905665397644,68.79007720947266,15.40232810974121,0.0127836,170.22955665588378,0.2,5,0.11580444872379303,-0.017584507318679242,0.0001,,,,
3,12288,1730,7,0.091357421875,0.9197969436645508,54.610260009765625,15.403473091125488,0.01194663,121.25101108551026,0.2,10,0.1157817468047142,-0.014196490024914965,0.0001,,,,
4,16384,1542,10,0.12822265625,0.932913064956665,42.11311721801758,15.40817666053772,0.013130236,107.09931831359863,0.2,15,0.11580853909254074,-0.01921234551118687,0.0001,1726.397705078125,994.4375,,
5,20480,1627,12,0.10556640625,0.878035843372345,90.790283203125,15.410317659378052,0.013981974,208.34544200897216,0.2,20,0.11580788344144821,-0.015405046299565583,0.0001,1726.397705078125,994.4375,,
6,24576,1700,14,0.023974609375,0.7903557419776917,56.767826080322266,15.414798712730407,0.0070075057,142.95068435668946,0.2,25,0.11580464988946915,-0.007970223465235904,0.0001,1726.397705078125,994.4375,,
7,28672,1756,16,0.037255859375,0.7960744500160217,52.65404510498047,15.415552949905395,0.008442838,140.62507591247558,0.2,30,0.11583060026168823,-0.008902077877428383,0.0001,1726.397705078125,994.4375,,
8,32768,1659,19,0.067138671875,0.8368536233901978,59.8594970703125,15.414542365074158,0.010772763,138.81992454528807,0.2,35,0.11585155129432678,-0.011161844781599938,0.0001,1597.44189453125,997.21875,,
9,36864,1692,21,0.114404296875,0.8948418498039246,35.92876052856445,15.415553426742553,0.013335103,89.85973949432373,0.2,40,0.11590996384620667,-0.013310397445457057,0.0001,1597.44189453125,997.21875,,
10,40960,1734,23,0.0650390625,0.7720181941986084,49.05730438232422,15.419536375999451,0.010046529,122.84312744140625,0.2,45,0.11590541154146194,-0.01068203606409952,0.0001,1597.44189453125,997.21875,,
11,45056,1767,25,0.0734375,0.7928355932235718,41.55386734008789,15.421828603744506,0.01153758,116.61555900573731,0.2,50,0.11586882919073105,-0.011026389407925307,0.0001,1597.44189453125,997.21875,,
12,49152,1682,29,0.092822265625,0.7758963704109192,48.41060256958008,15.428338217735291,0.011551448,106.69722919464111,0.2,55,0.11582121253013611,-0.011762739229016005,0.0001,1493.5694580078125,998.1458333333334,,
13,53248,1707,31,0.110595703125,0.8146471381187439,46.372650146484375,15.437720394134521,0.012343026,103.80706768035888,0.2,60,0.11578955501317978,-0.013991834502667189,0.0001,1493.5694580078125,998.1458333333334,,
14,57344,1738,32,0.0470703125,0.7236837148666382,50.46467590332031,15.45345344543457,0.007927643,140.3183629989624,0.2,65,0.11572597175836563,-0.00824216307955794,0.0001,1493.5694580078125,998.1458333333334,,
15,61440,1767,34,0.068408203125,0.8078677654266357,38.93662643432617,15.463832068443299,0.009430107,96.85113487243652,0.2,70,0.11567796021699905,-0.011952361033763736,0.0001,1493.5694580078125,998.1458333333334,,
16,65536,1675,39,0.09658203125,0.8317870497703552,43.028072357177734,15.470178389549256,0.011782971,98.81539859771729,0.2,75,0.11563532054424286,-0.013881857434171252,0.0001,1473.7178955078125,998.609375,,
17,69632,1703,40,0.070263671875,0.8613621592521667,39.387454986572266,15.475212621688843,0.010382654,86.8193983078003,0.2,80,0.11563725024461746,-0.010969419818138704,0.0001,1473.7178955078125,998.609375,,
18,73728,1728,42,0.047314453125,0.7673290967941284,40.18389892578125,15.47461953163147,0.009789953,106.20244140625,0.2,85,0.1156558245420456,-0.010070056444965303,0.0001,1473.7178955078125,998.609375,,
19,77824,1750,44,0.062060546875,0.8204641342163086,42.036651611328125,15.478749132156372,0.010201534,102.50357456207276,0.2,90,0.11565336585044861,-0.010635196743533016,0.0001,1473.7178955078125,998.609375,,
20,81920,1692,48,0.0712890625,0.8565397262573242,48.62425994873047,15.4843918800354,0.010202229,112.8347183227539,0.2,95,0.11561670154333115,-0.011041269486304373,0.0001,1503.618896484375,998.8875,,
21,86016,1714,50,0.1216796875,0.859909176826477,58.619956970214844,15.493642997741699,0.013167266,123.34445457458496,0.2,100,0.11552751809358597,-0.014925068407319487,0.0001,1503.618896484375,998.8875,,
22,90112,1734,51,0.04189453125,0.8066051602363586,64.79556274414062,15.507652997970581,0.009032206,161.8823610305786,0.2,105,0.11550340801477432,-0.010739395371638238,0.0001,1503.618896484375,998.8875,,
23,94208,1752,53,0.06337890625,0.8567800521850586,53.609989166259766,15.511865496635437,0.010780452,125.19422645568848,0.2,110,0.1155010238289833,-0.011798297171480954,0.0001,1503.618896484375,998.8875,,
24,98304,1713,57,0.11875,0.8775038719177246,48.017452239990234,15.51543025970459,0.012851246,110.98531379699708,0.2,115,0.11550456285476685,-0.01463160709827207,0.0001,1493.8555908203125,999.0729166666666,,
25,102400,1730,59,0.078662109375,0.8582770824432373,47.54556655883789,15.51601459980011,0.009907141,114.41047134399415,0.2,120,0.11555133014917374,-0.012761280685663224,0.0001,1493.8555908203125,999.0729166666666,,
26,106496,1746,60,0.03896484375,0.7292676568031311,47.86076354980469,15.512130618095398,0.008117158,147.3758502960205,0.2,125,0.11557354778051376,-0.00932381433667615,0.0001,1493.8555908203125,999.0729166666666,,
27,110592,1757,62,0.044384765625,0.7511134743690491,47.61972427368164,15.512670874595642,0.008297931,129.77117691040038,0.2,130,0.11555750668048859,-0.009438949776813388,0.0001,1483.4774169921875,999.0824742268042,,
28,114688,1722,66,0.0814453125,0.781054675579071,51.598270416259766,15.5135329246521,0.011304516,119.08232421875,0.2,135,0.11557010561227798,-0.012867368676234036,0.0001,1421.1641845703125,1000.0,,
29,118784,1736,68,0.04150390625,0.6920198798179626,67.94972229003906,15.511955785751343,0.008869924,171.62093544006348,0.2,140,0.11555154621601105,-0.00981164665427059,0.0001,1421.1641845703125,1000.0,,
30,122880,1747,70,0.063671875,0.7915823459625244,59.687286376953125,15.514744973182678,0.010407506,120.5421293258667,0.2,145,0.11551879346370697,-0.012353807853651233,0.0001,1421.1641845703125,1000.0,,
31,126976,1754,72,0.08095703125,0.7877628207206726,55.23397445678711,15.516600465774536,0.010436367,127.43225727081298,0.2,150,0.11553540080785751,-0.012598247348796577,0.0001,1399.2342529296875,1000.0,,
32,131072,1725,75,0.1115234375,0.8424935936927795,42.13568115234375,15.516667318344116,0.013568577,100.79417667388915,0.2,155,0.11553195863962173,-0.015941350592765958,0.0001,1415.4844970703125,1000.0,,
33,135168,1736,77,0.124609375,0.8207368850708008,35.486812591552734,15.521837067604064,0.014848533,78.71242427825928,0.2,160,0.11549551784992218,-0.015092213987372816,0.0001,1415.4844970703125,1000.0,,
34,139264,1749,79,0.11259765625,0.6673107743263245,39.42481231689453,15.531023335456847,0.0133653805,96.50039806365967,0.2,165,0.11545074731111526,-0.015110635216115043,0.0001,1415.4844970703125,1000.0,,
35,143360,1757,81,0.090625,0.6437069177627563,35.96199417114258,15.53660159111023,0.011244237,91.40163993835449,0.2,170,0.1154237911105156,-0.012925411900505423,0.0001,1402.29833984375,1000.0,,
36,147456,1726,85,0.127587890625,0.6475265026092529,42.44441604614258,15.541844081878661,0.013607459,93.93355789184571,0.2,175,0.11540037393569946,-0.01688037231215276,0.0001,1407.28515625,1000.0,,
37,151552,1738,87,0.0599609375,0.7307261228561401,53.69719696044922,15.547080659866333,0.009917248,124.13086433410645,0.2,180,0.11531857401132584,-0.010839796208892949,0.0001,1407.28515625,1000.0,,
38,155648,1748,89,0.061865234375,0.7259672284126282,53.389915466308594,15.558092784881591,0.010027585,130.3478717803955,0.2,185,0.11525557190179825,-0.011526000523008405,0.0001,1407.28515625,1000.0,,
39,159744,1755,91,0.0685546875,0.7631241679191589,49.64091491699219,15.567155885696412,0.010518346,116.27072219848633,0.2,190,0.11522684246301651,-0.01147111303289421,0.0001,1393.9842529296875,1000.0,,
40,163840,1716,95,0.031396484375,0.8069108128547668,35.67740249633789,15.574144983291626,0.00770797,99.53781509399414,0.2,195,0.11519423127174377,-0.009224333672318608,0.0001,1453.5467529296875,1000.0,,
41,167936,1725,97,0.052001953125,0.6771495938301086,78.61498260498047,15.579204273223876,0.009667335,181.71667976379393,0.2,200,0.11516288667917252,-0.011346682102885097,0.0001,1453.5467529296875,1000.0,,
42,172032,1734,99,0.049169921875,0.7080197334289551,76.48963928222656,15.580344200134277,0.009158831,201.06963386535645,0.2,205,0.11516016721725464,-0.00962910776725039,0.0001,1453.5467529296875,1000.0,,
43,176128,1717,102,0.0703125,0.7063437700271606,77.293701171875,15.580732989311219,0.010678675,190.01677589416505,0.2,210,0.11512899398803711,-0.01172542609856464,0.0001,1398.3353271484375,1000.0,,
44,180224,1721,104,0.05869140625,0.7100058794021606,86.40904998779297,15.583570408821107,0.010068015,191.64957542419432,0.2,215,0.11512921750545502,-0.010925330349709838,0.0001,1398.3353271484375,1000.0,,
45,184320,1730,106,0.083984375,0.7038569450378418,57.8602294921875,15.584821891784667,0.011674644,145.9709852218628,0.2,220,0.11513056606054306,-0.012866066896822303,0.0001,1398.3353271484375,1000.0,,
46,188416,1739,108,0.104443359375,0.6807799339294434,59.03983688354492,15.586474323272705,0.011629559,142.7869972229004,0.2,225,0.11511270701885223,-0.014938330496079288,0.0001,1398.3353271484375,1000.0,,
47,192512,1718,112,0.1001953125,0.7370188236236572,56.97823715209961,15.587333393096923,0.012124165,133.00529537200927,0.2,230,0.11514318734407425,-0.014455427485518157,0.0001,1399.9482421875,999.85,,
48,196608,1725,113,0.086181640625,0.6927027702331543,115.94251251220703,15.581537795066833,0.01212121,226.9975315093994,0.2,235,0.11519455909729004,-0.013421347818803043,0.0001,1399.9482421875,999.85,,
49,200704,1734,115,0.023828125,0.819952130317688,36.833892822265625,15.576950097084046,0.0072742943,102.98271446228027,0.2,240,0.11519986391067505,-0.007743808592204004,0.0001,1399.9482421875,999.85,,
50,204800,1742,117,0.054248046875,0.8717522025108337,32.910911560058594,15.579320454597473,0.0099024195,89.53136730194092,0.2,245,0.11517440527677536,-0.0098861102364026,0.0001,1399.9482421875,999.85,,
51,208896,1717,121,0.07607421875,0.8935455083847046,38.9376335144043,15.583555507659913,0.01002961,102.06825351715088,0.2,250,0.11512064933776855,-0.012023033038713039,0.0001,1451.8104248046875,999.85,,
52,212992,1725,123,0.06494140625,0.8912546634674072,35.857845306396484,15.592485094070435,0.009953944,96.45780525207519,0.2,255,0.1150866448879242,-0.01182378273224458,0.0001,1451.8104248046875,999.85,,
53,217088,1732,125,0.0525390625,0.5969862937927246,60.8100471496582,15.595691442489624,0.008221813,139.60204010009767,0.2,260,0.1150834932923317,-0.00867310794419609,0.0001,1451.8104248046875,999.85,,
54,221184,1739,127,0.08935546875,0.6651784181594849,56.25651168823242,15.59892692565918,0.01092328,135.39344730377198,0.2,265,0.11505355685949326,-0.01289033557404764,0.0001,1451.8104248046875,999.85,,
55,225280,1719,131,0.128466796875,0.7118123769760132,53.83956527709961,15.606833696365356,0.013815946,115.24623603820801,0.2,270,0.11497832834720612,-0.015832318787579423,0.0001,1466.14501953125,999.85,,
56,229376,1725,132,0.147607421875,0.7679270505905151,46.77531433105469,15.620520853996277,0.014414881,106.1403419494629,0.2,275,0.11491426825523376,-0.017299577260564546,0.0001,1466.14501953125,999.85,,
57,233472,1732,134,0.0908203125,0.7632250785827637,55.859920501708984,15.6271066904068,0.010020625,147.17179832458496,0.2,280,0.11493031680583954,-0.013036646496038884,0.0001,1466.14501953125,999.85,,
58,237568,1739,136,0.09326171875,0.8011218905448914,67.50711822509766,15.625809741020202,0.011308389,142.56647911071778,0.2,285,0.1149485632777214,-0.013096180814318358,0.0001,1466.14501953125,999.85,,
59,241664,1715,140,0.094091796875,0.8246696591377258,64.88137817382812,15.627416276931763,0.011233436,150.40043926239014,0.2,290,0.11490156501531601,-0.013392038422171026,0.0001,1464.5426025390625,999.73,,
60,245760,1721,142,0.092236328125,0.7660771608352661,87.6053237915039,15.630877566337585,0.011908082,225.08056106567383,0.2,295,0.11490018665790558,-0.014675328752491622,0.0001,1464.5426025390625,999.73,,
61,249856,1728,144,0.071923828125,0.8176329135894775,51.67531967163086,15.63166902065277,0.011110839,136.21819992065429,0.2,300,0.11489156633615494,-0.011917833593906834,0.0001,1464.5426025390625,999.73,,
62,253952,1495,169,0.091259765625,0.8352893590927124,66.06664276123047,15.637803649902343,0.010553007,159.23308792114258,0.2,305,0.11483993381261826,-0.012817845505196601,0.0001,1464.5426025390625,999.73,2.4570806494153787,250000
63,258048,1484,173,0.1056640625,0.8494022488594055,70.9300537109375,15.644877243041993,0.012201658,162.61431121826172,0.2,310,0.11478735506534576,-0.014925845025572926,0.0001,1434.4503173828125,999.73,,
64,262144,1491,175,0.108642578125,0.8630676865577698,40.48103713989258,15.650634694099427,0.0128949685,95.55147342681884,0.2,315,0.11471753567457199,-0.01646790560334921,0.0001,1434.4503173828125,999.73,,
65,266240,1498,177,0.085595703125,0.5501986742019653,57.929141998291016,15.65801203250885,0.010569057,150.01096458435057,0.2,320,0.11471401900053024,-0.011051820113789291,0.0001,1434.4503173828125,999.73,,
66,270336,1504,179,0.09716796875,0.5674338340759277,43.41328811645508,15.65536196231842,0.011610048,104.02926177978516,0.2,325,0.11480001360177994,-0.012005921179661528,0.0001,1434.4503173828125,999.73,,
67,274432,1494,183,0.11220703125,0.5116524696350098,46.09696960449219,15.651164126396178,0.013906323,112.86090068817138,0.2,330,0.11478538066148758,-0.014539446006529034,0.0001,1384.732177734375,999.73,,
68,278528,1500,185,0.110302734375,0.5603067874908447,72.63424682617188,15.65672571659088,0.012755698,159.83460845947266,0.2,335,0.11471953988075256,-0.012739887833595276,0.0001,1384.732177734375,999.73,,
69,282624,1507,187,0.10458984375,0.5488144755363464,87.47142028808594,15.662000131607055,0.0123187145,201.5148838043213,0.2,340,0.11469243466854095,-0.013213528739288449,0.0001,1384.732177734375,999.73,,
70,286720,1513,189,0.06552734375,0.6358129382133484,99.49962615966797,15.661526083946228,0.010573138,221.49544448852538,0.2,345,0.11473473906517029,-0.011144561786204576,0.0001,1381.84423828125,999.73,,
71,290816,1499,193,0.066943359375,0.7473605275154114,72.10901641845703,15.661824417114257,0.011172693,171.01983184814452,0.2,350,0.11469843238592148,-0.011286982393357903,0.0001,1434.60546875,999.88,,
72,294912,1502,196,0.047998046875,0.705891489982605,62.84616470336914,15.672298264503478,0.0087520685,148.82417888641356,0.2,355,0.11465815454721451,-0.009666665765689687,0.0001,1434.60546875,999.88,,
73,299008,1506,198,0.03271484375,0.6563588380813599,80.47005462646484,15.678435134887696,0.007707105,166.14254608154297,0.2,360,0.11464092880487442,-0.008850579266436398,0.0001,1434.60546875,999.88,,
74,303104,1508,200,0.033056640625,0.7576534152030945,66.8312759399414,15.678582024574279,0.008206168,162.72356948852538,0.2,365,0.1146569475531578,-0.010198053589556366,0.0001,1410.700927734375,999.88,,
75,307200,1501,204,0.03798828125,0.8284090757369995,53.38808059692383,15.675033378601075,0.008939194,120.55830402374268,0.2,370,0.11465030163526535,-0.009541302092839033,0.0001,1409.5595703125,999.88,,
76,311296,1507,206,0.100634765625,0.7515846490859985,54.93272018432617,15.677637505531312,0.014693782,124.00569171905518,0.2,375,0.11464206874370575,-0.015598311671055853,0.0001,1409.5595703125,999.88,,
77,315392,1512,208,0.069970703125,0.7218824625015259,67.29564666748047,15.680968594551086,0.00965995,151.83654499053955,0.2,380,0.11460921913385391,-0.01164443675079383,0.0001,1409.5595703125,999.88,,
78,319488,1517,210,0.09287109375,0.6422423124313354,67.97820281982422,15.69070999622345,0.010438325,147.46935596466065,0.2,385,0.11454914510250092,-0.012180604971945286,0.0001,1403.8812255859375,999.88,,
79,323584,1505,214,0.113671875,0.7069103717803955,62.78392028808594,15.696652436256409,0.012269769,130.02932109832764,0.2,390,0.11451948434114456,-0.01438736409181729,0.0001,1427.3131103515625,999.88,,
80,327680,1510,216,0.089306640625,0.8096800446510315,37.78740692138672,15.699431681632996,0.012814222,89.93181209564209,0.2,395,0.11449945718050003,-0.011010021329275333,0.0001,1427.3131103515625,999.88,,
81,331776,1515,218,0.136328125,0.8551455736160278,33.98059844970703,15.70351550579071,0.015838573,77.0470178604126,0.2,400,0.11448550224304199,-0.015065426198998467,0.0001,1427.3131103515625,999.88,,
82,335872,1517,221,0.132666015625,0.865135908126831,40.7938117980957,15.711045050621033,0.013321686,93.47193813323975,0.2,405,0.11442989110946655,-0.013250028516631573,0.0001,1417.2049560546875,999.88,,
83,339968,1509,225,0.11337890625,0.8853403329849243,40.746803283691406,15.717452478408813,0.013423178,88.76480331420899,0.2,410,0.11441018432378769,-0.013782083615660667,0.0001,1430.1221923828125,1000.0,,
84,344064,1515,227,0.030029296875,0.8244332671165466,64.21324920654297,15.717513465881348,0.0066701034,145.06820163726806,0.2,415,0.11439560353755951,-0.00694561128038913,0.0001,1430.1221923828125,1000.0,,
85,348160,1519,229,0.05849609375,0.8465949296951294,71.82073974609375,15.717720627784729,0.010289085,169.3472927093506,0.2,420,0.11439640820026398,-0.01215081253903918,0.0001,1430.1221923828125,1000.0,,
86,352256,1506,233,0.064208984375,0.9000566005706787,41.59932327270508,15.71697382926941,0.010265671,102.17935810089111,0.2,425,0.11439155042171478,-0.011532083738711663,0.0001,1450.0670166015625,1000.0,,
87,356352,1509,236,0.06435546875,0.9237115383148193,42.425193786621094,15.71927855014801,0.01107764,109.36574058532715,0.2,430,0.11436941474676132,-0.01132544238353148,0.0001,1450.0670166015625,1000.0,,
88,360448,1511,238,0.04169921875,0.8193919062614441,60.776851654052734,15.722710704803466,0.007848239,142.49422664642333,0.2,435,0.11435387283563614,-0.007870276417816058,0.0001,1450.0670166015625,1000.0,,
89,364544,1512,240,0.0595703125,0.7759931683540344,58.61865234375,15.72499577999115,0.009540195,134.44024810791015,0.2,440,0.11435413360595703,-0.009704696421977133,0.0001,1450.0670166015625,1000.0,,
90,368640,1496,246,0.05009765625,0.7422637343406677,55.43332290649414,15.727429604530334,0.009985721,141.11051197052,0.2,445,0.11433909833431244,-0.01019050448667258,0.0001,1489.700439453125,1000.0,,
91,372736,1497,248,0.09248046875,0.6700131893157959,59.25761032104492,15.732477283477783,0.012956044,142.15141429901124,0.2,450,0.11430078744888306,-0.015296163607854397,0.0001,1489.700439453125,1000.0,,
92,376832,1496,251,0.051513671875,0.748538613319397,47.787864685058594,15.738483715057374,0.009885267,120.75516147613526,0.2,455,0.11431160569190979,-0.01003842737263767,0.0001,1489.700439453125,1000.0,,
93,380928,1495,254,0.11142578125,0.8035666942596436,50.32937240600586,15.734723997116088,0.012765081,114.05667400360107,0.2,460,0.1143789067864418,-0.01477786423638463,0.0001,1489.700439453125,1000.0,,
94,385024,1482,259,0.13466796875,0.7930142879486084,52.507301330566406,15.726403307914733,0.01356127,114.1082374572754,0.2,465,0.11437626928091049,-0.015460030920803548,0.0001,1488.6834716796875,1000.0,,
95,389120,1479,263,0.170068359375,0.8333461284637451,44.54548263549805,15.728727650642394,0.017921127,101.0842185974121,0.2,470,0.11437403410673141,-0.016796489286934956,0.0001,1488.6834716796875,1000.0,,
96,393216,1470,267,0.090087890625,0.7948904633522034,55.255123138427734,15.732358121871949,0.011427739,130.7416051864624,0.2,475,0.1143396645784378,-0.012043847801396623,0.0001,1488.6834716796875,1000.0,,
97,397312,1470,270,0.092529296875,0.8160157799720764,50.34915542602539,15.737654042243957,0.013263468,122.77002468109131,0.2,480,0.11431163549423218,-0.014025874237995594,0.0001,1488.6834716796875,1000.0,,
98,401408,1453,276,0.06748046875,0.8494781255722046,48.643829345703125,15.742357206344604,0.00891469,120.58499679565429,0.2,485,0.1142892837524414,-0.008640184422256425,0.0001,1506.635498046875,1000.0,,
99,405504,1456,278,0.114990234375,0.8571668267250061,52.74467468261719,15.749249291419982,0.014759151,119.37824459075928,0.2,490,0.11427329480648041,-0.016039740410633385,0.0001,1506.635498046875,1000.0,,
100,409600,1460,280,0.0873046875,0.8366684317588806,51.85914611816406,15.755726671218872,0.011232385,128.11482200622558,0.2,495,0.11424770206212997,-0.013396943808766082,0.0001,1506.635498046875,1000.0,,
101,413696,1462,282,0.115966796875,0.8562483787536621,56.52322769165039,15.75657525062561,0.013411824,132.86218318939208,0.2,500,0.1142912432551384,-0.01589693787973374,0.0001,1506.635498046875,1000.0,,
102,417792,1455,287,0.120849609375,0.8744497895240784,59.254154205322266,15.757751321792602,0.013223974,138.02035598754884,0.2,505,0.1141948327422142,-0.015203426295192913,0.0001,1522.7596435546875,1000.0,,
103,421888,1459,289,0.112255859375,0.8590840697288513,50.00830841064453,15.77131552696228,0.012563861,113.79271507263184,0.2,510,0.11416246742010117,-0.01526026795618236,0.0001,1522.7596435546875,1000.0,,
104,425984,1463,291,0.0546875,0.5902748107910156,59.172874450683594,15.772025084495544,0.009686654,157.85835380554198,0.2,515,0.11415659636259079,-0.010386329190805555,0.0001,1522.7596435546875,1000.0,,
105,430080,1467,293,0.07265625,0.6270045042037964,55.38487243652344,15.771542811393738,0.010536094,151.26816368103027,0.2,520,0.11414925754070282,-0.01265710344305262,0.0001,1522.7596435546875,1000.0,,
106,434176,1459,297,0.0814453125,0.7704554200172424,54.39699935913086,15.774445080757141,0.011611541,127.25039520263672,0.2,525,0.11411967128515244,-0.013076147926039994,0.0001,1503.66650390625,1000.0,,
107,438272,1463,299,0.14873046875,0.8936519622802734,40.07683181762695,15.781984210014343,0.015044412,95.89206638336182,0.2,530,0.11406739056110382,-0.017361546587198972,0.0001,1503.66650390625,1000.0,,
108,442368,1466,301,0.10771484375,0.911165177822113,36.378997802734375,15.787577795982362,0.01260595,87.84639358520508,0.2,535,0.11407569795846939,-0.013360630249371752,0.0001,1503.66650390625,1000.0,,
109,446464,1470,303,0.132421875,0.9349222779273987,23.546510696411133,15.790880346298218,0.014608433,63.42207193374634,0.2,540,0.11405432969331741,-0.015455045946873724,0.0001,1512.060302734375,1000.0,,
110,450560,1465,307,0.107861328125,0.947792112827301,24.05657958984375,15.794347500801086,0.013509063,59.71818943023682,0.2,545,0.1140754446387291,-0.013312003435567021,0.0001,1542.852294921875,1000.0,,
111,454656,1469,309,0.100390625,0.8969138860702515,39.15255355834961,15.79624433517456,0.012621541,95.66422615051269,0.2,550,0.11405458301305771,-0.01276548184105195,0.0001,1542.852294921875,1000.0,,
112,458752,1473,311,0.049267578125,0.829811692237854,37.0326042175293,15.802388310432434,0.010179235,107.35160789489746,0.2,555,0.11402454972267151,-0.008362661511637271,0.0001,1542.852294921875,1000.0,,
113,462848,1476,313,0.105126953125,0.8832995295524597,26.104419708251953,15.806172609329224,0.01282041,78.64954614639282,0.2,560,0.11406496912240982,-0.013100984186166897,0.0001,1544.8973388671875,1000.0,,
114,466944,1472,317,0.108984375,0.9030306935310364,32.51835632324219,15.801205730438232,0.012233028,80.22275743484497,0.2,565,0.11404402554035187,-0.01319833054440096,0.0001,1516.971435546875,1000.0,,
115,471040,1476,318,0.1287109375,0.8640261292457581,45.05339431762695,15.805353569984437,0.013834585,91.81418476104736,0.2,570,0.11397064477205276,-0.014712736994260922,0.0001,1516.971435546875,1000.0,,
116,475136,1480,321,0.110791015625,0.8486328125,29.161518096923828,15.817920207977295,0.012879139,72.12768859863282,0.2,575,0.11392740160226822,-0.013734151143580675,0.0001,1513.4141845703125,997.52,,
117,479232,1484,322,0.09287109375,0.7973288893699646,53.65412902832031,15.82362985610962,0.010749135,139.48889770507813,0.2,580,0.1139104887843132,-0.01141848911647685,0.0001,1513.4141845703125,997.52,,
118,483328,1477,327,0.101953125,0.8842774629592896,31.297199249267578,15.828120112419128,0.013628769,78.11512031555176,0.2,585,0.1138935461640358,-0.01322755174478516,0.0001,1508.8895263671875,997.52,,
119,487424,1480,329,0.081298828125,0.7018039226531982,62.00040054321289,15.835143113136292,0.010316012,154.5855432510376,0.2,590,0.1138618215918541,-0.011606256011873484,0.0001,1508.8895263671875,997.52,,
120,491520,1483,331,0.0662109375,0.7262879610061646,71.6019515991211,15.840187191963196,0.0112787895,183.65661506652833,0.2,595,0.11386427283287048,-0.01149438952561468,0.0001,1499.9102783203125,997.52,,
121,495616,1487,333,0.070068359375,0.8159788846969604,55.03438949584961,15.839955019950867,0.011256605,125.97777309417725,0.2,600,0.11389318108558655,-0.010389342659618706,0.0001,1499.9102783203125,997.52,,
122,499712,1480,337,0.049365234375,0.7931252717971802,82.74922180175781,15.835286974906921,0.00940855,187.30160598754884,0.2,605,0.11391135305166245,-0.009445764974225312,0.0001,1480.899658203125,997.52,,
123,503808,1393,361,0.0939453125,0.8323788642883301,36.87483596801758,15.83799476623535,0.013207886,92.16321964263916,0.2,610,0.11387486010789871,-0.015175375493708999,0.0001,1480.899658203125,997.52,2.4563893560649985,250000
124,507904,1397,363,0.073876953125,0.8436862230300903,43.142154693603516,15.84700813293457,0.011070783,108.59345645904541,0.2,615,0.1138378158211708,-0.01069751963368617,0.0001,1463.7373046875,997.52,,
125,512000,1395,366,0.119873046875,0.8886610269546509,41.827213287353516,15.85396420955658,0.01427034,92.38535289764404,0.2,620,0.11381352692842484,-0.01730737417237833,0.0001,1466.778564453125,997.52,,
126,516096,1398,369,0.12080078125,0.9151907563209534,21.968313217163086,15.859823870658875,0.015015233,61.65874881744385,0.2,625,0.11379045993089676,-0.015978434740100057,0.0001,1466.778564453125,997.52,,
127,520192,1401,371,0.0984375,0.7911816835403442,40.53712463378906,15.862877917289733,0.012208672,104.36939239501953,0.2,630,0.11382449418306351,-0.012960451422259212,0.0001,1458.615966796875,994.8,,
128,524288,1405,372,0.060302734375,0.6202432513237,103.47421264648438,15.860317587852478,0.009990212,201.75661602020264,0.2,635,0.11383824795484543,-0.010350081656360999,0.0001,1458.615966796875,994.8,,
129,528384,1402,376,0.070556640625,0.78799968957901,45.22207260131836,15.860990834236144,0.010372485,120.21828575134278,0.2,640,0.11378408968448639,-0.011533764936029912,0.0001,1446.73681640625,994.8,,
130,532480,1406,378,0.111865234375,0.8136236667633057,55.56932067871094,15.868309807777404,0.012741071,130.74242420196532,0.2,645,0.11374959349632263,-0.01461030335049145,0.0001,1446.73681640625,994.8,,
131,536576,1409,380,0.086376953125,0.6768894195556641,56.973388671875,15.867778182029724,0.013472999,138.55534782409669,0.2,650,0.11374857276678085,-0.013861665251897647,0.0001,1434.5079345703125,994.8,,
132,540672,1413,382,0.091650390625,0.6434755325317383,68.36723327636719,15.866956329345703,0.011035682,168.4565757751465,0.2,655,0.11375799775123596,-0.013669935229700059,0.0001,1434.5079345703125,994.8,,
133,544768,1410,386,0.120361328125,0.7416167259216309,62.535614013671875,15.869245195388794,0.012656869,135.89596405029297,0.2,660,0.11373724788427353,-0.014496984565630555,0.0001,1464.670166015625,994.8,,
134,548864,1414,387,0.1099609375,0.7693684697151184,50.71461868286133,15.872967004776001,0.012529945,113.10424575805663,0.2,665,0.11376000940799713,-0.014306358766043558,0.0001,1464.670166015625,994.8,,
135,552960,1417,390,0.05400390625,0.5713868737220764,49.12556838989258,15.872133040428162,0.009921474,121.43112754821777,0.2,670,0.1137586161494255,-0.009614760463591665,0.0001,1453.2620849609375,994.8,,
136,557056,1420,392,0.08232421875,0.610033392906189,44.58541488647461,15.875089383125305,0.0115649365,98.94404563903808,0.2,675,0.11373001337051392,-0.012147295800969005,0.0001,1453.2620849609375,994.8,,
137,561152,1417,395,0.107666015625,0.6226249933242798,34.42566680908203,15.879631614685058,0.012913579,85.16214065551758,0.2,680,0.113767109811306,-0.0146415728260763,0.0001,1418.4798583984375,994.8,,
138,565248,1418,398,0.135107421875,0.6733890771865845,52.45071792602539,15.87395486831665,0.014932366,113.10081634521484,0.2,685,0.1137310042977333,-0.01690838840440847,0.0001,1418.4798583984375,994.8,,
139,569344,1419,401,0.065185546875,0.6342184543609619,123.83012390136719,15.874425601959228,0.010687864,317.1275184631348,0.2,690,0.11372991651296616,-0.010593839979264885,0.0001,1408.53759765625,994.8,,
140,573440,1421,403,0.054931640625,0.69368577003479,126.03178405761719,15.875990343093871,0.009041216,299.8719200134277,0.2,695,0.11371997743844986,-0.011511843116022647,0.0001,1408.53759765625,994.8,,
141,577536,1418,407,0.067529296875,0.7590765953063965,133.8828887939453,15.879984664916993,0.00943397,293.1973110198975,0.2,700,0.11372071504592896,-0.011247968135285192,0.0001,1358.3310546875,997.28,,
142,581632,1420,409,0.10224609375,0.7509832978248596,111.60209655761719,15.882511377334595,0.013164674,249.5784076690674,0.2,705,0.11370156705379486,-0.014093504362972454,0.0001,1358.3310546875,997.28,,
143,585728,1422,411,0.020703125,0.5975083112716675,64.22010803222656,15.886726975440979,0.0061782803,164.9433563232422,0.2,710,0.11368943750858307,-0.007801294163800776,0.0001,1361.3543701171875,997.28,,
144,589824,1425,413,0.079150390625,0.7457367181777954,64.962158203125,15.890867209434509,0.011457076,149.30704002380372,0.2,715,0.11364246904850006,-0.012707818986382336,0.0001,1361.3543701171875,997.28,,
145,593920,1421,417,0.07421875,0.7777537703514099,55.17329788208008,15.897353768348694,0.011485163,131.21077766418458,0.2,720,0.11358597129583359,-0.01072209703270346,0.0001,1291.452392578125,997.28,,
146,598016,1423,420,0.12763671875,0.8111294507980347,63.47313690185547,15.904097700119019,0.014344822,131.46995391845704,0.2,725,0.11353645473718643,-0.016566411405801774,0.0001,1291.452392578125,997.28,,
147,602112,1425,422,0.054931640625,0.8525177240371704,63.50479507446289,15.91023235321045,0.01023055,138.07836570739747,0.2,730,0.1135309711098671,-0.009810817567631603,0.0001,1283.7991943359375,997.28,,
148,606208,1428,424,0.07734375,0.8725287318229675,64.1008071899414,15.910938906669617,0.010785278,149.6176404953003,0.2,735,0.11350773274898529,-0.011767407739534974,0.0001,1283.7991943359375,997.28,,
149,610304,1424,428,0.07216796875,0.9268783926963806,39.95060729980469,15.91511161327362,0.01181362,99.85500812530518,0.2,740,0.11348409205675125,-0.011868550832150503,0.0001,1302.6715087890625,997.28,,
150,614400,1427,430,0.069189453125,0.8704785108566284,41.93979263305664,15.915589904785156,0.010698542,99.95265941619873,0.2,745,0.11346662789583206,-0.011695902654901147,0.0001,1304.06884765625,995.86,,
151,618496,1430,432,0.1076171875,0.41286367177963257,62.99148941040039,15.91970341205597,0.0124863945,157.90410995483398,0.2,750,0.11342407763004303,-0.013264116051141172,0.0001,1304.06884765625,995.86,,
152,622592,1432,434,0.093505859375,0.6887246370315552,52.48189926147461,15.925569200515747,0.011161498,119.38007488250733,0.2,755,0.11339226365089417,-0.011179501691367477,0.0001,1304.06884765625,995.86,,
153,626688,1429,438,0.056787109375,0.784850537776947,49.901615142822266,15.931921291351319,0.009628035,132.37999992370607,0.2,760,0.1133553609251976,-0.01074590942589566,0.0001,1279.13232421875,998.58,,
154,630784,1432,440,0.10927734375,0.8420983552932739,58.1645622253418,15.93909010887146,0.011780674,139.63531799316405,0.2,765,0.11330427974462509,-0.01332967434427701,0.0001,1260.8148193359375,998.58,,
155,634880,1435,442,0.063818359375,0.7548642754554749,69.9673843383789,15.946816802024841,0.008564765,172.3177234649658,0.2,770,0.11328742653131485,-0.011342034762492403,0.0001,1260.8148193359375,998.58,,
156,638976,1437,444,0.08642578125,0.7706559896469116,71.38680267333984,15.948850321769715,0.011949141,177.381591796875,0.2,775,0.11329308152198792,-0.013314044842263683,0.0001,1260.8148193359375,998.58,,
157,643072,1434,448,0.108544921875,0.821909487247467,59.57526397705078,15.952511024475097,0.011968164,144.883030128479,0.2,780,0.11326181143522263,-0.014614848257042467,0.0001,1260.2562255859375,998.58,,
158,647168,1437,450,0.073291015625,0.7697067260742188,69.0107421875,15.954635453224181,0.010712042,162.51807594299316,0.2,785,0.11325929313898087,-0.012528848240617663,0.0001,1255.94140625,998.58,,
159,651264,1439,452,0.100537109375,0.7812526822090149,57.75958251953125,15.95302746295929,0.011860855,146.53518867492676,0.2,790,0.11326754838228226,-0.013609624572563917,0.0001,1255.94140625,998.58,,
160,655360,1441,454,0.100341796875,0.8295629024505615,46.93790054321289,15.951043081283569,0.012920747,120.81846504211425,0.2,795,0.11333676427602768,-0.014225207036361098,0.0001,1255.94140625,998.58,,
161,659456,1438,458,0.081005859375,0.8277837038040161,57.69366455078125,15.948009657859803,0.013783053,130.3472473144531,0.2,800,0.11333364248275757,-0.011346295406110585,0.0001,1308.53564453125,998.58,,
162,663552,1440,460,0.11103515625,0.7144889831542969,45.23456573486328,15.949469614028931,0.012913649,118.0468111038208,0.2,805,0.11331869661808014,-0.01365233595133759,0.0001,1304.16259765625,998.58,,
163,667648,1443,462,0.10859375,0.6624594926834106,59.151493072509766,15.94794828891754,0.012554605,135.32346382141114,0.2,810,0.11332755535840988,-0.015345681359758601,0.0001,1304.16259765625,998.58,,
164,671744,1446,464,0.10771484375,0.7733138799667358,51.888397216796875,15.947259402275085,0.01333894,121.9843339920044,0.2,815,0.11332788318395615,-0.01389576938818209,0.0001,1304.16259765625,998.58,,
165,675840,1442,468,0.0927734375,0.7663886547088623,62.48945236206055,15.950666117668153,0.012200051,153.8740701675415,0.2,820,0.11332253366708755,-0.012761220929678529,0.0001,1348.124267578125,998.58,,
166,679936,1445,470,0.08505859375,0.7205019593238831,51.82106018066406,15.955987095832825,0.010403862,127.7553638458252,0.2,825,0.11324802041053772,-0.012286112451693042,0.0001,1348.124267578125,998.58,,
167,684032,1448,472,0.08671875,0.6861926317214966,64.36021423339844,15.964063096046448,0.010273133,147.50774898529053,0.2,830,0.11319716274738312,-0.011577279167249798,0.0001,1348.124267578125,998.58,,
168,688128,1445,476,0.08193359375,0.6711796522140503,63.07461166381836,15.962235593795777,0.011939673,155.00286083221437,0.2,835,0.1132020428776741,-0.012456702312920242,0.0001,1422.8787841796875,998.58,,
169,692224,1447,478,0.084375,0.8051772713661194,55.630340576171875,15.962153601646424,0.011694527,127.86864948272705,0.2,840,0.1132131889462471,-0.014086002882686443,0.0001,1423.4410400390625,998.58,,
170,696320,1450,480,0.062451171875,0.8381711840629578,35.162353515625,15.964126777648925,0.011152275,91.26667499542236,0.2,845,0.11318475008010864,-0.011153647006722167,0.0001,1423.4410400390625,998.58,,
171,700416,1452,482,0.10556640625,0.8543230295181274,26.508445739746094,15.975684642791748,0.01181507,64.40294227600097,0.2,850,0.1130065768957138,-0.011742548362235539,0.0001,1423.4410400390625,998.58,,
172,704512,1450,485,0.138525390625,0.8123235702514648,35.94624328613281,15.998827362060547,0.014380345,87.36006450653076,0.2,855,0.11293554306030273,-0.01540929761249572,0.0001,1474.27197265625,998.58,,
173,708608,1451,488,0.1396484375,0.8122972846031189,36.02851104736328,16.0059072971344,0.013764283,87.3210023880005,0.2,860,0.11285658925771713,-0.016208609763998537,0.0001,1456.6055908203125,998.58,,
174,712704,1454,490,0.073291015625,0.6265918016433716,70.63567352294922,16.0143780708313,0.00834863,194.94988670349122,0.2,865,0.11283550411462784,-0.009980864031240344,0.0001,1456.6055908203125,998.58,,
175,716800,1456,491,0.034130859375,0.6987853050231934,54.04994201660156,16.015429878234862,0.00808795,128.12005386352538,0.2,870,0.11283973604440689,-0.007801312342053279,0.0001,1456.6055908203125,998.58,,
176,720896,1454,495,0.066259765625,0.7223414182662964,62.78477096557617,16.020131969451903,0.010595797,163.80518436431885,0.2,875,0.11282195895910263,-0.012051827114191838,0.0001,1480.1513671875,1000.0,,
177,724992,1456,497,0.10166015625,0.8463888168334961,51.39492416381836,16.025369930267335,0.013198914,111.03472518920898,0.2,880,0.11282370984554291,-0.013873167114797979,0.0001,1480.3499755859375,1000.0,,
178,729088,1458,499,0.1005859375,0.8324430584907532,35.607139587402344,16.02844367027283,0.011259595,89.27244358062744,0.2,885,0.11280988156795502,-0.013391191384289413,0.0001,1480.3499755859375,1000.0,,
179,733184,1460,501,0.06611328125,0.8474790453910828,38.046417236328125,16.035315179824828,0.01149383,93.78953685760499,0.2,890,0.11278636753559113,-0.008514220855431631,0.0001,1480.3499755859375,1000.0,,
180,737280,1457,505,0.10283203125,0.86954265832901,29.891870498657227,16.037985372543336,0.012904624,87.41662197113037,0.2,895,0.11283832043409348,-0.013570622238330544,0.0001,1480.857666015625,1000.0,,
181,741376,1459,507,0.128125,0.8584807515144348,44.983619689941406,16.039403247833253,0.014211418,101.93402614593506,0.2,900,0.11279051005840302,-0.01649203335400671,0.0001,1470.15673828125,1000.0,,
182,745472,1461,509,0.084765625,0.6173154711723328,67.9274673461914,16.050212717056276,0.009911921,155.46294937133788,0.2,905,0.1127237007021904,-0.012271034286823124,0.0001,1470.15673828125,1000.0,,
183,749568,1464,511,0.070751953125,0.46916449069976807,76.98290252685547,16.057427406311035,0.010474235,174.45295295715331,0.2,910,0.11271356046199799,-0.010355684056412429,0.0001,1470.15673828125,1000.0,,
184,753664,1400,537,0.084326171875,0.4967840313911438,63.99599075317383,16.060161304473876,0.010013692,158.26546478271484,0.2,915,0.11268485337495804,-0.01226170306908898,0.0001,1445.4532470703125,1000.0,2.436643694336219,250000
185,757760,1402,540,0.10947265625,0.692020058631897,59.32300567626953,16.0640079498291,0.013171399,137.33708114624022,0.2,920,0.11267688125371933,-0.013856887310976163,0.0001,1437.4693603515625,1000.0,,
186,761856,1404,542,0.076123046875,0.6936253905296326,85.07496643066406,16.067272424697876,0.010377486,202.09977493286132,0.2,925,0.11268190294504166,-0.011267161107389257,0.0001,1437.4693603515625,1000.0,,
187,765952,1407,544,0.061328125,0.7738414406776428,79.94646453857422,16.06880602836609,0.009413755,191.17321090698243,0.2,930,0.1126725897192955,-0.011406717210775241,0.0001,1437.4693603515625,1000.0,,
188,770048,1404,548,0.07919921875,0.8180076479911804,80.83367919921875,16.06892533302307,0.011158214,185.67949829101562,0.2,935,0.11268927156925201,-0.012706511630676686,0.0001,1445.87890625,1000.0,,
189,774144,1407,550,0.1271484375,0.8513119220733643,73.20818328857422,16.067491579055787,0.014616238,143.43689060211182,0.2,940,0.11269748955965042,-0.015455291862599552,0.0001,1436.84912109375,1000.0,,
190,778240,1409,552,0.079541015625,0.8388041853904724,49.18025588989258,16.066786575317384,0.0111038275,125.73166675567627,0.2,945,0.11269376426935196,-0.010674724343698472,0.0001,1436.84912109375,1000.0,,
191,782336,1412,554,0.105322265625,0.8350903987884521,52.354881286621094,16.06739797592163,0.012876464,126.37315120697022,0.2,950,0.11269736289978027,-0.012545285397209227,0.0001,1436.84912109375,1000.0,,
192,786432,1409,557,0.0974609375,0.8368871212005615,63.969539642333984,16.070802164077758,0.012499815,133.2041910171509,0.2,955,0.11264118552207947,-0.0119511935103219,0.0001,1462.7125244140625,1000.0,,
193,790528,1411,560,0.109375,0.8928741812705994,39.450645446777344,16.08170614242554,0.012316316,85.175616645813,0.2,960,0.11259838193655014,-0.013111571862827987,0.0001,1456.329833984375,1000.0,,
194,794624,1413,562,0.102685546875,0.896629810333252,32.067138671875,16.09025082588196,0.012392363,80.45468378067017,0.2,965,0.11250235885381699,-0.013018168826238252,0.0001,1456.329833984375,1000.0,,
195,798720,1415,564,0.104052734375,0.9121831655502319,26.4024715423584,16.104382228851318,0.012268709,66.54179573059082,0.2,970,0.11242891848087311,-0.013200498727383093,0.0001,1456.329833984375,1000.0,,
196,802816,1408,569,0.09619140625,0.9119558334350586,31.164569854736328,16.114422273635864,0.0120728165,71.26102218627929,0.2,975,0.11234567314386368,-0.01092165262089111,0.0001,1451.967041015625,1000.0,,
197,806912,1410,572,0.092041015625,0.9152317047119141,41.066184997558594,16.122848892211913,0.011268932,107.95702495574952,0.2,980,0.11229991912841797,-0.012741175724659114,0.0001,1442.0606689453125,1000.0,,
198,811008,1412,574,0.061767578125,0.8739806413650513,73.86151123046875,16.126744747161865,0.010106266,189.3003707885742,0.2,985,0.11230043321847916,-0.011711024935357273,0.0001,1442.0606689453125,1000.0,,
199,815104,1415,576,0.041748046875,0.8658794164657593,85.87498474121094,16.128865909576415,0.008432683,211.84884643554688,0.2,990,0.1122966930270195,-0.00915212152467575,0.0001,1442.0606689453125,1000.0,,
200,819200,1412,579,0.0654296875,0.8977934122085571,78.04351806640625,16.131095695495606,0.009675137,192.24980354309082,0.2,995,0.11230379343032837,-0.011430048500187695,0.0001,1426.9957275390625,1000.0,,
201,823296,1414,581,0.065234375,0.90309739112854,98.69656372070312,16.131573247909547,0.010797616,217.87885246276855,0.2,1000,0.11229592561721802,-0.011756968300323934,0.0001,1400.628173828125,1000.0,,
202,827392,1417,583,0.06953125,0.915428876876831,73.00753021240234,16.131970834732055,0.009154654,178.3705909729004,0.2,1005,0.11228685826063156,-0.011530236678663642,0.0001,1400.628173828125,1000.0,,
203,831488,1419,585,0.05869140625,0.8923711776733398,90.65371704101562,16.13399796485901,0.009998634,210.27468757629396,0.2,1010,0.11225542426109314,-0.009863795281853526,0.0001,1400.628173828125,1000.0,,
204,835584,1415,590,0.0734375,0.8964680433273315,90.16382598876953,16.13882532119751,0.01130075,215.29892807006837,0.2,1015,0.11222879588603973,-0.01337469598511234,0.0001,1397.29296875,1000.0,,
205,839680,1417,592,0.052734375,0.8571342825889587,49.69698715209961,16.142078351974487,0.009805063,115.11782283782959,0.2,1020,0.11221878230571747,-0.010085383267141878,0.0001,1389.52392578125,1000.0,,
206,843776,1418,594,0.09111328125,0.8010082244873047,51.59368133544922,16.14494981765747,0.011670157,127.28722953796387,0.2,1025,0.11219386011362076,-0.013210978242568672,0.0001,1389.52392578125,1000.0,,
207,847872,1420,596,0.0953125,0.8190940618515015,50.211570739746094,16.150386571884155,0.012785277,128.28289012908937,0.2,1030,0.11217186599969864,-0.01292041470296681,0.0001,1385.5430908203125,1000.0,,
208,851968,1415,601,0.12626953125,0.8360165357589722,55.268714904785156,16.157829093933106,0.013109395,125.83691921234131,0.2,1035,0.1121208518743515,-0.013846899929922074,0.0001,1428.935791015625,1000.0,,
209,856064,1416,604,0.0998046875,0.6029971241950989,51.088016510009766,16.168905782699586,0.011669988,120.77763500213624,0.2,1040,0.11206412315368652,-0.013055105530656873,0.0001,1428.935791015625,1000.0,,
210,860160,1416,607,0.114599609375,0.5541276335716248,51.37688446044922,16.178180170059203,0.013692513,121.26218013763427,0.2,1045,0.11204103380441666,-0.01465487607056275,0.0001,1428.935791015625,1000.0,,
211,864256,1411,612,0.127294921875,0.6288027167320251,50.34328842163086,16.18415594100952,0.013120975,108.34200515747071,0.2,1050,0.11201661825180054,-0.014120942144654692,0.0001,1441.91259765625,1000.0,,
212,868352,1410,615,0.153759765625,0.729280948638916,49.116844177246094,16.192629051208495,0.015039873,108.114817237854,0.2,1055,0.11195153743028641,-0.01711599320988171,0.0001,1437.4564208984375,1000.0,,
213,872448,1410,618,0.126708984375,0.6515063047409058,61.57483673095703,16.20461745262146,0.013268499,148.93446254730225,0.2,1060,0.11192745715379715,-0.014120753356837667,0.0001,1437.4564208984375,1000.0,,
214,876544,1409,621,0.13935546875,0.5724338293075562,61.81462478637695,16.209772920608522,0.0142365685,145.5222053527832,0.2,1065,0.11190389096736908,-0.01598937107482925,0.0001,1437.4564208984375,1000.0,,
215,880640,1403,627,0.1498046875,0.4786335825920105,73.2461929321289,16.209668588638305,0.015256243,166.52667999267578,0.2,1070,0.11202430725097656,-0.0178045071545057,0.0001,1443.2734375,1000.0,,
216,884736,1400,631,0.159228515625,0.6319172382354736,52.89814376831055,16.204321956634523,0.01679261,133.34228572845458,0.2,1075,0.11203663051128387,-0.014829162159003317,0.0001,1444.212646484375,1000.0,,
217,888832,1399,634,0.089697265625,0.7804349064826965,57.51156234741211,16.20952467918396,0.01058841,135.71133861541747,0.2,1080,0.11203450709581375,-0.011133524379692972,0.0001,1444.212646484375,1000.0,,
218,892928,1399,637,0.078759765625,0.7829137444496155,63.588470458984375,16.2110023021698,0.010385148,156.764089012146,0.2,1085,0.11203277856111526,-0.01367001977050677,0.0001,1444.212646484375,1000.0,,
219,897024,1396,642,0.089599609375,0.8082178831100464,56.177120208740234,16.216361236572265,0.010523278,128.79034214019777,0.2,1090,0.11198735237121582,-0.012959662801586091,0.0001,1447.94970703125,1000.0,,
220,901120,1398,644,0.147412109375,0.8370241522789001,46.22520446777344,16.22559118270874,0.012878022,106.96666526794434,0.2,1095,0.11199507117271423,-0.016864823939977215,0.0001,1438.180419921875,1000.0,,
221,905216,1400,646,0.033740234375,0.49427908658981323,70.07670593261719,16.230277347564698,0.007424739,183.05713844299316,0.2,1100,0.11198927462100983,-0.007565002073533833,0.0001,1438.180419921875,1000.0,,
222,909312,1402,648,0.04453125,0.47165894508361816,81.44901275634766,16.235037422180177,0.009616142,200.98347930908204,0.2,1105,0.11195575445890427,-0.009005719466949813,0.0001,1438.180419921875,1000.0,,
223,913408,1399,652,0.08076171875,0.5125676393508911,76.5111083984375,16.24178547859192,0.009573856,171.4219295501709,0.2,1110,0.1119147464632988,-0.010980991250835358,0.0001,1462.38232421875,1000.0,,
224,917504,1401,654,0.1048828125,0.5943074226379395,61.0648307800293,16.246291303634642,0.01114582,139.83372230529784,0.2,1115,0.1119256243109703,-0.012422475754283369,0.0001,1448.86376953125,1000.0,,
225,921600,1402,657,0.0734375,0.6478644013404846,47.44269561767578,16.248194932937622,0.009993877,107.58982162475586,0.2,1120,0.1118350625038147,-0.00996454461128451,0.0001,1448.86376953125,1000.0,,
226,925696,1403,659,0.11259765625,0.5470777153968811,54.6230583190918,16.25704607963562,0.013738728,127.38279247283936,0.2,1125,0.11183421313762665,-0.013391479349229485,0.0001,1448.86376953125,1000.0,,
227,929792,1401,663,0.132470703125,0.6240108013153076,45.10826110839844,16.25468316078186,0.013913354,108.04289798736572,0.2,1130,0.11185319721698761,-0.012848623341415077,0.0001,1464.536376953125,1000.0,,
228,933888,1403,665,0.145947265625,0.6236681342124939,44.910823822021484,16.256134271621704,0.014581641,103.55703182220459,0.2,1135,0.1118321567773819,-0.015708421019371598,0.0001,1456.21826171875,1000.0,,
229,937984,1404,667,0.103173828125,0.3528834581375122,70.07046508789062,16.25786461830139,0.011271315,164.9330078125,0.2,1140,0.11184217780828476,-0.013643444224726409,0.0001,1456.21826171875,1000.0,,
230,942080,1406,669,0.11865234375,0.4512564539909363,71.400390625,16.256549739837645,0.014960449,161.79744300842285,0.2,1145,0.11182870715856552,-0.014356382354162634,0.0001,1456.21826171875,1000.0,,
231,946176,1404,673,0.112060546875,0.5997946262359619,66.65496063232422,16.25983510017395,0.011823971,150.68387908935546,0.2,1150,0.11182300746440887,-0.013439314346760512,0.0001,1487.7125244140625,1000.0,,
232,950272,1405,675,0.141455078125,0.6957480311393738,53.25094223022461,16.261179447174072,0.014406281,117.5391164779663,0.2,1155,0.11179294437170029,-0.016750443491037003,0.0001,1468.385986328125,1000.0,,
233,954368,1407,677,0.10771484375,0.7685307264328003,40.89760971069336,16.271160650253297,0.01168132,98.53618812561035,0.2,1160,0.11174366623163223,-0.014040696632582695,0.0001,1468.385986328125,1000.0,,
234,958464,1409,679,0.103173828125,0.8010738492012024,34.980812072753906,16.281150150299073,0.012491185,87.64509296417236,0.2,1165,0.11171388626098633,-0.014709333283826708,0.0001,1468.385986328125,1000.0,,
235,962560,1407,683,0.146484375,0.8265886306762695,44.533531188964844,16.287092876434325,0.0139606325,90.40515747070313,0.2,1170,0.11169704794883728,-0.016951305721886457,0.0001,1490.4437255859375,1000.0,,
236,966656,1408,686,0.122509765625,0.8733373880386353,27.416906356811523,16.28678870201111,0.014828097,66.70331687927246,0.2,1175,0.1116805300116539,-0.013981202006107196,0.0001,1484.255126953125,1000.0,,
237,970752,1410,688,0.091357421875,0.8426620364189148,38.23324203491211,16.28939266204834,0.010840854,88.91639442443848,0.2,1180,0.11163194477558136,-0.01195759034017101,0.0001,1484.255126953125,1000.0,,
238,974848,1412,690,0.070263671875,0.838726282119751,51.737457275390625,16.29525260925293,0.009945836,121.60352954864501,0.2,1185,0.11159728467464447,-0.010936339187901467,0.0001,1484.255126953125,1000.0,,
239,978944,1410,694,0.114306640625,0.868146538734436,49.009254455566406,16.300047636032104,0.012358779,114.12446365356445,0.2,1190,0.11157914251089096,-0.014204327971674502,0.0001,1504.3714599609375,1000.0,,
240,983040,1411,696,0.103857421875,0.8512462377548218,49.24258041381836,16.30632963180542,0.010942562,112.75002880096436,0.2,1195,0.1115332543849945,-0.013217310351319612,0.0001,1500.348876953125,1000.0,,
241,987136,1413,698,0.114501953125,0.8688272833824158,43.117088317871094,16.317169284820558,0.012385863,103.9868574142456,0.2,1200,0.11150083690881729,-0.01475890249130316,0.0001,1500.348876953125,1000.0,,
