time/iterations,time/fps,time/time_elapsed,time/total_timesteps,train/policy_gradient_loss,train/std,train/entropy_loss,train/value_loss,train/explained_variance,train/clip_fraction,train/loss,train/approx_kl,train/clip_range,train/n_updates,train/learning_rate,rollout/ep_len_mean,rollout/ep_rew_mean
1,483,4,2048,,,,,,,,,,,,,
2,561,7,4096,-0.04934786062221974,0.022539502009749413,8.62306318283081,76.82100105285645,0.9179148077964783,0.6060546875,32.18196487426758,0.10395934,0.2,5,0.0003,,
3,588,10,6144,-0.02766046952456236,0.022539416328072548,8.628976631164551,79.24613246917724,0.9270535707473755,0.4984375,32.73256301879883,0.11827493,0.2,10,0.0003,,
4,554,14,8192,-0.036794995539821684,0.022539343684911728,8.704046869277954,90.24386482238769,0.9078677892684937,0.54775390625,38.9187126159668,0.0814845,0.2,15,0.0003,1000.0,2051.54296875
5,574,17,10240,-0.04595795253990218,0.022538622841238976,8.693463993072509,71.54515838623047,0.9162170886993408,0.56123046875,30.915607452392578,0.13248883,0.2,20,0.0003,1000.0,2051.54296875
6,566,21,12288,-0.03286621740553528,0.022536413744091988,8.740830945968629,50.6094367980957,0.9432585835456848,0.5078125,20.477779388427734,0.093622416,0.2,25,0.0003,1000.0,2051.54296875
7,573,25,14336,-0.021263360837474467,0.022534606978297234,8.825351428985595,45.29557094573975,0.9459080696105957,0.56416015625,17.975454330444336,0.08856813,0.2,30,0.0003,1000.0,2051.54296875
8,560,29,16384,-0.03334748120978474,0.022533273324370384,8.754333209991454,54.01513624191284,0.9555495381355286,0.48505859375,16.194292068481445,0.06073165,0.2,35,0.0003,1000.0,2219.665771484375
9,566,32,18432,-0.042516378383152184,0.02253054641187191,8.839481830596924,42.56584453582764,0.9376145601272583,0.5158203125,19.379589080810547,0.11900279,0.2,40,0.0003,1000.0,2219.665771484375
10,573,35,20480,-0.040214230143465104,0.0225294791162014,8.888734579086304,46.798321914672854,0.9289699196815491,0.62744140625,22.12065887451172,0.09089235,0.2,45,0.0003,1000.0,2219.665771484375
11,574,39,22528,-0.03627815309446305,0.022530045360326767,8.803423309326172,39.56835460662842,0.9268038868904114,0.60400390625,18.192975997924805,0.14832857,0.2,50,0.0003,1000.0,2219.665771484375
12,559,43,24576,-0.04922867432469502,0.022522620856761932,8.94343090057373,41.246104049682614,0.925222635269165,0.57666015625,20.38943862915039,0.10797866,0.2,55,0.0003,1000.0,2227.31494140625
13,566,46,26624,-0.028751637693494557,0.02251703478395939,8.975181055068969,59.16602249145508,0.898289680480957,0.63349609375,26.74378776550293,0.104767166,0.2,60,0.0003,1000.0,2227.31494140625
14,569,50,28672,-0.04278076060581952,0.022514138370752335,8.868011474609375,84.04278297424317,0.8552489280700684,0.522265625,37.89332962036133,0.11423882,0.2,65,0.0003,1000.0,2227.31494140625
15,571,53,30720,-0.04664358017034829,0.022514479234814644,8.923764610290528,92.88515892028809,0.8609592914581299,0.46328125,39.922454833984375,0.07027829,0.2,70,0.0003,1000.0,2227.31494140625
16,564,58,32768,-0.040200566360726955,0.02251346968114376,8.942480278015136,88.11244926452636,0.878197193145752,0.43564453125,43.31489181518555,0.08134921,0.2,75,0.0003,1000.0,2146.595458984375
17,562,61,34816,-0.05414031692780554,0.022509265691041946,8.850805711746215,70.0555757522583,0.9095562696456909,0.56220703125,35.72575759887695,0.101131245,0.2,80,0.0003,1000.0,2146.595458984375
18,561,65,36864,-0.051553307194262744,0.02250521257519722,9.014697265625,25.53489456176758,0.965321958065033,0.5177734375,11.307474136352539,0.09633706,0.2,85,0.0003,1000.0,2146.595458984375
19,561,69,38912,-0.03463571997708641,0.022500326856970787,8.993033075332642,45.69453468322754,0.9426186084747314,0.54404296875,20.623310089111328,0.09833358,0.2,90,0.0003,1000.0,2146.595458984375
20,555,73,40960,-0.05211981162428856,0.02249661460518837,8.93807144165039,31.261422634124756,0.95599764585495,0.53896484375,13.995735168457031,0.0824252,0.2,95,0.0003,1000.0,2164.670654296875
21,561,76,43008,-0.04165517082437873,0.022493036463856697,9.086281156539917,53.89668197631836,0.920497715473175,0.51640625,26.05084228515625,0.068725005,0.2,100,0.0003,1000.0,2164.670654296875
22,566,79,45056,-0.055756563879549505,0.022491324692964554,9.094243812561036,66.75769290924072,0.8631877303123474,0.565625,33.212554931640625,0.09097922,0.2,105,0.0003,1000.0,2164.670654296875
23,571,82,47104,-0.04654879905283451,0.02249237522482872,8.99952416419983,58.63664608001709,0.8827871680259705,0.55478515625,27.033246994018555,0.095826514,0.2,110,0.0003,1000.0,2164.670654296875
24,568,86,49152,-0.036788915866054595,0.022494487464427948,9.080329751968383,72.23292198181153,0.8532758951187134,0.47685546875,37.347564697265625,0.08400957,0.2,115,0.0003,1000.0,2165.324951171875
25,573,89,51200,-0.06085201213136315,0.022492963820695877,9.013270139694214,55.475097465515134,0.9043312072753906,0.59423828125,24.49184799194336,0.11070597,0.2,120,0.0003,1000.0,2165.324951171875
26,577,92,53248,-0.04416225804015994,0.022491469979286194,8.969969129562378,56.94456462860107,0.9117637872695923,0.542578125,25.609779357910156,0.10463679,0.2,125,0.0003,1000.0,2165.324951171875
27,581,95,55296,-0.047774247778579595,0.022489797323942184,9.022229051589965,80.28359794616699,0.8523044586181641,0.4927734375,36.812923431396484,0.09765112,0.2,130,0.0003,1000.0,2165.324951171875
28,578,99,57344,-0.052939218538813296,0.02248617447912693,9.00323657989502,56.32684555053711,0.8917290568351746,0.56875,27.084989547729492,0.11289194,0.2,135,0.0003,1000.0,2133.74365234375
29,582,101,59392,-0.0382522692438215,0.022484086453914642,8.98902530670166,57.54275054931641,0.8650965094566345,0.52294921875,27.934038162231445,0.10156788,0.2,140,0.0003,1000.0,2133.74365234375
30,584,105,61440,-0.04841304654255509,0.022481849417090416,8.96631941795349,64.73708801269531,0.830298900604248,0.5650390625,29.391189575195312,0.11138938,0.2,145,0.0003,1000.0,2133.74365234375
31,586,108,63488,-0.04627625299617648,0.022477226331830025,9.00521969795227,50.93574142456055,0.8872222304344177,0.48330078125,22.441829681396484,0.04730215,0.2,150,0.0003,1000.0,2133.74365234375
32,581,112,65536,-0.03498815773054957,0.022476056590676308,9.033418083190918,60.94989700317383,0.9009445309638977,0.5353515625,28.518062591552734,0.19348595,0.2,155,0.0003,1000.0,2093.51171875
33,585,115,67584,-0.05511891893111169,0.022473663091659546,9.026187086105347,43.48547439575195,0.961941123008728,0.49384765625,20.43042755126953,0.0672925,0.2,160,0.0003,1000.0,2093.51171875
34,588,118,69632,-0.04780159208457917,0.022467665374279022,9.074011135101319,33.69852933883667,0.9744247198104858,0.463671875,15.490470886230469,0.057289053,0.2,165,0.0003,1000.0,2093.51171875
35,591,121,71680,-0.04946452938020229,0.022467248141765594,9.135826778411865,34.58295392990112,0.9730124473571777,0.619140625,16.239032745361328,0.108148254,0.2,170,0.0003,1000.0,2093.51171875
36,589,125,73728,-0.041889452002942563,0.02246539108455181,9.094197082519532,32.82463150024414,0.9782984256744385,0.588671875,14.683627128601074,0.12644951,0.2,175,0.0003,1000.0,2103.22216796875
37,592,127,75776,-0.05340688563883304,0.022461028769612312,9.226460838317871,40.351329231262206,0.9136380553245544,0.50810546875,18.294551849365234,0.08445482,0.2,180,0.0003,1000.0,2103.22216796875
38,595,130,77824,-0.04401235294062644,0.022458143532276154,9.235933971405029,29.367156314849854,0.8640437722206116,0.58154296875,13.65700912475586,0.09003429,0.2,185,0.0003,1000.0,2103.22216796875
39,597,133,79872,-0.05344340349547565,0.022453168407082558,9.22215485572815,29.884748935699463,0.8648325204849243,0.62705078125,12.96931266784668,0.16078582,0.2,190,0.0003,1000.0,2103.22216796875
40,595,137,81920,-0.05092537850141525,0.022448666393756866,9.272387266159058,31.847481727600098,0.8367713689804077,0.5822265625,14.527770042419434,0.09810087,0.2,195,0.0003,1000.0,2129.593505859375
41,596,140,83968,-0.03325039129704237,0.022446487098932266,9.154344272613525,61.047570610046385,0.9344683885574341,0.49404296875,30.00942611694336,0.078379855,0.2,200,0.0003,1000.0,2129.593505859375
42,598,143,86016,-0.060368596017360686,0.022438542917370796,9.054988193511964,46.50101890563965,0.9374451041221619,0.56064453125,21.158071517944336,0.11576737,0.2,205,0.0003,1000.0,2129.593505859375
43,592,148,88064,-0.05745503515936434,0.02243451029062271,9.141141319274903,31.53180799484253,0.9592680335044861,0.67158203125,14.48119831085205,0.18238588,0.2,210,0.0003,1000.0,2113.03173828125
44,592,152,90112,-0.04567461537662894,0.022432133555412292,9.142629432678223,37.15890331268311,0.9578492641448975,0.490625,16.70058250427246,0.10023357,0.2,215,0.0003,1000.0,2113.03173828125
45,593,155,92160,-0.04552879687398672,0.022431764751672745,9.107590484619141,45.21167964935303,0.9344406127929688,0.46279296875,22.263303756713867,0.08448964,0.2,220,0.0003,1000.0,2113.03173828125
46,594,158,94208,-0.05253654727712274,0.022432498633861542,9.163206434249878,30.31987066268921,0.9559454917907715,0.47685546875,12.90566349029541,0.09344517,0.2,225,0.0003,1000.0,2113.03173828125
47,590,162,96256,-0.0509439098648727,0.022430595010519028,9.16789984703064,46.55658359527588,0.9411309957504272,0.52734375,21.710996627807617,0.11325853,0.2,230,0.0003,1000.0,2101.404541015625
48,591,166,98304,-0.054892204143106936,0.02242550067603588,9.0933828830719,41.264261627197264,0.951395571231842,0.6001953125,17.812255859375,0.13338949,0.2,235,0.0003,1000.0,2101.404541015625
49,591,169,100352,-0.0641172886826098,0.02242293767631054,9.098668527603149,46.530361557006835,0.9382350444793701,0.569140625,19.32564353942871,0.110133134,0.2,240,0.0003,1000.0,2101.404541015625
50,590,173,102400,-0.05397838819772005,0.022418634966015816,9.090435934066772,48.30541648864746,0.9259941577911377,0.526171875,22.092496871948242,0.09250429,0.2,245,0.0003,1000.0,2101.404541015625
51,587,177,104448,-0.0649417036678642,0.02241331897675991,9.086507606506348,40.42202491760254,0.9192055463790894,0.5615234375,18.082080841064453,0.119266465,0.2,250,0.0003,1000.0,2076.736083984375
52,589,180,106496,-0.053078607004135844,0.02240906096994877,9.086450576782227,86.65946769714355,0.8413361310958862,0.469921875,34.143341064453125,0.069501616,0.2,255,0.0003,1000.0,2076.736083984375
53,591,183,108544,-0.039140909572597596,0.02240746282041073,9.082825946807862,161.55463981628418,0.8424341678619385,0.40341796875,63.43680953979492,0.07503797,0.2,260,0.0003,1000.0,2076.736083984375
54,592,186,110592,-0.04541814141557552,0.022406699135899544,9.056301403045655,155.55096893310548,0.8722591996192932,0.2814453125,67.03950500488281,0.051419005,0.2,265,0.0003,1000.0,2076.736083984375
55,590,190,112640,-0.06375280811917036,0.022405965253710747,9.03248314857483,130.51194915771484,0.8874559998512268,0.42705078125,62.425743103027344,0.088398516,0.2,270,0.0003,1000.0,2013.2271728515625
56,592,193,114688,-0.053242770652286706,0.022404389455914497,9.026334476470947,103.16553649902343,0.9125689268112183,0.44248046875,47.88349151611328,0.10902013,0.2,275,0.0003,1000.0,2013.2271728515625
57,593,196,116736,-0.05585976177826524,0.022402074187994003,9.078791427612305,53.909650039672854,0.933159589767456,0.4458984375,24.63833999633789,0.09441091,0.2,280,0.0003,1000.0,2013.2271728515625
58,595,199,118784,-0.05767898857593536,0.022398056462407112,8.976421594619751,44.38499374389649,0.9455683827400208,0.57265625,20.10914421081543,0.1642147,0.2,285,0.0003,1000.0,2013.2271728515625
59,593,203,120832,-0.04066904275678098,0.02239301986992359,9.02845573425293,40.23358516693115,0.9540677070617676,0.4369140625,18.11532211303711,0.06560643,0.2,290,0.0003,1000.0,1978.463623046875
60,595,206,122880,-0.04770666542463005,0.022389087826013565,8.995208692550658,52.28568058013916,0.936220645904541,0.5158203125,23.381763458251953,0.084294476,0.2,295,0.0003,1000.0,1978.463623046875
61,596,209,124928,-0.055551797966472805,0.022387079894542694,8.943443059921265,54.620786094665526,0.9325506687164307,0.50927734375,22.827192306518555,0.0839691,0.2,300,0.0003,1000.0,1978.463623046875
62,596,212,126976,-0.05051235069986433,0.022386424243450165,8.953635501861573,48.08755645751953,0.941577672958374,0.5439453125,22.55255889892578,0.08714137,0.2,305,0.0003,1000.0,1978.463623046875
63,592,217,129024,-0.05420920802280307,0.02238616533577442,8.896288585662841,61.323809432983396,0.9266369938850403,0.491796875,30.74616241455078,0.077132285,0.2,310,0.0003,1000.0,1946.416259765625
64,592,221,131072,-0.06058940538205206,0.022386157885193825,8.904086494445801,50.51640720367432,0.944544792175293,0.5751953125,23.257884979248047,0.16228338,0.2,315,0.0003,1000.0,1946.416259765625
65,592,224,133120,-0.06338100470602512,0.022387772798538208,9.009455490112305,53.71342239379883,0.9013487696647644,0.52763671875,21.67165756225586,0.090972446,0.2,320,0.0003,1000.0,1946.416259765625
66,592,228,135168,-0.06352119157090783,0.02238849736750126,9.042577362060547,59.42364349365234,0.8921146392822266,0.6404296875,27.055850982666016,0.17444459,0.2,325,0.0003,1000.0,1946.416259765625
67,590,232,137216,-0.05619409396313131,0.022382045164704323,8.925652933120727,45.60200881958008,0.8953888416290283,0.6599609375,20.45439910888672,0.153493,0.2,330,0.0003,1000.0,1920.2481689453125
68,589,236,139264,-0.04591379170306027,0.022380756214261055,9.001020288467407,50.30187435150147,0.9122186899185181,0.55419921875,23.358400344848633,0.08098175,0.2,335,0.0003,1000.0,1920.2481689453125
69,585,241,141312,-0.061916072468739,0.022379331290721893,8.871226453781128,35.123758220672606,0.8960517644882202,0.60751953125,15.34903621673584,0.13001953,0.2,340,0.0003,1000.0,1920.2481689453125
70,582,245,143360,-0.059056582301855086,0.022376075387001038,8.841485929489135,39.4525203704834,0.8417392373085022,0.6345703125,16.648418426513672,0.19622637,0.2,345,0.0003,1000.0,1920.2481689453125
71,578,251,145408,-0.05293437470681965,0.022376233711838722,8.905959415435792,50.25488910675049,0.6823641061782837,0.61142578125,20.55938720703125,0.11892755,0.2,350,0.0003,1000.0,1850.2188720703125
72,577,255,147456,-0.06347125750035047,0.02237875759601593,8.899496078491211,39.841239547729494,0.8169372081756592,0.6185546875,17.347888946533203,0.15024948,0.2,355,0.0003,1000.0,1850.2188720703125
73,575,259,149504,-0.05190064534544945,0.0223764069378376,8.903121423721313,50.057959175109865,0.7191299796104431,0.64560546875,22.612564086914062,0.14901157,0.2,360,0.0003,1000.0,1850.2188720703125
74,574,263,151552,-0.04488047487102449,0.02237512543797493,8.929888582229614,37.84812202453613,0.8003042340278625,0.544921875,17.05777931213379,0.119972095,0.2,365,0.0003,1000.0,1850.2188720703125
75,571,268,153600,-0.05018402924761176,0.022373421117663383,8.86028618812561,50.09291934967041,0.6033307909965515,0.590625,21.584909439086914,0.15589765,0.2,370,0.0003,1000.0,1820.9000244140625
76,571,272,155648,-0.045796039933338764,0.022369885817170143,8.81755084991455,43.25580348968506,0.7215630412101746,0.53125,20.395524978637695,0.12902772,0.2,375,0.0003,1000.0,1820.9000244140625
77,572,275,157696,-0.0268939767498523,0.02236833982169628,8.725896310806274,36.75842542648316,0.7820421457290649,0.58154296875,14.4293212890625,0.08355059,0.2,380,0.0003,1000.0,1820.9000244140625
78,572,279,159744,-0.058071048371493815,0.022367171943187714,8.713954830169678,32.32949342727661,0.727445125579834,0.6408203125,14.293904304504395,0.16751695,0.2,385,0.0003,1000.0,1820.9000244140625
79,570,283,161792,-0.05687176063656807,0.02236351929605007,8.71861457824707,25.97218017578125,0.7903013229370117,0.701953125,12.39656925201416,0.2503918,0.2,390,0.0003,1000.0,1772.0771484375
80,570,287,163840,-0.04207654425408691,0.0223611518740654,8.87762746810913,110.72815246582032,-0.0020350217819213867,0.6701171875,49.37775421142578,0.23008904,0.2,395,0.0003,1000.0,1772.0771484375
81,569,291,165888,-0.051813031639903785,0.022358788177371025,8.875169801712037,111.12706489562989,-0.18333256244659424,0.6669921875,53.24803924560547,0.23205718,0.2,400,0.0003,1000.0,1772.0771484375
82,568,295,167936,-0.048287019971758126,0.022363580763339996,8.857595109939576,94.44412994384766,-0.025719165802001953,0.6373046875,46.48356246948242,0.23440212,0.2,405,0.0003,1000.0,1772.0771484375
83,563,301,169984,-0.04976078057661652,0.022360000759363174,8.919559288024903,75.70121154785156,-0.006731748580932617,0.72900390625,34.11811828613281,0.40535873,0.2,410,0.0003,1000.0,1755.250732421875
84,561,306,172032,-0.030370168387889862,0.022356700152158737,8.782090997695922,63.271700096130374,0.5661377906799316,0.7041015625,29.25569725036621,0.2314932,0.2,415,0.0003,1000.0,1755.250732421875
85,560,310,174080,-0.06383668668568135,0.02235608547925949,8.681167268753052,50.941501426696775,0.7263417840003967,0.60654296875,22.49932098388672,0.1686769,0.2,420,0.0003,1000.0,1755.250732421875
86,558,315,176128,-0.05924710212275386,0.022353563457727432,8.67369523048401,48.24757137298584,0.8176040649414062,0.62529296875,19.723114013671875,0.16464394,0.2,425,0.0003,1000.0,1682.486083984375
87,560,318,178176,-0.063125235051848,0.022349556908011436,8.680485200881957,43.29584426879883,0.8408300876617432,0.53681640625,20.044626235961914,0.0984135,0.2,430,0.0003,1000.0,1682.486083984375
88,561,321,180224,-0.06010892288759351,0.022348318248987198,8.608165502548218,48.8213586807251,0.7863339781761169,0.53271484375,23.54763412475586,0.1552028,0.2,435,0.0003,1000.0,1682.486083984375
89,561,324,182272,-0.06182147949002683,0.02234675921499729,8.573712825775146,45.92397060394287,0.817753255367279,0.5533203125,20.198467254638672,0.1312033,0.2,440,0.0003,1000.0,1682.486083984375
90,560,328,184320,-0.061187436990439895,0.0223487988114357,8.590884065628051,37.57419223785401,0.8652366399765015,0.59208984375,18.72096824645996,0.124115184,0.2,445,0.0003,1000.0,1632.5693359375
91,561,332,186368,-0.052455623261630537,0.022352678701281548,8.604367923736572,45.13402614593506,0.8628743886947632,0.59111328125,22.549278259277344,0.23551315,0.2,450,0.0003,1000.0,1632.5693359375
92,561,335,188416,-0.06292253499850631,0.022349432110786438,8.493151235580445,59.02587203979492,0.6861482262611389,0.52578125,26.623703002929688,0.13413851,0.2,455,0.0003,1000.0,1632.5693359375
93,560,339,190464,-0.06206085197627544,0.022346103563904762,8.583828783035278,63.32446346282959,0.6861875057220459,0.50234375,29.637975692749023,0.10624659,0.2,460,0.0003,1000.0,1632.5693359375
94,560,343,192512,-0.0628548089414835,0.022345243021845818,8.500246572494508,48.06204605102539,0.7679719924926758,0.5505859375,22.943098068237305,0.09973475,0.2,465,0.0003,1000.0,1568.6011962890625
95,560,347,194560,-0.05784187137614936,0.022349363192915916,8.518772506713868,62.339437103271486,0.7024918794631958,0.50078125,30.389846801757812,0.11141319,0.2,470,0.0003,1000.0,1568.6011962890625
96,560,350,196608,-0.06109405225142837,0.022345444187521935,8.475696897506714,44.00836582183838,0.7841671109199524,0.61455078125,20.13416290283203,0.12855014,0.2,475,0.0003,1000.0,1568.6011962890625
97,560,354,198656,-0.061787141393870114,0.02234291285276413,8.523136186599732,43.31722087860108,0.7130578756332397,0.58974609375,20.80933380126953,0.19200976,0.2,480,0.0003,1000.0,1568.6011962890625
98,559,359,200704,-0.05846770633943379,0.02234036475419998,8.417837333679199,49.160129165649415,0.7331067323684692,0.62314453125,24.317270278930664,0.1517317,0.2,485,0.0003,1000.0,1532.0994873046875
99,559,362,202752,-0.06104725399054587,0.022337114438414574,8.514310503005982,82.16658248901368,0.5518486499786377,0.57021484375,33.02878952026367,0.17556748,0.2,490,0.0003,1000.0,1532.0994873046875
100,559,365,204800,-0.06638393010944128,0.022334175184369087,8.406513166427612,70.29111385345459,0.7248052954673767,0.55888671875,35.00978088378906,0.15871595,0.2,495,0.0003,1000.0,1532.0994873046875
101,559,369,206848,-0.06320729609578848,0.02233070693910122,8.47535285949707,63.77776908874512,0.7677762508392334,0.52705078125,29.480173110961914,0.13440017,0.2,500,0.0003,1000.0,1532.0994873046875
102,557,374,208896,-0.0689576248638332,0.022331377491354942,8.44772219657898,63.54809761047363,0.7464700937271118,0.6080078125,30.68099021911621,0.20526695,0.2,505,0.0003,1000.0,1508.8145751953125
103,557,378,210944,-0.05407457170076668,0.02232905849814415,8.279780435562134,119.54328117370605,0.6844919919967651,0.51552734375,50.01142501831055,0.101934806,0.2,510,0.0003,1000.0,1508.8145751953125
104,557,382,212992,-0.06125559061765671,0.022327959537506104,8.28777618408203,96.67064514160157,0.8067137598991394,0.508203125,39.83176803588867,0.10435767,0.2,515,0.0003,1000.0,1508.8145751953125
105,558,385,215040,-0.06683772867545486,0.022328602150082588,8.200398683547974,80.8835111618042,0.8443254232406616,0.5447265625,36.071937561035156,0.12136687,0.2,520,0.0003,1000.0,1508.8145751953125
106,555,390,217088,-0.07333376067690552,0.022329485043883324,8.125314903259277,88.49691619873047,0.8731066584587097,0.57333984375,34.351783752441406,0.12852809,0.2,525,0.0003,1000.0,1452.9136962890625
107,555,394,219136,-0.06329154692357405,0.022327756509184837,8.227184009552001,66.47401866912841,0.8784542679786682,0.583984375,33.87479782104492,0.107587084,0.2,530,0.0003,1000.0,1452.9136962890625
108,555,397,221184,-0.06252780575305224,0.022323595359921455,8.216798114776612,55.46871452331543,0.8716422319412231,0.53232421875,26.695743560791016,0.13691087,0.2,535,0.0003,1000.0,1452.9136962890625
109,555,401,223232,-0.054248836683109404,0.02232217602431774,8.172204971313477,31.77794141769409,0.9085618257522583,0.53955078125,14.454174995422363,0.099354364,0.2,540,0.0003,1000.0,1452.9136962890625
110,553,406,225280,-0.06145784691907465,0.02231903374195099,8.132159233093262,63.20508251190186,0.8691420555114746,0.54072265625,29.78995132446289,0.13020943,0.2,545,0.0003,1000.0,1451.436767578125
111,553,410,227328,-0.07833128699567168,0.022317171096801758,8.161186361312867,51.472574615478514,0.898565948009491,0.66201171875,23.802345275878906,0.20115903,0.2,550,0.0003,1000.0,1451.436767578125
