time/fps,time/total_timesteps,time/time_elapsed,time/iterations,train/clip_range,train/n_updates,train/policy_gradient_loss,train/entropy_loss,train/loss,train/approx_kl,train/std,train/value_loss,train/learning_rate,train/explained_variance,train/clip_fraction,rollout/ep_len_mean,rollout/ep_rew_mean
416,2048,4,1,,,,,,,,,,,,,
482,4096,8,2,0.2,5,-0.022310085175558925,-25.542437171936037,38.34226989746094,0.0076887384,1.0000885725021362,87.37756462097168,0.0003,0.001919865608215332,0.0333984375,,
512,6144,11,3,0.2,10,-0.012534766155295075,-25.5411470413208,38.607704162597656,0.004192487,0.9999418258666992,84.00797233581542,0.0003,-0.0051229000091552734,0.00888671875,,
488,8192,16,4,0.2,15,-0.012272077932721004,-25.536894416809083,34.511268615722656,0.003692741,0.9995591640472412,79.73387641906739,0.0003,-0.005757451057434082,0.0052734375,1000.0,506.0167541503906
505,10240,20,5,0.2,20,-0.010514252446591854,-25.530617332458498,29.132232666015625,0.0032381972,0.9993674755096436,73.06877632141114,0.0003,-0.008922934532165527,0.00517578125,1000.0,506.0167541503906
511,12288,24,6,0.2,25,-0.005689796758815646,-25.52801866531372,82.95884704589844,0.0016297237,0.9992561340332031,182.79857177734374,0.0003,-0.013789057731628418,9.765625e-05,1000.0,506.0167541503906
514,14336,27,7,0.2,30,-0.006477251858450472,-25.524822902679443,76.45490264892578,0.0010649383,0.9988976716995239,172.2233512878418,0.0003,-0.010564804077148438,0.0,1000.0,506.0167541503906
498,16384,32,8,0.2,35,-0.006232292647473514,-25.51843843460083,74.73468780517578,0.00094741985,0.9986602067947388,163.73156967163087,0.0003,-0.02918565273284912,9.765625e-05,1000.0,666.1680908203125
505,18432,36,9,0.2,40,-0.00582438656128943,-25.51545763015747,56.976905822753906,0.0010229653,0.9985377192497253,132.36884040832518,0.0003,-0.01851797103881836,9.765625e-05,1000.0,666.1680908203125
506,20480,40,10,0.2,45,-0.009732170659117401,-25.515597438812257,31.98238754272461,0.0020251535,0.9987726211547852,75.84071884155273,0.0003,-0.04273509979248047,0.001171875,1000.0,666.1680908203125
503,22528,44,11,0.2,50,-0.008425768720917404,-25.515602111816406,29.56597900390625,0.002019485,0.9982376098632812,71.7586591720581,0.0003,-0.029015779495239258,0.00068359375,1000.0,666.1680908203125
496,24576,49,12,0.2,55,-0.008771722391247749,-25.505832195281982,28.62250518798828,0.0023168148,0.9980888366699219,67.58848152160644,0.0003,-0.03629124164581299,0.00185546875,1000.0,629.6257934570312
499,26624,53,13,0.2,60,-0.009546250244602561,-25.505552673339842,29.65427589416504,0.0024895037,0.9979527592658997,65.50912723541259,0.0003,-0.03175318241119385,0.001171875,1000.0,629.6257934570312
503,28672,56,14,0.2,65,-0.005934652942232788,-25.500484943389893,49.073516845703125,0.0016589706,0.9975770115852356,99.56588668823242,0.0003,-0.02380061149597168,0.000390625,1000.0,629.6257934570312
506,30720,60,15,0.2,70,-0.009314154298044742,-25.49665813446045,45.70585632324219,0.001835852,0.9976938962936401,97.76185302734375,0.0003,-0.018536806106567383,0.00048828125,1000.0,629.6257934570312
501,32768,65,16,0.2,75,-0.008812183025293052,-25.501203060150146,45.57843017578125,0.0020461925,0.9979069828987122,93.84546852111816,0.0003,-0.015871047973632812,0.0009765625,1000.0,637.5574951171875
505,34816,68,17,0.2,80,-0.009266051440499723,-25.501365375518798,32.77854537963867,0.0024952223,0.9976221919059753,72.19767780303955,0.0003,-0.014122366905212402,0.00126953125,1000.0,637.5574951171875
508,36864,72,18,0.2,85,-0.00951364686479792,-25.49351587295532,25.14487648010254,0.002319674,0.9971873760223389,59.56381816864014,0.0003,-0.014494061470031738,0.001171875,1000.0,637.5574951171875
511,38912,76,19,0.2,90,-0.009900352079421281,-25.484997463226318,28.409914016723633,0.0027328958,0.9965832829475403,56.31609191894531,0.0003,-0.013720393180847168,0.0021484375,1000.0,637.5574951171875
503,40960,81,20,0.2,95,-0.01053499262779951,-25.47256727218628,25.235868453979492,0.003203609,0.9958298206329346,53.719380950927736,0.0003,-0.0074721574783325195,0.00400390625,1000.0,634.9158935546875
506,43008,84,21,0.2,100,-0.016643390408717096,-25.46108236312866,15.363837242126465,0.006436565,0.9954135417938232,35.065561580657956,0.0003,-0.009374499320983887,0.02080078125,1000.0,634.9158935546875
508,45056,88,22,0.2,105,-0.019341857824474572,-25.452803134918213,11.385271072387695,0.010126902,0.9947527647018433,23.04907989501953,0.0003,-0.013776540756225586,0.04521484375,1000.0,634.9158935546875
510,47104,92,23,0.2,110,-0.0190463044680655,-25.434112739562988,9.562199592590332,0.009420646,0.9933040142059326,21.438030433654784,0.0003,-0.011719942092895508,0.0412109375,1000.0,634.9158935546875
504,49152,97,24,0.2,115,-0.02018483660649508,-25.40646266937256,9.738956451416016,0.01135385,0.9918880462646484,20.68995656967163,0.0003,-0.011169075965881348,0.05380859375,1000.0,604.662353515625
506,51200,101,25,0.2,120,-0.019180673407390714,-25.382893753051757,13.56847095489502,0.008516794,0.9907491207122803,28.62108087539673,0.0003,-0.01102757453918457,0.0330078125,1000.0,604.662353515625
507,53248,105,26,0.2,125,-0.01556369075551629,-25.36898946762085,17.41707992553711,0.006451846,0.9905335903167725,38.152140045166014,0.0003,-0.007924199104309082,0.02109375,1000.0,604.662353515625
504,55296,109,27,0.2,130,-0.01718503962038085,-25.370066928863526,17.126380920410156,0.006384449,0.9907913208007812,36.256470680236816,0.0003,-0.007305502891540527,0.02138671875,1000.0,604.662353515625
498,57344,115,28,0.2,135,-0.018008013325743377,-25.373682498931885,15.261966705322266,0.0072788764,0.9908140897750854,34.980526542663576,0.0003,-0.006477236747741699,0.026953125,1000.0,599.4342041015625
500,59392,118,29,0.2,140,-0.01109905403573066,-25.370151710510253,25.713134765625,0.0043585,0.9903972148895264,55.275316047668454,0.0003,-0.006292939186096191,0.00830078125,1000.0,599.4342041015625
502,61440,122,30,0.2,145,-0.009211099683307111,-25.36272554397583,34.5994873046875,0.0026871206,0.9901337027549744,72.18716659545899,0.0003,-0.005733132362365723,0.00166015625,1000.0,599.4342041015625
504,63488,125,31,0.2,150,-0.009841747133759782,-25.361355781555176,32.977394104003906,0.002442363,0.9902079105377197,69.18091011047363,0.0003,-0.006340742111206055,0.0017578125,1000.0,599.4342041015625
501,65536,130,32,0.2,155,-0.010575678304303438,-25.358913612365722,31.309253692626953,0.0030381635,0.9896979928016663,68.19109592437744,0.0003,-0.004306793212890625,0.00361328125,1000.0,617.6739501953125
503,67584,134,33,0.2,160,-0.020483918744139372,-25.34674530029297,15.593034744262695,0.01042464,0.9889340996742249,33.23146553039551,0.0003,-0.006059408187866211,0.04619140625,1000.0,617.6739501953125
504,69632,137,34,0.2,165,-0.024831451452337207,-25.322750091552734,12.869962692260742,0.01925097,0.9868226647377014,29.77657585144043,0.0003,-0.006061434745788574,0.11015625,1000.0,617.6739501953125
506,71680,141,35,0.2,170,-0.02318120307754725,-25.277637672424316,13.298198699951172,0.019099744,0.9843049645423889,29.542698097229003,0.0003,-0.004794120788574219,0.111328125,1000.0,617.6739501953125
503,73728,146,36,0.2,175,-0.02437975164502859,-25.237842178344728,14.5432767868042,0.018671183,0.9823443293571472,28.843674755096437,0.0003,-0.0031821727752685547,0.1138671875,1000.0,603.044189453125
504,75776,150,37,0.2,180,-0.030760047677904367,-25.212590408325195,4.035052299499512,0.047993593,0.9813851118087769,8.00977668762207,0.0003,-0.006364107131958008,0.34501953125,1000.0,603.044189453125
506,77824,153,38,0.2,185,-0.024666753620840608,-25.18835687637329,3.515791177749634,0.029372608,0.9799377918243408,7.009917211532593,0.0003,-0.004177212715148926,0.19482421875,1000.0,603.044189453125
507,79872,157,39,0.2,190,-0.022212671837769447,-25.164265060424803,3.657623767852783,0.025917038,0.978644609451294,7.045060610771179,0.0003,-0.003408670425415039,0.1541015625,1000.0,603.044189453125
505,81920,162,40,0.2,195,-0.021060578478500246,-25.130510997772216,3.1431775093078613,0.024761071,0.9768141508102417,6.936170840263367,0.0003,-0.004463076591491699,0.15322265625,1000.0,578.237060546875
506,83968,165,41,0.2,200,-0.0004954505013301969,-25.101728630065917,5.954802989959717,0.013198066,0.9758524298667908,13.02518892288208,0.0003,-0.0027892589569091797,0.09921875,1000.0,578.237060546875
507,86016,169,42,0.2,205,-0.01041725086979568,-25.093817234039307,6.717514514923096,0.0027853954,0.9757409691810608,12.694565963745116,0.0003,-0.004177093505859375,0.00380859375,1000.0,578.237060546875
503,88064,174,43,0.2,210,-0.010975539044011384,-25.090594482421874,5.966442584991455,0.0038932068,0.9752695560455322,12.30011076927185,0.0003,-0.002544999122619629,0.00693359375,1000.0,567.2909545898438
505,90112,178,44,0.2,215,-0.012116285390220582,-25.07808389663696,6.831028938293457,0.0063894033,0.9744755625724792,11.777925539016724,0.0003,-0.0009541511535644531,0.0193359375,1000.0,567.2909545898438
505,92160,182,45,0.2,220,-0.023472309252247213,-25.059042549133302,5.754651069641113,0.022191435,0.9727290272712708,13.539038276672363,0.0003,-0.0026682615280151367,0.1265625,1000.0,567.2909545898438
506,94208,185,46,0.2,225,-0.028315010969527064,-25.025680828094483,6.935647010803223,0.02658696,0.97160404920578,13.735892057418823,0.0003,-0.0021883249282836914,0.15771484375,1000.0,567.2909545898438
503,96256,191,47,0.2,230,-0.027136575267650186,-25.009499645233156,7.149392127990723,0.03343068,0.9708467125892639,14.02340202331543,0.0003,-0.0022128820419311523,0.21904296875,1000.0,554.4551391601562
505,98304,194,48,0.2,235,-0.0254265823867172,-25.007229137420655,6.221932411193848,0.022964114,0.9711909890174866,13.330008935928344,0.0003,-0.001096963882446289,0.146484375,1000.0,554.4551391601562
506,100352,198,49,0.2,240,-0.003526978986337781,-25.007452774047852,14.061147689819336,0.0037811438,0.9710931777954102,28.82556743621826,0.0003,-0.0020853281021118164,0.00810546875,1000.0,554.4551391601562
507,102400,201,50,0.2,245,-0.0053273716010153295,-25.00613718032837,13.131930351257324,0.000713747,0.9710792899131775,27.005040550231932,0.0003,-0.0002949237823486328,0.0,1000.0,554.4551391601562
505,104448,206,51,0.2,250,-0.004854558885563165,-25.005504512786864,14.028518676757812,0.00082667114,0.9709697365760803,26.87092981338501,0.0003,-0.00024831295013427734,0.0,1000.0,548.4998779296875
506,106496,210,52,0.2,255,-0.003830510610714555,-25.00300359725952,13.387550354003906,0.000644736,0.970881462097168,27.58874406814575,0.0003,-0.0014499425888061523,0.0,1000.0,548.4998779296875
507,108544,213,53,0.2,260,-0.0015989691310096532,-25.002108669281007,21.599687576293945,0.00021851811,0.9708513617515564,49.65876998901367,0.0003,-0.000873565673828125,0.0,1000.0,548.4998779296875
507,110592,217,54,0.2,265,-0.0017480941023677588,-25.00186357498169,22.969755172729492,9.1317546e-05,0.9708581566810608,47.818215942382814,0.0003,-0.0003643035888671875,0.0,1000.0,548.4998779296875
505,112640,222,55,0.2,270,-0.0019397629075683653,-25.00197525024414,19.857206344604492,0.00011231133,0.9708545207977295,46.34621047973633,0.0003,-0.0006192922592163086,0.0,1000.0,566.5513305664062
505,114688,226,56,0.2,275,-0.0025614465586841105,-25.002011394500734,17.367130279541016,0.00015691837,0.9708760380744934,38.133042907714845,0.0003,-0.0008159875869750977,0.0,1000.0,566.5513305664062
506,116736,230,57,0.2,280,-0.004555050702765584,-25.00287389755249,15.371041297912598,0.0005379302,0.9709604978561401,35.89678010940552,0.0003,0.00015920400619506836,0.0,1000.0,566.5513305664062
507,118784,234,58,0.2,285,-0.005056105559924617,-25.003275680541993,18.053571701049805,0.00083244266,0.9708631038665771,35.41759281158447,0.0003,-0.00031554698944091797,0.0,1000.0,566.5513305664062
504,120832,239,59,0.2,290,-0.007119863643310964,-25.000722694396973,18.305866241455078,0.0015944436,0.9707373380661011,34.995836448669436,0.0003,-0.00031113624572753906,0.0005859375,1000.0,558.9878540039062
505,122880,243,60,0.2,295,-0.017304467083886266,-24.996578884124755,12.65340518951416,0.01060425,0.9699792861938477,24.347189903259277,0.0003,-0.0003935098648071289,0.041015625,1000.0,558.9878540039062
505,124928,247,61,0.2,300,-0.008351433550706134,-24.975296783447266,8.9083890914917,0.0074144574,0.969153106212616,16.66428542137146,0.0003,-0.0002645254135131836,0.03212890625,1000.0,558.9878540039062
506,126976,250,62,0.2,305,-0.013070216425694526,-24.969867038726807,7.096688747406006,0.0073333727,0.9690922498703003,16.625578355789184,0.0003,-0.0005741119384765625,0.02568359375,1000.0,558.9878540039062
504,129024,255,63,0.2,310,-0.013215036306064576,-24.96528825759888,7.545917510986328,0.010429833,0.9686302542686462,16.765704488754274,0.0003,0.00025713443756103516,0.04609375,1000.0,540.9301147460938
505,131072,259,64,0.2,315,-0.001817770244088024,-24.955239868164064,18.458820343017578,0.006545618,0.9681940078735352,38.24931640625,0.0003,-0.00012612342834472656,0.03564453125,1000.0,540.9301147460938
506,133120,262,65,0.2,320,-0.0017758525209501386,-24.95035915374756,32.08940505981445,0.000300342,0.9680210947990417,66.89696979522705,0.0003,8.64863395690918e-05,0.0,1000.0,540.9301147460938
507,135168,266,66,0.2,325,-0.0023656502831727265,-24.948545265197755,29.47808265686035,0.00017708188,0.9680290222167969,63.745019149780276,0.0003,-0.0001252889633178711,0.0,1000.0,540.9301147460938
505,137216,271,67,0.2,330,-0.0026290595065802335,-24.94968671798706,29.33930778503418,0.00022180684,0.9681088328361511,63.59672946929932,0.0003,0.0001590251922607422,0.0,1000.0,559.6453247070312
506,139264,274,68,0.2,335,-0.004829148016870022,-24.950986671447755,19.849929809570312,0.0006095691,0.9681622982025146,41.780106163024904,0.0003,-0.00017750263214111328,0.0,1000.0,559.6453247070312
507,141312,278,69,0.2,340,-0.0071100433822721245,-24.951408767700194,19.62523651123047,0.0016575616,0.9681195020675659,38.975643157958984,0.0003,0.00022804737091064453,0.0001953125,1000.0,559.6453247070312
507,143360,282,70,0.2,345,-0.010170954512432218,-24.95088815689087,17.502880096435547,0.0040285727,0.968144953250885,38.110061454772946,0.0003,5.137920379638672e-05,0.008203125,1000.0,559.6453247070312
505,145408,287,71,0.2,350,-0.012531045055948199,-24.952830410003664,18.57089614868164,0.00579076,0.9683732986450195,37.343764305114746,0.0003,-6.270408630371094e-05,0.0166015625,1000.0,556.8777465820312
506,147456,291,72,0.2,355,-0.009786116238683463,-24.957236766815186,10.3731689453125,0.007635688,0.9684891104698181,22.545312786102294,0.0003,0.0003764629364013672,0.03798828125,1000.0,556.8777465820312
506,149504,294,73,0.2,360,-0.008032053045462817,-24.957672691345216,9.59906005859375,0.0028938898,0.9685201644897461,20.599750137329103,0.0003,0.0001875758171081543,0.00244140625,1000.0,556.8777465820312
507,151552,298,74,0.2,365,-0.013343727379105986,-24.957259941101075,10.349698066711426,0.007492808,0.9683587551116943,20.380632305145262,0.0003,-0.00011610984802246094,0.02490234375,1000.0,556.8777465820312
505,153600,303,75,0.2,370,-0.01515237569110468,-24.951229572296143,9.365898132324219,0.010392672,0.96799635887146,20.526698684692384,0.0003,0.0002745985984802246,0.0455078125,1000.0,566.6259765625
505,155648,307,76,0.2,375,-0.02340125241316855,-24.943319606781007,10.10033130645752,0.023894794,0.9675949811935425,19.956696128845216,0.0003,-3.0279159545898438e-05,0.15732421875,1000.0,566.6259765625
506,157696,311,77,0.2,380,-0.023617601383011787,-24.935099411010743,11.940105438232422,0.025329307,0.9668246507644653,24.193430614471435,0.0003,0.0003001093864440918,0.17353515625,1000.0,566.6259765625
506,159744,315,78,0.2,385,-0.026906232954934238,-24.914007949829102,11.208600044250488,0.024797913,0.9652665257453918,24.40272960662842,0.0003,0.0004710555076599121,0.1671875,1000.0,566.6259765625
503,161792,321,79,0.2,390,-0.03058424892369658,-24.882942962646485,11.057843208312988,0.033705737,0.9637978076934814,24.065424346923827,0.0003,0.0005056262016296387,0.20947265625,1000.0,567.265625
504,163840,324,80,0.2,395,-0.011063127778470516,-24.864610862731933,10.073884010314941,0.006876017,0.9633687138557434,18.6913893699646,0.0003,0.0008527040481567383,0.0310546875,1000.0,567.265625
504,165888,328,81,0.2,400,-0.019513540109619497,-24.861562538146973,10.416557312011719,0.01735235,0.963571310043335,20.557068347930908,0.0003,0.00029844045639038086,0.10400390625,1000.0,567.265625
505,167936,332,82,0.2,405,-0.02348755884449929,-24.875361347198485,10.435190200805664,0.0239439,0.9649631977081299,20.532614612579344,0.0003,-0.0001888275146484375,0.15458984375,1000.0,567.265625
504,169984,337,83,0.2,410,-0.024044232722371817,-24.891211986541748,9.92802906036377,0.021131605,0.9646012187004089,20.807711696624757,0.0003,0.0011653304100036621,0.129296875,1000.0,567.0036010742188
504,172032,340,84,0.2,415,-0.016714841441716997,-24.870561408996583,14.516051292419434,0.012975929,0.963172197341919,28.43898754119873,0.0003,0.0013013482093811035,0.07265625,1000.0,567.0036010742188
505,174080,344,85,0.2,420,-0.012487482232972979,-24.846099185943604,14.293889045715332,0.012907637,0.9623442888259888,31.014773750305174,0.0003,0.0012139081954956055,0.08271484375,1000.0,567.0036010742188
504,176128,349,86,0.2,425,-0.01231863524299115,-24.833505058288573,15.468993186950684,0.011587568,0.9612709879875183,30.647881984710693,0.0003,0.0016644001007080078,0.0546875,998.2,569.1848754882812
504,178176,353,87,0.2,430,-0.00390892568975687,-24.81164264678955,11.627761840820312,0.007146001,0.9604912996292114,36.32593059539795,0.0003,0.000897526741027832,0.039453125,998.2,569.1848754882812
505,180224,356,88,0.2,435,-0.0016540379379875957,-24.80515718460083,22.025253295898438,0.0004523748,0.960376501083374,43.79195613861084,0.0003,0.0015023350715637207,0.0,998.2,569.1848754882812
505,182272,360,89,0.2,440,-0.002320037968456745,-24.80379819869995,19.57489585876465,0.00017270338,0.9603183269500732,40.530480766296385,0.0003,0.00210726261138916,0.0,994.88,574.0541381835938
504,184320,365,90,0.2,445,-0.005469632148742676,-24.80323247909546,36.121639251708984,0.00075253414,0.9603366851806641,49.984761810302736,0.0003,0.0020120739936828613,0.0,993.45,593.0579833984375
504,186368,369,91,0.2,450,-0.006343217880930752,-24.80461940765381,27.521455764770508,0.0017529698,0.9604737758636475,51.58975028991699,0.0003,-0.0002925395965576172,0.00078125,993.45,593.0579833984375
504,188416,373,92,0.2,455,-0.024492782494053244,-24.803129482269288,18.08523178100586,0.017938998,0.9598913192749023,34.07493019104004,0.0003,0.0021068453788757324,0.1078125,993.45,593.0579833984375
503,190464,378,93,0.2,460,-0.020796317514032124,-24.789635181427002,16.640331268310547,0.017274013,0.9593186974525452,34.18767051696777,0.0003,0.0032697319984436035,0.10341796875,993.45,592.1327514648438
502,192512,383,94,0.2,465,-0.016308605833910406,-24.778169250488283,16.828325271606445,0.014266074,0.9587395191192627,34.02122449874878,0.0003,0.005786538124084473,0.0857421875,993.45,612.8909912109375
502,194560,386,95,0.2,470,-0.0013118739705532789,-24.77054109573364,8.450263977050781,0.002006384,0.9585233330726624,18.892304992675783,0.0003,0.006531655788421631,0.0013671875,993.45,612.8909912109375
503,196608,390,96,0.2,475,-0.0024957254528999327,-24.767905044555665,5.432529926300049,0.00027745074,0.9584159851074219,13.59486527442932,0.0003,-0.03436732292175293,0.0,993.45,612.8909912109375
503,198656,394,97,0.2,480,-0.0029846862424165012,-24.766132640838624,4.970480442047119,0.00032617655,0.9583470225334167,14.1606276512146,0.0003,-0.574371337890625,0.0,993.45,610.3944091796875
502,200704,399,98,0.2,485,-0.0026129585923627017,-24.764861488342284,2.215576171875,0.000396352,0.9582414627075195,9.547176742553711,0.0003,-0.617263913154602,0.0,993.45,591.0783081054688
502,202752,403,99,0.2,490,-0.010041330440435559,-24.76185359954834,4.46793270111084,0.0049951146,0.958008885383606,10.075380945205689,0.0003,-0.0019428730010986328,0.01162109375,993.45,591.0783081054688
503,204800,407,100,0.2,495,-0.01733831102028489,-24.756485176086425,10.835525512695312,0.0093500875,0.9576627016067505,23.642464065551756,0.0003,0.07928580045700073,0.0375,993.45,591.0783081054688
503,206848,411,101,0.2,500,-0.018248551804572345,-24.750303745269775,11.4700345993042,0.008857586,0.9573794603347778,22.341677284240724,0.0003,0.12745940685272217,0.03984375,993.45,590.7636108398438
502,208896,415,102,0.2,505,-0.014683521958068014,-24.74393424987793,10.195205688476562,0.005523731,0.9569423198699951,22.0268497467041,0.0003,0.19892346858978271,0.01533203125,993.45,582.909423828125
502,210944,419,103,0.2,510,-0.009790530696045607,-24.735376644134522,6.857137680053711,0.004329846,0.9564862847328186,16.740383100509643,0.0003,0.28727585077285767,0.010546875,993.45,582.909423828125
503,212992,423,104,0.2,515,-0.008196039753966034,-24.7301815032959,5.440587043762207,0.0031141285,0.9565226435661316,11.483981370925903,0.0003,0.4190221428871155,0.00546875,993.45,582.909423828125
502,215040,427,105,0.2,520,-0.005684520036447793,-24.7332670211792,4.9364118576049805,0.0018733157,0.9566752910614014,11.645066213607787,0.0003,0.48762398958206177,0.00078125,993.45,574.4618530273438
502,217088,431,106,0.2,525,-0.007399327540770173,-24.73522663116455,5.250282287597656,0.0019654396,0.956735372543335,10.811731052398681,0.0003,0.5514177083969116,0.0015625,993.45,576.0807495117188
502,219136,435,107,0.2,530,-0.010572927095927298,-24.7349609375,4.323070049285889,0.0039654146,0.9565951228141785,9.62959680557251,0.0003,0.64950031042099,0.00791015625,993.45,576.0807495117188
502,221184,439,108,0.2,535,-0.010747027792967856,-24.731722831726074,4.378875255584717,0.0034827744,0.9564324617385864,10.187490749359132,0.0003,0.7184678316116333,0.00576171875,993.45,576.0807495117188
502,223232,444,109,0.2,540,-0.008587731409352272,-24.73053960800171,4.649825572967529,0.002537583,0.9565116167068481,10.137830972671509,0.0003,0.7506664991378784,0.00283203125,993.45,554.75537109375
502,225280,448,110,0.2,545,-0.005685654608532787,-24.731370544433595,3.94093918800354,0.0013886823,0.9564187526702881,9.008930420875549,0.0003,0.8263516426086426,0.000390625,993.45,564.008056640625
502,227328,452,111,0.2,550,-0.009199551644269378,-24.72864227294922,5.885039329528809,0.0023758523,0.9562868475914001,13.618326091766358,0.0003,0.7652409076690674,0.0021484375,993.45,564.008056640625
502,229376,456,112,0.2,555,-0.005715624638833105,-24.726383209228516,6.896117687225342,0.0016547462,0.9561612010002136,19.1098801612854,0.0003,0.7429450750350952,0.00068359375,993.45,559.9759521484375
502,231424,460,113,0.2,560,-0.00541166499024257,-24.724734783172607,9.267706871032715,0.0011104204,0.9561476111412048,18.78626594543457,0.0003,0.76237952709198,9.765625e-05,993.45,561.211669921875
502,233472,464,114,0.2,565,-0.0045516870217397806,-24.72512722015381,8.04350471496582,0.0010182685,0.9561673402786255,18.186331510543823,0.0003,0.7739051580429077,0.0,993.45,546.1170043945312
503,235520,468,115,0.2,570,-0.005156915821135044,-24.726250457763673,5.388476848602295,0.0010225353,0.9563426971435547,11.305091619491577,0.0003,0.8326492309570312,0.0,993.45,546.1170043945312
503,237568,472,116,0.2,575,-0.006606635893695057,-24.730365085601807,4.725958824157715,0.0015464372,0.9565145969390869,10.771610593795776,0.0003,0.8292516469955444,0.00068359375,993.45,546.4458618164062
502,239616,476,117,0.2,580,-0.00665631954325363,-24.733247661590575,5.521246910095215,0.0016041894,0.9566909074783325,10.419292974472047,0.0003,0.8469278216362,0.0005859375,993.45,539.4564208984375
502,241664,480,118,0.2,585,-0.0043708902783691885,-24.735114669799806,13.403456687927246,0.0010634653,0.9566413164138794,30.07053108215332,0.0003,0.8088552951812744,0.0,993.45,535.002197265625
502,243712,484,119,0.2,590,-0.0032603817526251078,-24.73350820541382,15.156545639038086,0.00048160474,0.9566014409065247,36.20361680984497,0.0003,0.8373072147369385,0.0,993.45,535.002197265625
503,245760,488,120,0.2,595,-0.003897242504172027,-24.73399438858032,16.080690383911133,0.00044244804,0.9566786289215088,36.67092876434326,0.0003,0.8484697937965393,0.0,993.45,534.7470092773438
502,247808,492,121,0.2,600,-0.004128841031342745,-24.735932540893554,16.093090057373047,0.0005935094,0.9567852020263672,33.75923614501953,0.0003,0.8592910170555115,0.0,993.45,544.4201049804688
502,249856,497,122,0.2,605,-0.003401943249627948,-24.73728199005127,11.615056991577148,0.00046637483,0.9567988514900208,24.2751727104187,0.0003,0.8774447441101074,0.0,993.45,539.3657836914062
502,251904,501,123,0.2,610,-0.003286430856678635,-24.737208557128906,15.911604881286621,0.00038769378,0.9568240642547607,35.93478364944458,0.0003,0.8477462530136108,0.0,993.45,539.3657836914062
502,253952,505,124,0.2,615,-0.0027735667186789214,-24.738206577301025,18.169811248779297,0.00032465282,0.9568947553634644,36.988198852539064,0.0003,0.8440247178077698,0.0,993.45,548.2220458984375
501,256000,510,125,0.2,620,-0.002860520326066762,-24.739251041412352,14.809078216552734,0.00026293605,0.9569132924079895,34.130131530761716,0.0003,0.8399341702461243,0.0,993.45,561.571044921875
501,258048,514,126,0.2,625,-0.002451019111322239,-24.73966064453125,17.274742126464844,0.00027843734,0.9569587707519531,36.84378643035889,0.0003,0.8005553483963013,0.0,993.45,561.571044921875
501,260096,518,127,0.2,630,-0.0029993155039846897,-24.74008493423462,18.636194229125977,0.00030154266,0.9569085240364075,39.14522819519043,0.0003,0.8150768876075745,0.0,993.45,561.571044921875
501,262144,522,128,0.2,635,-0.003248644794803113,-24.73833885192871,17.181522369384766,0.00037257964,0.9567986726760864,38.33937358856201,0.0003,0.8260713815689087,0.0,993.45,559.273193359375
501,264192,527,129,0.2,640,-0.004112701909616589,-24.73642177581787,16.83197784423828,0.00048228024,0.956720769405365,36.31927757263183,0.0003,0.8503607511520386,0.0,993.45,557.1093139648438
501,266240,530,130,0.2,645,-0.003036970447283238,-24.73556137084961,13.049249649047852,0.00036808997,0.9567210674285889,27.740974044799806,0.0003,0.89039146900177,0.0,993.45,557.1093139648438
501,268288,534,131,0.2,650,-0.0030110472114756705,-24.73638916015625,13.956907272338867,0.00029954247,0.9568161368370056,30.40539655685425,0.0003,0.9146634340286255,0.0,993.45,557.1093139648438
501,270336,538,132,0.2,655,-0.002679904131218791,-24.737358570098877,12.423874855041504,0.0002530563,0.9567645192146301,28.6420654296875,0.0003,0.9194243550300598,0.0,993.45,556.536376953125
501,272384,543,133,0.2,660,-0.0027499311370775105,-24.735611534118654,11.103411674499512,0.00026535473,0.9566759467124939,26.25143756866455,0.0003,0.9364820718765259,0.0,995.25,579.17138671875
501,274432,547,134,0.2,665,-0.003197111748158932,-24.734420680999754,7.395226955413818,0.00033695638,0.9566382169723511,17.238467264175416,0.0003,0.94407719373703,0.0,995.25,579.17138671875
501,276480,550,135,0.2,670,-0.0021173629676923154,-24.733529376983643,5.969583034515381,0.00021681417,0.9565544128417969,12.013185501098633,0.0003,0.955405592918396,0.0,995.25,579.17138671875
501,278528,554,136,0.2,675,-0.0019058113568462432,-24.731972026824952,5.568741798400879,0.00016539567,0.9565074443817139,12.025973987579345,0.0003,0.9608661532402039,0.0,995.25,578.8516235351562
501,280576,559,137,0.2,680,-0.002332233591005206,-24.73151550292969,6.098427772521973,0.00020875849,0.9564927220344543,11.884755754470826,0.0003,0.963162362575531,0.0,1000.0,575.1436767578125
501,282624,563,138,0.2,685,-0.002684198162751272,-24.731199932098388,4.713176727294922,0.00027499898,0.9564683437347412,9.692238187789917,0.0003,0.9662187695503235,0.0,1000.0,575.1436767578125
501,284672,567,139,0.2,690,-0.0025668126996606587,-24.730715179443358,2.1579911708831787,0.00030120273,0.9564538598060608,4.993734383583069,0.0003,0.9823394417762756,0.0,1000.0,575.1436767578125
501,286720,571,140,0.2,695,-0.0021607528207823632,-24.73059787750244,1.7772737741470337,0.00022995664,0.9564507603645325,4.54165551662445,0.0003,0.9818641543388367,0.0,1000.0,570.6596069335938
500,288768,576,141,0.2,700,-0.0037236364325508474,-24.729709911346436,2.9459266662597656,0.00042202199,0.9563267827033997,6.356922173500061,0.0003,0.977504312992096,0.0,1000.0,554.98828125
501,290816,580,142,0.2,705,-0.0028389774379320443,-24.727972793579102,7.144476413726807,0.00042053458,0.9563391208648682,15.502705764770507,0.0003,0.9685180187225342,0.0,1000.0,554.98828125
501,292864,583,143,0.2,710,-0.0034942216472700236,-24.728862857818605,7.658225059509277,0.000530789,0.95634925365448,16.477600574493408,0.0003,0.9686267375946045,0.0,1000.0,554.98828125
501,294912,588,144,0.2,715,-0.0027124139713123442,-24.728896617889404,8.433176040649414,0.00044769433,0.9563981294631958,16.457658767700195,0.0003,0.9671195149421692,0.0,1000.0,567.8375244140625
500,296960,592,145,0.2,720,-0.0050308438250795005,-24.729903411865234,7.5571136474609375,0.00088043953,0.9564093351364136,12.76599678993225,0.0003,0.9700309038162231,0.0,1000.0,571.3434448242188
501,299008,596,146,0.2,725,-0.0031638136541005226,-24.729732513427734,9.782008171081543,0.00064392533,0.9564114809036255,20.820798492431642,0.0003,0.969127893447876,0.0,1000.0,571.3434448242188
501,301056,600,147,0.2,730,-0.002180181653238833,-24.72979621887207,12.359622955322266,0.0003010093,0.9563986659049988,29.079668045043945,0.0003,0.9681898951530457,0.0,1000.0,571.3434448242188
501,303104,604,148,0.2,735,-0.0028002243721857666,-24.729339599609375,13.329458236694336,0.00039402902,0.9563931226730347,27.46262331008911,0.0003,0.9675147533416748,0.0,1000.0,580.789794921875
501,305152,608,149,0.2,740,-0.0029947026749141516,-24.729324913024904,11.642535209655762,0.00042623215,0.9563575387001038,25.972050189971924,0.0003,0.9719804525375366,0.0,1000.0,597.382080078125
501,307200,612,150,0.2,745,-0.0036977580864913763,-24.72760181427002,8.039297103881836,0.00054098305,0.9562071561813354,19.32151107788086,0.0003,0.9616618156433105,0.0,1000.0,597.382080078125
501,309248,616,151,0.2,750,-0.0026248887879773974,-24.7248592376709,8.054749488830566,0.0003436876,0.9561123251914978,16.670097827911377,0.0003,0.9565301537513733,0.0,1000.0,597.382080078125
501,311296,621,152,0.2,755,-0.0030246505280956625,-24.723794078826906,7.982511043548584,0.00036886963,0.9560754299163818,16.158838510513306,0.0003,0.9603081941604614,0.0,1000.0,603.8802490234375
500,313344,625,153,0.2,760,-0.0037126988579984756,-24.722954940795898,7.954594135284424,0.0004956657,0.9560006260871887,15.058464908599854,0.0003,0.9622962474822998,0.0,1000.0,615.6358032226562
501,315392,629,154,0.2,765,-0.0035937832784838975,-24.720993995666504,9.068086624145508,0.0004890221,0.9558656215667725,20.464493560791016,0.0003,0.9709721207618713,0.0,1000.0,615.6358032226562
500,317440,634,155,0.2,770,-0.003207932657096535,-24.718723392486574,10.199444770812988,0.0005365243,0.9557960033416748,21.81584529876709,0.0003,0.9730879068374634,0.0,1000.0,620.3818359375
500,319488,638,156,0.2,775,-0.003804869041778147,-24.717465496063234,10.365397453308105,0.00056378753,0.9556971788406372,20.991627311706544,0.0003,0.97245854139328,0.0,1000.0,631.8563842773438
500,321536,642,157,0.2,780,-0.005921204853802919,-24.71541748046875,9.750603675842285,0.001110042,0.9556229710578918,19.592284297943117,0.0003,0.9706049561500549,9.765625e-05,1000.0,633.8734130859375
500,323584,646,158,0.2,785,-0.0043336568167433144,-24.714345741271973,7.708670616149902,0.00084182096,0.9555497765541077,15.832501459121705,0.0003,0.9684814810752869,0.0,1000.0,633.8734130859375
500,325632,650,159,0.2,790,-0.0035710666910745204,-24.712012577056885,8.070876121520996,0.0007583783,0.9553509950637817,16.106564712524413,0.0003,0.9672971367835999,9.765625e-05,1000.0,632.4667358398438
500,327680,654,160,0.2,795,-0.004324520891532302,-24.708330154418945,7.378713607788086,0.0008125772,0.9552416205406189,15.628031587600708,0.0003,0.9690014123916626,0.0,1000.0,641.3587646484375
500,329728,659,161,0.2,800,-0.003483569691888988,-24.707462215423583,5.881495952606201,0.00067670137,0.9552304744720459,11.539553546905518,0.0003,0.9720087647438049,0.0,1000.0,645.548095703125
500,331776,662,162,0.2,805,-0.002415416855365038,-24.707443714141846,1.0305758714675903,0.00053800875,0.9552567601203918,2.779555070400238,0.0003,0.9888176918029785,0.0,1000.0,645.548095703125
500,333824,666,163,0.2,810,-0.0024802146246656774,-24.708181190490723,0.5437722206115723,0.0004733095,0.955310583114624,1.7948546588420868,0.0003,0.9922027587890625,0.0,1000.0,639.1392211914062
500,335872,670,164,0.2,815,-0.0029842592193745077,-24.70882225036621,0.6479787826538086,0.00061830576,0.9552929997444153,1.8214228689670562,0.0003,0.9921501278877258,9.765625e-05,1000.0,639.4115600585938
500,337920,675,165,0.2,820,-0.004732656688429415,-24.70778932571411,1.3533252477645874,0.0010860721,0.9552361965179443,3.295299780368805,0.0003,0.985933244228363,0.0,1000.0,636.5032958984375
500,339968,678,166,0.2,825,-0.006236874905880541,-24.707107925415038,4.296690464019775,0.0016102232,0.9552105665206909,9.16135540008545,0.0003,0.9740663170814514,0.0009765625,1000.0,636.5032958984375
500,342016,682,167,0.2,830,-0.007935920497402549,-24.706288623809815,4.3307271003723145,0.0015998869,0.9551355838775635,9.47805314064026,0.0003,0.9747672080993652,0.00078125,1000.0,637.3483276367188
500,344064,687,168,0.2,835,-0.005532443127594888,-24.704687976837157,5.041218280792236,0.0013410649,0.9550421833992004,10.649989366531372,0.0003,0.976140022277832,0.00078125,1000.0,631.9682006835938
500,346112,691,169,0.2,840,-0.007285797479562461,-24.70317668914795,4.893289566040039,0.0012821833,0.9549835920333862,11.6685359954834,0.0003,0.9753813147544861,0.0001953125,1000.0,631.9682006835938
500,348160,694,170,0.2,845,-0.005948065558914095,-24.701577854156493,5.737315654754639,0.001410935,0.9548550844192505,13.029343700408935,0.0003,0.9315568208694458,0.000390625,1000.0,631.9682006835938
500,350208,699,171,0.2,850,-0.006144970469176769,-24.699294567108154,5.258144855499268,0.0015327377,0.9547959566116333,12.173333644866943,0.0003,0.9381632208824158,0.000390625,1000.0,640.7785034179688
499,352256,704,172,0.2,855,-0.005472862046735827,-24.69924545288086,4.930909633636475,0.0011901228,0.9548542499542236,10.326710033416749,0.0003,0.9641486406326294,0.000390625,1000.0,638.463134765625
500,354304,708,173,0.2,860,-0.006457125558517874,-24.700192356109618,3.9359371662139893,0.0015697618,0.9548693895339966,7.445524406433106,0.0003,0.9849652647972107,0.00048828125,1000.0,638.463134765625
500,356352,712,174,0.2,865,-0.0025302138412371276,-24.699734687805176,1.2796058654785156,0.0007509099,0.9548105597496033,3.693054807186127,0.0003,0.993379533290863,0.0,1000.0,638.463134765625
500,358400,716,175,0.2,870,-0.0032190404599532485,-24.698061370849608,1.3455172777175903,0.0005302278,0.9546955823898315,3.1583938121795656,0.0003,0.9939693808555603,0.0,1000.0,628.80029296875
499,360448,721,176,0.2,875,-0.004030320933088661,-24.696089363098146,1.2967654466629028,0.0007702554,0.954635739326477,2.8527778506278993,0.0003,0.9939076900482178,0.0,1000.0,602.0628662109375
499,362496,725,177,0.2,880,-0.006960067618638277,-24.69499635696411,1.2094511985778809,0.0019728183,0.9545507431030273,3.0246303558349608,0.0003,0.992200493812561,0.0009765625,1000.0,602.0628662109375
500,364544,728,178,0.2,885,-0.008191764238290489,-24.69248161315918,2.1362907886505127,0.0027312539,0.9543555378913879,4.241157293319702,0.0003,0.9843249320983887,0.0037109375,1000.0,602.0628662109375
499,366592,733,179,0.2,890,-0.006480649183504284,-24.688380622863768,1.8963308334350586,0.0015809173,0.9541450142860413,4.1586411714553835,0.0003,0.9853736162185669,0.00048828125,1000.0,602.3319702148438
499,368640,737,180,0.2,895,-0.007705386856105179,-24.685480213165285,3.236729145050049,0.0020760386,0.9540377855300903,6.652959656715393,0.0003,0.9795808792114258,0.0015625,1000.0,602.5123291015625
499,370688,741,181,0.2,900,-0.006308157322928309,-24.683244609832762,4.103651523590088,0.0018446192,0.9538905024528503,8.466200065612792,0.0003,0.9862585067749023,0.0015625,1000.0,602.5123291015625
500,372736,745,182,0.2,905,-0.006108885444700718,-24.68150386810303,3.802518606185913,0.0012908443,0.9539287090301514,8.412973761558533,0.0003,0.986961305141449,0.00048828125,1000.0,602.5123291015625
499,374784,749,183,0.2,910,-0.006450255238451064,-24.68085422515869,3.7974796295166016,0.001629346,0.9536356329917908,8.404394721984863,0.0003,0.9857912063598633,0.0001953125,1000.0,597.394287109375
499,376832,754,184,0.2,915,-0.008994050696492195,-24.672845363616943,2.0481362342834473,0.0022345202,0.9531774520874023,4.696694433689117,0.0003,0.9897856712341309,0.00146484375,1000.0,590.8403930664062
499,378880,758,185,0.2,920,-0.01063757506199181,-24.665525722503663,2.2172281742095947,0.0040810844,0.9528631567955017,5.5237569332122805,0.0003,0.9873114824295044,0.00986328125,1000.0,590.8403930664062
500,380928,761,186,0.2,925,-0.008251527673564851,-24.661563110351562,4.412522792816162,0.0026901264,0.9528234004974365,10.33431167602539,0.0003,0.982903778553009,0.00283203125,1000.0,590.8403930664062
499,382976,766,187,0.2,930,-0.009864051372278481,-24.660734558105467,4.0160393714904785,0.0029008046,0.9526509046554565,9.498866891860962,0.0003,0.9840759038925171,0.00419921875,1000.0,583.1168823242188
499,385024,771,188,0.2,935,-0.008455482928548008,-24.65625629425049,4.336422443389893,0.0028275708,0.9524253010749817,8.931878781318664,0.0003,0.9847391843795776,0.00244140625,1000.0,587.8421020507812
499,387072,774,189,0.2,940,-0.009366757818497717,-24.654360961914062,2.030430793762207,0.0029703574,0.9525023698806763,4.980603909492492,0.0003,0.9885828495025635,0.00400390625,1000.0,587.8421020507812
499,389120,778,190,0.2,945,-0.005510868667624891,-24.655970287322997,0.863174319267273,0.0018677902,0.9525251388549805,2.13434579372406,0.0003,0.9924876689910889,0.001171875,1000.0,587.8421020507812
499,391168,783,191,0.2,950,-0.006635697849560529,-24.65489044189453,0.9448534846305847,0.0017601951,0.9524015784263611,2.073807954788208,0.0003,0.9927404522895813,0.00107421875,1000.0,590.3370971679688
499,393216,787,192,0.2,955,-0.008040441456250847,-24.651669120788576,0.7478514313697815,0.0028945087,0.9521830081939697,1.890829849243164,0.0003,0.9933268427848816,0.004296875,1000.0,581.200927734375
499,395264,791,193,0.2,960,-0.014414114831015467,-24.6480863571167,0.37706834077835083,0.006702629,0.952101469039917,0.8858924061059952,0.0003,0.9968067407608032,0.02392578125,1000.0,581.200927734375
499,397312,795,194,0.2,965,-0.020440852199681104,-24.64426279067993,0.13460524380207062,0.010399036,0.9516169428825378,0.4146969527006149,0.0003,0.9982706904411316,0.04921875,1000.0,581.200927734375
499,399360,799,195,0.2,970,-0.014570912101771683,-24.633363342285158,0.21342824399471283,0.007790139,0.9510932564735413,0.5016404137015342,0.0003,0.9978968501091003,0.03193359375,1000.0,579.9226684570312
499,401408,804,196,0.2,975,-0.01319459406659007,-24.62560167312622,0.5205411911010742,0.005664901,0.9507873058319092,1.3344703525304795,0.0003,0.9966837763786316,0.01728515625,1000.0,562.0398559570312
499,403456,807,197,0.2,980,-0.006889278232119977,-24.61990957260132,3.521407127380371,0.0028080493,0.950516939163208,8.246457314491272,0.0003,0.9906061887741089,0.00322265625,1000.0,562.0398559570312
499,405504,811,198,0.2,985,-0.009794057253748179,-24.615454292297365,3.9739744663238525,0.0034934038,0.9503462314605713,9.07101104259491,0.0003,0.9890968799591064,0.00654296875,1000.0,557.37255859375
499,407552,815,199,0.2,990,-0.009565968753304333,-24.612729167938234,3.3776538372039795,0.0035108207,0.9501990079879761,8.162854981422424,0.0003,0.9897254109382629,0.00517578125,1000.0,560.8064575195312
499,409600,820,200,0.2,995,-0.013091745410929435,-24.610693740844727,2.8923392295837402,0.005355048,0.9501771926879883,6.460847854614258,0.0003,0.9907366037368774,0.01416015625,1000.0,562.1271362304688
499,411648,824,201,0.2,1000,-0.012093283189460634,-24.609149742126466,1.4142316579818726,0.005640222,0.9499280452728271,3.606366419792175,0.0003,0.9924944639205933,0.01669921875,1000.0,562.1271362304688
499,413696,828,202,0.2,1005,-0.007891620369628071,-24.603735065460206,1.9598746299743652,0.0037773503,0.9497550129890442,4.13897465467453,0.0003,0.990969181060791,0.00732421875,1000.0,564.8750610351562
499,415744,833,203,0.2,1010,-0.010655781719833612,-24.600467205047607,1.5725810527801514,0.0036841957,0.9494974613189697,3.9750495076179506,0.0003,0.9916701316833496,0.00634765625,1000.0,560.4658813476562
498,417792,837,204,0.2,1015,-0.01415220448980108,-24.594522190093993,1.3314152956008911,0.005529212,0.9491040706634521,3.705431115627289,0.0003,0.9937340617179871,0.01826171875,1000.0,546.2779541015625
499,419840,841,205,0.2,1020,-0.0064999407157301905,-24.586946868896483,1.8895231485366821,0.0022361316,0.9488492608070374,4.108949518203735,0.0003,0.9953566193580627,0.0017578125,1000.0,546.2779541015625
499,421888,845,206,0.2,1025,-0.006855222978629172,-24.583172130584718,2.2292137145996094,0.002105991,0.9486465454101562,4.4279923915863035,0.0003,0.9947857856750488,0.00126953125,1000.0,536.68798828125
498,423936,849,207,0.2,1030,-0.010618149186484516,-24.580784702301024,1.6464871168136597,0.0046822466,0.9486539363861084,3.909972143173218,0.0003,0.9950162768363953,0.0123046875,1000.0,539.1570434570312
498,425984,854,208,0.2,1035,-0.0075809556059539315,-24.580869483947755,2.977926015853882,0.002730987,0.9486187696456909,6.705466794967651,0.0003,0.9932750463485718,0.00263671875,1000.0,545.1768188476562
498,428032,857,209,0.2,1040,-0.011286183493211865,-24.578840065002442,1.627341628074646,0.0056886766,0.9483641386032104,4.605928802490235,0.0003,0.9951165318489075,0.016015625,1000.0,545.1768188476562
498,430080,861,210,0.2,1045,-0.015187378460541367,-24.571870517730712,1.519315481185913,0.010089857,0.9478504657745361,4.2172943472862245,0.0003,0.9951115250587463,0.0462890625,1000.0,536.2363891601562
498,432128,867,211,0.2,1050,-0.01485811525490135,-24.55875930786133,1.2859392166137695,0.009722433,0.9468905925750732,3.6090858817100524,0.0003,0.9959988594055176,0.043359375,1000.0,547.8575439453125
498,434176,871,212,0.2,1055,-0.01638114594388753,-24.538329601287842,0.4513852596282959,0.0115968725,0.9458378553390503,1.1397098302841187,0.0003,0.9968339204788208,0.06044921875,1000.0,547.8575439453125
498,436224,874,213,0.2,1060,-0.005571234750095755,-24.523894119262696,0.613103985786438,0.002983448,0.9455862045288086,1.5627895653247834,0.0003,0.9970852732658386,0.0046875,1000.0,547.8575439453125
498,438272,879,214,0.2,1065,-0.008384376869071276,-24.523965549468993,0.6115382313728333,0.0050842133,0.9455962777137756,1.4625347971916198,0.0003,0.9970231056213379,0.01376953125,1000.0,545.2774047851562
497,440320,884,215,0.2,1070,-0.008289361698552966,-24.52312250137329,0.6445842981338501,0.003700849,0.9455634355545044,1.4951448380947112,0.0003,0.9970399141311646,0.00693359375,1000.0,544.9323120117188
498,442368,888,216,0.2,1075,-0.005786905251443386,-24.5226318359375,0.6844406127929688,0.0025408487,0.9455382823944092,1.5574287176132202,0.0003,0.9965223670005798,0.0025390625,1000.0,544.9323120117188
498,444416,891,217,0.2,1080,-0.0053745339624583725,-24.522287559509277,0.24108262360095978,0.0018673667,0.945541262626648,0.8604009851813317,0.0003,0.9970570206642151,0.0009765625,1000.0,544.9323120117188
498,446464,896,218,0.2,1085,-0.004954969056416303,-24.521977806091307,0.17174026370048523,0.0021239948,0.9454596042633057,0.7235895469784737,0.0003,0.9976123571395874,0.00146484375,997.8,545.9345703125
497,448512,901,219,0.2,1090,-0.004187452362384647,-24.51934986114502,4.02931547164917,0.0016857227,0.9452859163284302,6.081383693218231,0.0003,0.9850170612335205,0.0017578125,997.8,535.5936889648438
497,450560,905,220,0.2,1095,-0.012881670601200313,-24.516168880462647,0.16882959008216858,0.008812243,0.9450581073760986,0.5127717047929764,0.0003,0.9985037446022034,0.03525390625,997.8,535.5936889648438
497,452608,909,221,0.2,1100,-0.013353237905539573,-24.5103009223938,0.21537712216377258,0.0083510475,0.944685697555542,0.6199493855237961,0.0003,0.9985756874084473,0.03115234375,997.8,535.5936889648438
497,454656,913,222,0.2,1105,-0.012848618521820754,-24.50143117904663,0.21342380344867706,0.008601636,0.9440567493438721,0.5715370684862137,0.0003,0.9986327290534973,0.03701171875,997.8,527.4595947265625
497,456704,918,223,0.2,1110,-0.010799749137368054,-24.487425327301025,0.22253337502479553,0.006458292,0.9432776570320129,0.5790885388851166,0.0003,0.9985788464546204,0.021875,997.8,533.7662963867188
497,458752,921,224,0.2,1115,-0.015508679230697453,-24.47333469390869,0.17217378318309784,0.010409435,0.9426500797271729,0.4947691813111305,0.0003,0.9983331561088562,0.04794921875,997.8,533.7662963867188
497,460800,925,225,0.2,1120,-0.013180443330202251,-24.463054275512697,0.047240953892469406,0.008792741,0.9420545101165771,0.24286339432001114,0.0003,0.9978829026222229,0.03876953125,996.29,533.4166259765625
497,462848,930,226,0.2,1125,-0.008708443306386471,-24.45093479156494,5.443281650543213,0.0076486096,0.9416691660881042,7.264386284351349,0.0003,0.978425920009613,0.03193359375,996.29,528.904296875
497,464896,934,227,0.2,1130,-0.017790329968556763,-24.447203350067138,0.8764728903770447,0.012753527,0.9414743781089783,2.0142406821250916,0.0003,0.9969323873519897,0.08173828125,996.29,529.0977172851562
497,466944,938,228,0.2,1135,-0.010527361242566258,-24.44273500442505,1.5512638092041016,0.006601832,0.9413169026374817,3.6415993094444277,0.0003,0.9969582557678223,0.01943359375,996.29,529.0977172851562
497,468992,942,229,0.2,1140,-0.010657259612344205,-24.43712215423584,1.388071894645691,0.0071352376,0.9406929016113281,3.232008194923401,0.0003,0.9970104694366455,0.03212890625,996.29,537.8622436523438
497,471040,947,230,0.2,1145,-0.016033939272165298,-24.423750782012938,0.9240654110908508,0.010996185,0.9400618076324463,2.3898588180541993,0.0003,0.9972432851791382,0.05537109375,996.29,531.8619384765625
497,473088,951,231,0.2,1150,-0.018333326699212192,-24.409703540802003,0.4874020516872406,0.015464364,0.9391283392906189,1.2656453907489777,0.0003,0.9974103569984436,0.0998046875,996.29,525.01416015625
497,475136,955,232,0.2,1155,-0.018487554078456016,-24.389830780029296,0.08514493703842163,0.015462857,0.9381377696990967,0.2533687449991703,0.0003,0.9989528059959412,0.11455078125,996.29,525.01416015625
497,477184,959,233,0.2,1160,-0.013635076372884214,-24.371872329711913,0.04271285608410835,0.013966784,0.9372847080230713,0.1937821939587593,0.0003,0.9994367361068726,0.078125,996.29,524.6881713867188
496,479232,964,234,0.2,1165,-0.022218597261235117,-24.352591896057127,0.05989513918757439,0.01884177,0.9359696507453918,0.19051834493875502,0.0003,0.9994145035743713,0.13447265625,996.29,514.2815551757812
496,481280,968,235,0.2,1170,-0.020866143982857466,-24.320461654663085,0.04802155867218971,0.019810349,0.9340678453445435,0.20905947536230088,0.0003,0.9993861317634583,0.14677734375,996.29,522.0906372070312
497,483328,972,236,0.2,1175,-0.01779873725026846,-24.291617965698244,0.5425207614898682,0.01474104,0.9331009387969971,1.356785887479782,0.0003,0.998207688331604,0.11787109375,996.29,522.0906372070312
497,485376,976,237,0.2,1180,-0.014895275689195842,-24.2753475189209,0.8443415760993958,0.012969648,0.932327389717102,1.8571353316307069,0.0003,0.9977934956550598,0.09482421875,996.29,512.47314453125
496,487424,980,238,0.2,1185,-0.015344574442133307,-24.25845136642456,0.8487192988395691,0.013077449,0.9311404824256897,1.905144315958023,0.0003,0.998025119304657,0.0861328125,996.29,503.55975341796875
496,489472,985,239,0.2,1190,-0.010431763413362206,-24.235594272613525,0.9316654205322266,0.0074113864,0.9303969144821167,1.8770869076251984,0.0003,0.9983270168304443,0.0365234375,996.29,515.2949829101562
496,491520,989,240,0.2,1195,-0.010938657121732831,-24.225924587249757,0.29541924595832825,0.011322051,0.9299882054328918,0.7733479231595993,0.0003,0.999317467212677,0.0625,996.29,515.2949829101562
496,493568,993,241,0.2,1200,-0.012748419027775525,-24.214978218078613,0.13082730770111084,0.009790126,0.9290928244590759,0.3616045966744423,0.0003,0.9995680451393127,0.0744140625,996.29,516.4619750976562
496,495616,998,242,0.2,1205,-0.01925900236237794,-24.191590595245362,0.19174951314926147,0.020025162,0.9278602600097656,0.4251278504729271,0.0003,0.9994897842407227,0.14248046875,996.29,521.9183349609375
496,497664,1002,243,0.2,1210,-0.01249300055205822,-24.171832942962645,0.5660904049873352,0.016980119,0.9270139336585999,1.1746590435504913,0.0003,0.9985694885253906,0.09150390625,996.29,529.1122436523438
496,499712,1006,244,0.2,1215,-0.010348929278552532,-24.158423709869385,1.6179931163787842,0.00927957,0.926584005355835,3.7185707449913026,0.0003,0.9971256256103516,0.0494140625,996.29,529.1122436523438
496,501760,1010,245,0.2,1220,-0.010411819908767939,-24.15315399169922,1.6192905902862549,0.007926483,0.9264455437660217,3.933409869670868,0.0003,0.9970828890800476,0.03603515625,996.29,531.852783203125
496,503808,1015,246,0.2,1225,-0.014281813730485737,-24.151820850372314,0.949029266834259,0.011752368,0.9263813495635986,2.9754201233386994,0.0003,0.9979686141014099,0.07060546875,996.29,540.0115356445312
496,505856,1019,247,0.2,1230,-0.015272956911940128,-24.14889841079712,0.691711962223053,0.011254032,0.9260327816009521,2.1649083852767945,0.0003,0.9984433650970459,0.0767578125,996.29,549.3339233398438
496,507904,1023,248,0.2,1235,-0.01633263772528153,-24.133209419250488,0.04137654975056648,0.012819314,0.9245694279670715,0.19102509021759034,0.0003,0.9995137453079224,0.08818359375,996.29,549.3339233398438
496,509952,1027,249,0.2,1240,-0.019923451356589794,-24.090749740600586,0.009820085018873215,0.014940062,0.9217778444290161,0.09667043425142766,0.0003,0.9997170567512512,0.13046875,996.29,549.77001953125
495,512000,1033,250,0.2,1245,-0.018171779229305685,-24.03646650314331,0.010209545493125916,0.016062796,0.9194574356079102,0.1057177435606718,0.0003,0.9996998906135559,0.17060546875,996.29,545.2589721679688
495,514048,1037,251,0.2,1250,-0.023007734725251795,-23.999893474578858,0.2760908007621765,0.021278918,0.9179092049598694,0.6823471486568451,0.0003,0.9987449049949646,0.19541015625,996.29,545.2589721679688
495,516096,1040,252,0.2,1255,-0.010655018652323633,-23.97633628845215,0.5547923445701599,0.010239644,0.917182207107544,1.3305974066257478,0.0003,0.9983774423599243,0.06435546875,996.29,545.2589721679688
495,518144,1044,253,0.2,1260,-0.014614667440764607,-23.96694450378418,0.474353164434433,0.012643422,0.9166838526725769,1.1505485236644746,0.0003,0.9985437989234924,0.08603515625,996.29,542.7643432617188
495,520192,1050,254,0.2,1265,-0.0161324393004179,-23.955261707305908,0.6821210980415344,0.015637644,0.9160544276237488,1.3987796664237977,0.0003,0.9986553192138672,0.10390625,996.29,537.9749145507812
495,522240,1053,255,0.2,1270,-0.01181801975471899,-23.943628215789794,0.30358201265335083,0.009414887,0.9155345559120178,0.7163812994956971,0.0003,0.9991476535797119,0.0416015625,996.29,537.9749145507812
495,524288,1057,256,0.2,1275,-0.013579881109762937,-23.9340350151062,0.1919803023338318,0.011338195,0.9151244759559631,0.49784037470817566,0.0003,0.9994217753410339,0.0732421875,996.29,545.4620971679688
495,526336,1062,257,0.2,1280,-0.01763594155199826,-23.92546339035034,0.15338028967380524,0.014503151,0.9145427346229553,0.36185830533504487,0.0003,0.9995493292808533,0.13115234375,996.29,545.872314453125
495,528384,1067,258,0.2,1285,-0.016775861382484436,-23.909744930267333,0.06052366644144058,0.017794263,0.9134949445724487,0.18257984444499015,0.0003,0.999591588973999,0.12919921875,996.29,527.149169921875
495,530432,1070,259,0.2,1290,-0.012249874719418585,-23.890391254425047,0.11223592609167099,0.012168966,0.9126882553100586,0.286959832161665,0.0003,0.9995071291923523,0.08447265625,996.29,527.149169921875
495,532480,1074,260,0.2,1295,-0.00944419096922502,-23.877038192749023,0.3476548492908478,0.011634112,0.912176787853241,0.6820973336696625,0.0003,0.9995326399803162,0.06533203125,996.29,528.19677734375
495,534528,1079,261,0.2,1300,-0.016222938848659395,-23.868923664093018,0.20283937454223633,0.0154762305,0.9117124080657959,0.4480509370565414,0.0003,0.9996030926704407,0.10537109375,996.29,533.5017700195312
494,536576,1084,262,0.2,1305,-0.013794330647215247,-23.858271980285643,0.200624480843544,0.014667455,0.9112678170204163,0.5357558310031891,0.0003,0.9995604753494263,0.1265625,996.29,550.783447265625
495,538624,1087,263,0.2,1310,-0.012749742879532278,-23.851565170288087,0.22560076415538788,0.012821728,0.9109725952148438,0.43075248301029206,0.0003,0.9996638298034668,0.08525390625,996.29,550.783447265625
495,540672,1092,264,0.2,1315,-0.010610620328225195,-23.844942569732666,0.09322761744260788,0.009082606,0.9105761051177979,0.2750569015741348,0.0003,0.9997223019599915,0.04091796875,996.29,543.4371337890625
494,542720,1097,265,0.2,1320,-0.017168525001034142,-23.830023765563965,0.049583643674850464,0.012634053,0.9094256162643433,0.18981224596500396,0.0003,0.9997461438179016,0.1361328125,996.29,541.8673095703125
494,544768,1102,266,0.2,1325,-0.015984536404721437,-23.806378746032713,0.05206722766160965,0.01617445,0.9081532955169678,0.19442144110798837,0.0003,0.9997612833976746,0.112890625,998.49,547.9888305664062
494,546816,1105,267,0.2,1330,-0.014625622378662228,-23.777751445770264,0.213178351521492,0.014472559,0.9064452052116394,0.5058645203709602,0.0003,0.9994877576828003,0.14228515625,998.49,547.9888305664062
494,548864,1109,268,0.2,1335,-0.019220219133421777,-23.75134210586548,0.3348810374736786,0.014104214,0.9058986306190491,1.0352867275476456,0.0003,0.9991517066955566,0.16181640625,998.49,544.343017578125
494,550912,1114,269,0.2,1340,-0.01630203949753195,-23.745511531829834,0.3830417990684509,0.014333278,0.9055992960929871,1.01243913769722,0.0003,0.9990983605384827,0.19150390625,998.49,552.728271484375
494,552960,1118,270,0.2,1345,-0.018352563958615065,-23.736280632019042,0.37993502616882324,0.018616334,0.9049656987190247,0.9308234453201294,0.0003,0.9991036653518677,0.1927734375,998.49,560.7833862304688
494,555008,1122,271,0.2,1350,-0.007558609987609088,-23.721835136413574,0.46356841921806335,0.015070395,0.9042896628379822,1.1437304943799973,0.0003,0.9989768266677856,0.18037109375,998.49,560.7833862304688
494,557056,1127,272,0.2,1355,-0.007813646411523222,-23.713456630706787,0.4761875867843628,0.011577925,0.9040331244468689,1.1699410378932953,0.0003,0.9989347457885742,0.07275390625,998.49,554.6744995117188
494,559104,1131,273,0.2,1360,-0.008922192896716297,-23.709153842926025,0.49716630578041077,0.00884539,0.9037925004959106,1.1913932532072067,0.0003,0.9987594485282898,0.0408203125,998.49,562.7344970703125
493,561152,1136,274,0.2,1365,-0.005489497253438458,-23.703723239898682,0.7729357481002808,0.004739736,0.9035332202911377,1.6388142883777619,0.0003,0.9985703825950623,0.01240234375,1000.0,578.0239868164062
494,563200,1139,275,0.2,1370,-0.007085368665866554,-23.69908266067505,0.6946966052055359,0.0037974021,0.9032866954803467,1.434445995092392,0.0003,0.9989942908287048,0.00537109375,1000.0,578.0239868164062
494,565248,1143,276,0.2,1375,-0.010306525859050453,-23.695434188842775,0.6418128609657288,0.010439869,0.9032197594642639,1.6140248715877532,0.0003,0.9989486336708069,0.056640625,1000.0,584.4222412109375
493,567296,1148,277,0.2,1380,-0.011664820206351578,-23.693618965148925,0.5200783014297485,0.012739444,0.9030384421348572,1.2434799730777741,0.0003,0.999057412147522,0.07412109375,1000.0,596.8319091796875
493,569344,1152,278,0.2,1385,-0.013354277284815908,-23.68861093521118,0.41065993905067444,0.012580281,0.9027742743492126,1.03446264564991,0.0003,0.9992764592170715,0.10166015625,1000.0,603.3502807617188
493,571392,1156,279,0.2,1390,-0.01706962927710265,-23.680166912078857,0.15577168762683868,0.015372105,0.901953399181366,0.4360612094402313,0.0003,0.999316394329071,0.11103515625,1000.0,603.3502807617188
493,573440,1161,280,0.2,1395,-0.020103114284574987,-23.654320335388185,0.01734931394457817,0.018555507,0.9001668095588684,0.11255489103496075,0.0003,0.9989232420921326,0.17607421875,1000.0,601.3016357421875
493,575488,1166,281,0.2,1400,-0.01918445723131299,-23.616053104400635,0.07019311189651489,0.017942384,0.8981872200965881,0.16629676297307014,0.0003,0.9996692538261414,0.1775390625,1000.0,603.5167846679688
493,577536,1170,282,0.2,1405,-0.013625443750061094,-23.581495094299317,0.06503991782665253,0.019042587,0.8968603610992432,0.2795462794601917,0.0003,0.9997239112854004,0.12724609375,1000.0,608.9329223632812
493,579584,1174,283,0.2,1410,-0.015679342055227606,-23.560148906707763,0.29217180609703064,0.015020794,0.8960090279579163,0.6766486823558807,0.0003,0.9995187520980835,0.1419921875,1000.0,608.9329223632812
493,581632,1178,284,0.2,1415,-0.016768743400461972,-23.543294143676757,0.2867286503314972,0.013986125,0.8950852155685425,0.7707383304834365,0.0003,0.9994324445724487,0.1474609375,1000.0,616.6876831054688
493,583680,1182,285,0.2,1420,-0.012752482760697603,-23.524929523468018,0.24200469255447388,0.014717564,0.8943191170692444,0.6856012225151062,0.0003,0.9993633031845093,0.1189453125,1000.0,610.7305297851562
493,585728,1187,286,0.2,1425,-0.015845667920075357,-23.512181949615478,0.2714439928531647,0.01261621,0.8938244581222534,0.71290802359581,0.0003,0.9993688464164734,0.19609375,1000.0,625.3546142578125
493,587776,1191,287,0.2,1430,-0.013736268249340355,-23.49915599822998,0.04826407507061958,0.026562875,0.8929150700569153,0.17570314705371856,0.0003,0.9997633099555969,0.258203125,1000.0,625.3546142578125
493,589824,1195,288,0.2,1435,-0.012093058531172573,-23.481197929382326,0.045992784202098846,0.014458849,0.8922255039215088,0.14952922128140927,0.0003,0.9998466372489929,0.128515625,1000.0,627.2486572265625
493,591872,1199,289,0.2,1440,-0.01946391290985048,-23.45609426498413,0.03335607051849365,0.01585612,0.8902991414070129,0.10027340911328793,0.0003,0.9998540282249451,0.2689453125,1000.0,621.1134033203125
493,593920,1203,290,0.2,1445,-0.013418900081887841,-23.418814945220948,0.09903787076473236,0.02790889,0.8887794017791748,0.3105265602469444,0.0003,0.9995366334915161,0.27392578125,1000.0,611.8468627929688
493,595968,1207,291,0.2,1450,-0.015017134742811323,-23.392620086669922,0.160356804728508,0.011947295,0.8872539401054382,0.44438217133283614,0.0003,0.999652087688446,0.1255859375,1000.0,611.8468627929688
493,598016,1211,292,0.2,1455,-0.021579794771969318,-23.357698726654053,0.13764917850494385,0.016264727,0.8856078386306763,0.380243581533432,0.0003,0.99968421459198,0.2005859375,1000.0,612.5370483398438
493,600064,1216,293,0.2,1460,-0.014884719473775477,-23.32976016998291,0.1147407814860344,0.01510085,0.8846089839935303,0.35381260365247724,0.0003,0.999701201915741,0.1630859375,1000.0,613.5870361328125
493,602112,1220,294,0.2,1465,-0.010606804373674094,-23.31127347946167,0.1944711059331894,0.018640876,0.8838040828704834,0.4809494361281395,0.0003,0.9995340704917908,0.17392578125,1000.0,613.5870361328125
493,604160,1224,295,0.2,1470,-0.00506720143603161,-23.301979732513427,0.44815701246261597,0.007958289,0.8837220668792725,1.0619782149791717,0.0003,0.9993184804916382,0.03916015625,1000.0,614.2747802734375
493,606208,1228,296,0.2,1475,-0.008638865035027265,-23.30271339416504,0.6657576560974121,0.0115598515,0.8837750554084778,1.25048386156559,0.0003,0.9993042945861816,0.07490234375,1000.0,614.2747802734375
493,608256,1233,297,0.2,1480,-0.010480934305815027,-23.300761699676514,0.4037555456161499,0.011601956,0.8835175037384033,0.9832023322582245,0.0003,0.9990198016166687,0.096484375,1000.0,621.8090209960938
493,610304,1236,298,0.2,1485,-0.007074896874837577,-23.29508066177368,0.31667646765708923,0.010278791,0.8832434415817261,0.6825696110725403,0.0003,0.9993317723274231,0.057421875,1000.0,621.8090209960938
493,612352,1240,299,0.2,1490,-0.010684987460263074,-23.28829002380371,0.2807689309120178,0.0120879095,0.882806122303009,0.5446699753403663,0.0003,0.999416708946228,0.0716796875,1000.0,626.2236328125
493,614400,1244,300,0.2,1495,-0.011375524778850376,-23.278769397735594,0.265995055437088,0.011884721,0.8823427557945251,0.6947650492191315,0.0003,0.9992631077766418,0.10146484375,1000.0,632.8546142578125
493,616448,1249,301,0.2,1500,-0.013297335221432149,-23.2663854598999,0.2870427966117859,0.013287995,0.8815144896507263,0.6417938649654389,0.0003,0.9993486404418945,0.13603515625,1000.0,636.3976440429688
493,618496,1253,302,0.2,1505,-0.011723335843998938,-23.248956394195556,0.14333626627922058,0.01213295,0.8807864785194397,0.44699265956878664,0.0003,0.9993273615837097,0.13115234375,1000.0,636.3976440429688
493,620544,1257,303,0.2,1510,-0.011313112545758485,-23.23640947341919,0.04010309651494026,0.011795295,0.8801626563072205,0.17284084893763066,0.0003,0.9993051290512085,0.10029296875,1000.0,634.0489501953125
493,622592,1261,304,0.2,1515,-0.008581316377967597,-23.224020099639894,0.0900760218501091,0.007900678,0.8795792460441589,0.22004932686686515,0.0003,0.999270498752594,0.0599609375,1000.0,633.578369140625
493,624640,1265,305,0.2,1520,-0.01145219651516527,-23.211197280883788,0.11311307549476624,0.012421308,0.8789883255958557,0.2070301815867424,0.0003,0.9995301961898804,0.13955078125,1000.0,635.0480346679688
493,626688,1269,306,0.2,1525,-0.006244042655453086,-23.203307914733887,0.38441815972328186,0.01110374,0.8788342475891113,0.9775633305311203,0.0003,0.99930340051651,0.119140625,1000.0,635.0480346679688
493,628736,1273,307,0.2,1530,-0.010113253840245306,-23.200834846496583,0.30503082275390625,0.014702953,0.8787014484405518,0.7664251506328583,0.0003,0.9993296265602112,0.18125,1000.0,639.6342163085938
493,630784,1277,308,0.2,1535,-0.014678686659317463,-23.197849464416503,0.6019076108932495,0.0109254,0.8785129189491272,0.7767969757318497,0.0003,0.9994512796401978,0.11123046875,1000.0,650.7921752929688
493,632832,1282,309,0.2,1540,-0.005884115170920268,-23.19386863708496,0.36652255058288574,0.0080138,0.8783226609230042,0.8069925248622895,0.0003,0.9995455741882324,0.03671875,1000.0,668.5088500976562
493,634880,1286,310,0.2,1545,-0.010441463952884079,-23.186666393280028,0.2510124146938324,0.029188769,0.8777944445610046,0.31599699556827543,0.0003,0.9997938275337219,0.24326171875,1000.0,668.5088500976562
493,636928,1290,311,0.2,1550,-0.005204818560741842,-23.177446556091308,0.1776539534330368,0.0285387,0.877437174320221,0.5080387145280838,0.0003,0.9997260570526123,0.2189453125,1000.0,660.692138671875
493,638976,1295,312,0.2,1555,-0.01047846230212599,-23.16731462478638,0.16856876015663147,0.010329377,0.8767119646072388,0.47330684661865235,0.0003,0.9996151924133301,0.1279296875,1000.0,667.376708984375
493,641024,1299,313,0.2,1560,-0.011638999334536493,-23.149345207214356,0.270249605178833,0.011025799,0.8757955431938171,0.5010561183094978,0.0003,0.9996034502983093,0.1443359375,1000.0,667.319580078125
493,643072,1303,314,0.2,1565,-0.006738547421991825,-23.134930324554443,0.1437603384256363,0.010317984,0.8753491640090942,0.32480805069208146,0.0003,0.9997202754020691,0.05869140625,1000.0,667.319580078125
493,645120,1308,315,0.2,1570,-0.00886639505624771,-23.12795248031616,0.10940425843000412,0.010433484,0.8750690817832947,0.23792226538062095,0.0003,0.99982750415802,0.0681640625,1000.0,670.9697875976562
492,647168,1312,316,0.2,1575,-0.007495788321830332,-23.12290153503418,0.1578466296195984,0.008368095,0.8748796582221985,0.37831289023160936,0.0003,0.9997537136077881,0.06259765625,1000.0,681.5459594726562
492,649216,1317,317,0.2,1580,-0.007718478562310338,-23.11598253250122,0.278093546628952,0.012415515,0.8742984533309937,0.582653422653675,0.0003,0.9996148943901062,0.2126953125,1000.0,686.1730346679688
492,651264,1321,318,0.2,1585,-0.010668513854034245,-23.101637840270996,0.18865689635276794,0.016147384,0.8735759258270264,0.49915557652711867,0.0003,0.9995627999305725,0.198046875,1000.0,686.1730346679688
492,653312,1326,319,0.2,1590,-0.008983638323843478,-23.089475536346434,0.1932935118675232,0.00909091,0.8731706142425537,0.42637875825166704,0.0003,0.9995723962783813,0.12177734375,1000.0,696.406494140625
492,655360,1330,320,0.2,1595,-0.00797165313269943,-23.079234218597414,0.16298097372055054,0.011853568,0.8725438117980957,0.32986299842596056,0.0003,0.9996983408927917,0.1224609375,1000.0,689.6614990234375
492,657408,1335,321,0.2,1600,-0.008623473229818046,-23.06744251251221,0.20375683903694153,0.010997469,0.8720656633377075,0.3662960395216942,0.0003,0.9998846054077148,0.1068359375,1000.0,688.0283813476562
492,659456,1338,322,0.2,1605,-0.013877254514954983,-23.056754302978515,0.036532022058963776,0.015990485,0.8713665008544922,0.18202670589089393,0.0003,0.9998171329498291,0.17822265625,1000.0,688.0283813476562
492,661504,1342,323,0.2,1610,-0.01017519433517009,-23.035802364349365,0.04019676893949509,0.010495481,0.8700806498527527,0.14009891785681247,0.0003,0.9998753666877747,0.19619140625,1000.0,691.4712524414062
492,663552,1347,324,0.2,1615,-0.013918224046938122,-23.006658458709715,0.052347391843795776,0.018506926,0.8685770034790039,0.15642253309488297,0.0003,0.9998642206192017,0.24638671875,1000.0,692.0906372070312
492,665600,1351,325,0.2,1620,-0.006795898918062449,-22.983467483520506,0.11009888350963593,0.014359218,0.8679025173187256,0.30358011424541476,0.0003,0.999775767326355,0.15615234375,1000.0,679.3499755859375
492,667648,1355,326,0.2,1625,-0.00602359757758677,-22.97153377532959,0.08542308956384659,0.0124427695,0.8673309683799744,0.20011717230081558,0.0003,0.9998833537101746,0.0791015625,1000.0,679.3499755859375
492,669696,1360,327,0.2,1630,-0.00444047685014084,-22.956342506408692,0.016856543719768524,0.010257776,0.866288423538208,0.09119121301919222,0.0003,0.9999233484268188,0.2974609375,1000.0,672.633544921875
492,671744,1364,328,0.2,1635,-0.011460312921553851,-22.9305832862854,0.01478547789156437,0.008916128,0.8650099635124207,0.08749039042741061,0.0003,0.9998993873596191,0.13857421875,1000.0,671.3134155273438
492,673792,1369,329,0.2,1640,-0.016693013580515982,-22.902383708953856,0.021869981661438942,0.018487941,0.8636066317558289,0.11072692088782787,0.0003,0.9997782111167908,0.25498046875,1000.0,673.4071044921875
492,675840,1372,330,0.2,1645,-0.01450675583910197,-22.870941162109375,0.03850771486759186,0.012380177,0.8619548678398132,0.11472674515098333,0.0003,0.9998367428779602,0.212109375,1000.0,673.4071044921875
492,677888,1376,331,0.2,1650,-0.007985063805244863,-22.842067527770997,0.20285366475582123,0.014239771,0.8610419034957886,0.20448309518396854,0.0003,0.9997084140777588,0.1208984375,1000.0,675.3107299804688
492,679936,1381,332,0.2,1655,-0.009105427004396916,-22.827857875823973,0.22421233355998993,0.010638115,0.8604458570480347,0.16187676191329955,0.0003,0.9997014999389648,0.17001953125,1000.0,680.101318359375
492,681984,1385,333,0.2,1660,-0.009607202163897455,-22.815420818328857,0.1539914906024933,0.011764759,0.8598306179046631,0.15726079046726227,0.0003,0.9994863867759705,0.2419921875,1000.0,677.8758544921875
492,684032,1389,334,0.2,1665,-0.005957396933808923,-22.803455352783203,0.09830410033464432,0.009037545,0.85929936170578,0.1876762606203556,0.0003,0.9994901418685913,0.101953125,1000.0,677.8758544921875
492,686080,1393,335,0.2,1670,-0.01205134461633861,-22.792577838897706,0.08190163969993591,0.0308007,0.8588563203811646,0.25632031820714474,0.0003,0.9997567534446716,0.3171875,1000.0,671.30419921875
491,688128,1398,336,0.2,1675,-0.005717732314951718,-22.782049942016602,0.04416697099804878,0.03742405,0.8581699728965759,0.1862993562594056,0.0003,0.999824583530426,0.27255859375,1000.0,678.3258666992188
492,690176,1402,337,0.2,1680,0.002977026729786303,-22.768574142456053,0.30299970507621765,0.036766563,0.8577605485916138,0.5794716060161591,0.0003,0.9997185468673706,0.420703125,1000.0,678.3258666992188
492,692224,1406,338,0.2,1685,-0.008160837646573781,-22.763933849334716,0.36184632778167725,0.009874523,0.8575460910797119,1.0125516444444655,0.0003,0.9993308782577515,0.0890625,1000.0,678.32861328125
492,694272,1410,339,0.2,1690,-0.006172539631370455,-22.758831119537355,0.3327174186706543,0.0086381715,0.8573954701423645,0.9487492442131042,0.0003,0.9993497729301453,0.12158203125,1000.0,685.6512451171875
491,696320,1415,340,0.2,1695,-0.006197369197616353,-22.752752685546874,0.3795163333415985,0.01611692,0.8568828701972961,1.3641472637653351,0.0003,0.9990048408508301,0.18837890625,1000.0,711.427734375
492,698368,1419,341,0.2,1700,-0.002299473149469122,-22.744186878204346,0.39733871817588806,0.016570231,0.8567182421684265,0.9037948757410049,0.0003,0.9991325736045837,0.11259765625,1000.0,711.427734375
491,700416,1423,342,0.2,1705,-0.0038677770993672312,-22.741985416412355,0.23591077327728271,0.0054005636,0.8566229343414307,0.4106240294873714,0.0003,0.9996818900108337,0.01357421875,1000.0,709.931396484375
491,702464,1427,343,0.2,1710,-0.004375172615982592,-22.738682174682616,0.07922499626874924,0.027613191,0.8563669919967651,0.385034878924489,0.0003,0.9998812079429626,0.13662109375,1000.0,716.4930419921875
491,704512,1432,344,0.2,1715,-0.006341339834034443,-22.73199005126953,0.119207963347435,0.015491182,0.8559486865997314,0.5945986650884152,0.0003,0.9999109506607056,0.11533203125,1000.0,713.9087524414062
491,706560,1436,345,0.2,1720,-0.004260406969115138,-22.720524787902832,0.044651102274656296,0.013556184,0.855320155620575,0.19292918853461744,0.0003,0.9998728632926941,0.10869140625,1000.0,713.9087524414062
491,708608,1440,346,0.2,1725,-0.0063484772108495235,-22.709271144866943,0.07253116369247437,0.009014017,0.8549367189407349,0.1559308934956789,0.0003,0.999854564666748,0.08544921875,1000.0,714.2990112304688
491,710656,1444,347,0.2,1730,-0.006737897981656716,-22.70156774520874,0.06478922069072723,0.011618153,0.8545052409172058,0.15363741293549538,0.0003,0.999856173992157,0.08955078125,1000.0,715.5438842773438
491,712704,1449,348,0.2,1735,-0.007675678480882198,-22.692225551605226,0.05921303853392601,0.01314334,0.8541244864463806,0.18000508174300195,0.0003,0.9998306035995483,0.092578125,1000.0,705.6607055664062
491,714752,1453,349,0.2,1740,-0.006029010727070272,-22.685316276550292,0.06552186608314514,0.011168504,0.8538138270378113,0.22622155770659447,0.0003,0.9998102188110352,0.07197265625,1000.0,705.6607055664062
491,716800,1457,350,0.2,1745,-0.004403150489088148,-22.679356861114503,0.10242370516061783,0.009067627,0.8535895943641663,0.25123626217246053,0.0003,0.9998391270637512,0.04755859375,1000.0,698.4994506835938
491,718848,1462,351,0.2,1750,-0.006566412630490959,-22.674426364898682,0.12453003227710724,0.012512278,0.8533210158348083,0.2512769490480423,0.0003,0.9998455047607422,0.071484375,1000.0,705.6716918945312
491,720896,1466,352,0.2,1755,-0.005176866427063942,-22.66814832687378,0.1254575103521347,0.008698892,0.8529974818229675,0.3019300252199173,0.0003,0.9998292326927185,0.0642578125,1000.0,718.5535278320312
491,722944,1470,353,0.2,1760,-0.006307320157065988,-22.662665176391602,0.19348128139972687,0.006723112,0.8528128862380981,0.5216136679053307,0.0003,0.9996620416641235,0.10625,1000.0,718.5535278320312
491,724992,1474,354,0.2,1765,-0.004297420242801308,-22.65620641708374,0.20772242546081543,0.012746394,0.8524350523948669,0.6255126923322678,0.0003,0.9996806979179382,0.18857421875,1000.0,718.2230224609375
491,727040,1479,355,0.2,1770,-0.0008309668861329556,-22.645361137390136,0.1298571527004242,0.008332514,0.8517931699752808,0.5483423054218293,0.0003,0.9997355937957764,0.2279296875,1000.0,723.4293212890625
491,729088,1483,356,0.2,1775,-0.006642458937130868,-22.630731678009035,0.23341085016727448,0.009031956,0.8510982394218445,0.5268727406859398,0.0003,0.9998028874397278,0.1642578125,1000.0,713.1677856445312
491,731136,1487,357,0.2,1780,0.022063250932842494,-22.61343126296997,0.0655738040804863,0.04544158,0.8503052592277527,0.22570790387690068,0.0003,0.9998665452003479,0.56630859375,1000.0,713.1677856445312
491,733184,1492,358,0.2,1785,-0.003279643610585481,-22.597574043273926,0.02745966985821724,0.014848629,0.8492041230201721,0.09649810893461108,0.0003,0.9992489814758301,0.20947265625,1000.0,713.5220336914062
491,735232,1496,359,0.2,1790,-0.005156837217509746,-22.57352638244629,0.2355525940656662,0.017436717,0.8483794331550598,0.251742884516716,0.0003,0.9996176958084106,0.2345703125,1000.0,700.9351806640625
491,737280,1500,360,0.2,1795,5.297600291669369e-05,-22.56233444213867,0.14490990340709686,0.035001166,0.8480486869812012,0.7047851867973804,0.0003,0.9996709227561951,0.2322265625,1000.0,695.260009765625
491,739328,1504,361,0.2,1800,-0.0054586043814197184,-22.558229541778566,0.21245989203453064,0.00758737,0.8479681611061096,0.6784278690814972,0.0003,0.9996138215065002,0.05615234375,1000.0,695.260009765625
491,741376,1508,362,0.2,1805,-0.008311874163337053,-22.554952239990236,0.2115023136138916,0.009782739,0.8477042317390442,0.6589060395956039,0.0003,0.9996678233146667,0.10537109375,1000.0,699.4318237304688
491,743424,1512,363,0.2,1810,-0.008889121212996542,-22.548019218444825,0.21909748017787933,0.00635786,0.8473706245422363,0.5749237611889839,0.0003,0.9997100830078125,0.1087890625,1000.0,708.3764038085938
491,745472,1517,364,0.2,1815,-0.006673324754228815,-22.539619159698486,0.13613364100456238,0.005769402,0.8468688130378723,0.37483587563037873,0.0003,0.9997779726982117,0.07001953125,1000.0,711.1498413085938
491,747520,1521,365,0.2,1820,-0.0051214133854955435,-22.529276275634764,0.07043423503637314,0.008130474,0.8464131951332092,0.210942280292511,0.0003,0.999862790107727,0.089453125,1000.0,711.1498413085938
491,749568,1524,366,0.2,1825,-0.006794467358849943,-22.520139598846434,0.13932132720947266,0.010790345,0.8460140824317932,0.287306410074234,0.0003,0.9998441934585571,0.10654296875,1000.0,703.1983642578125
491,751616,1529,367,0.2,1830,-0.006343514914624393,-22.512293434143068,0.17933134734630585,0.008411448,0.8456723690032959,0.38829777389764786,0.0003,0.999790370464325,0.09384765625,1000.0,703.9562377929688
491,753664,1533,368,0.2,1835,-0.004169620608445257,-22.506896495819092,0.18407858908176422,0.008447802,0.8455092906951904,0.42967992424964907,0.0003,0.9997962713241577,0.03330078125,1000.0,716.315185546875
491,755712,1537,369,0.2,1840,-0.003899923467542976,-22.50381383895874,0.17176678776741028,0.008501651,0.8453381061553955,0.43980507403612135,0.0003,0.9997805953025818,0.0369140625,1000.0,716.315185546875
491,757760,1541,370,0.2,1845,-0.0043938986491411924,-22.500531959533692,0.19200554490089417,0.008317246,0.8452292680740356,0.4546261191368103,0.0003,0.9997916221618652,0.037890625,1000.0,721.8756103515625
491,759808,1545,371,0.2,1850,-0.005631330132018775,-22.49929361343384,0.1816258281469345,0.0102494955,0.8452344536781311,0.4387442857027054,0.0003,0.9997952580451965,0.0599609375,1000.0,731.201171875
491,761856,1550,372,0.2,1855,-0.0054251751105766745,-22.49864797592163,0.16452790796756744,0.01087435,0.8451119661331177,0.3950949490070343,0.0003,0.9997731447219849,0.09599609375,1000.0,729.625
491,763904,1554,373,0.2,1860,0.0019978153286501765,-22.493100547790526,0.1115308627486229,0.051695667,0.8445212244987488,0.22112164460122585,0.0003,0.9998579621315002,0.18134765625,1000.0,729.625
491,765952,1558,374,0.2,1865,-0.0016497703443747013,-22.475835704803465,0.039130471646785736,0.01835528,0.8438599109649658,0.7803719863295555,0.0003,0.9998963475227356,0.17138671875,1000.0,732.2755737304688
491,768000,1563,375,0.2,1870,-0.006174528528936208,-22.46430492401123,0.07386127859354019,0.011247098,0.8432283401489258,0.6114232502877712,0.0003,0.999919593334198,0.18779296875,1000.0,736.612060546875
491,770048,1567,376,0.2,1875,-0.0021517955930903552,-22.44756212234497,0.49380579590797424,0.028607387,0.8424628973007202,0.3347051676362753,0.0003,0.9998257756233215,0.32431640625,1000.0,736.612060546875
491,772096,1571,377,0.2,1880,-0.005556253797840327,-22.43591728210449,0.06784121692180634,0.012220036,0.8421347141265869,0.36866873055696486,0.0003,0.99981689453125,0.20458984375,1000.0,736.612060546875
491,774144,1575,378,0.2,1885,-0.008525694650597871,-22.43029546737671,0.25484952330589294,0.013115605,0.8418318629264832,0.24845867659896612,0.0003,0.9999455809593201,0.1162109375,1000.0,736.7525634765625
491,776192,1580,379,0.2,1890,-0.0039047053549438717,-22.422448444366456,0.1243358850479126,0.008553242,0.8414203524589539,0.22639509439468383,0.0003,0.9999367594718933,0.06669921875,1000.0,753.7935180664062
491,778240,1584,380,0.2,1895,-0.005153293092735112,-22.414094734191895,0.6968793272972107,0.017800767,0.8410980701446533,0.7720728158950806,0.0003,0.9999018311500549,0.18662109375,1000.0,753.7935180664062
491,780288,1588,381,0.2,1900,-0.006184402760118246,-22.408882331848144,0.33179405331611633,0.010636719,0.840851902961731,1.0395575672388078,0.0003,0.9996264576911926,0.0662109375,1000.0,752.1367797851562
491,782336,1592,382,0.2,1905,0.008393550640903413,-22.40004434585571,0.6976596117019653,0.012168479,0.8404049277305603,1.812382698059082,0.0003,0.9997096657752991,0.33076171875,1000.0,755.5242309570312
491,784384,1596,383,0.2,1910,-0.001774138049222529,-22.395549011230468,0.18600977957248688,0.016857969,0.8403456211090088,0.7652806311845779,0.0003,0.9997314810752869,0.1482421875,1000.0,786.73486328125
491,786432,1600,384,0.2,1915,-0.0023861641064286234,-22.39554433822632,0.1770746111869812,0.032189224,0.8403805494308472,0.5848834961652756,0.0003,0.9998430609703064,0.147265625,1000.0,786.73486328125
491,788480,1604,385,0.2,1920,0.02628845244180411,-22.39206428527832,0.2907617688179016,0.13685684,0.8399407267570496,1.1136927864514292,0.0003,0.9994078874588013,0.435546875,1000.0,784.3649291992188
491,790528,1608,386,0.2,1925,0.01546864431584254,-22.377401733398436,0.11053719371557236,0.08017059,0.8388276696205139,0.10053604990243911,0.0003,0.9991009831428528,0.28408203125,1000.0,786.0093994140625
491,792576,1614,387,0.2,1930,-0.007035690196789801,-22.352088356018065,0.08516892045736313,0.010408312,0.8377655148506165,0.1129009084776044,0.0003,0.9997482299804688,0.1640625,1000.0,773.195068359375
491,794624,1618,388,0.2,1935,0.025258079334162176,-22.328063106536867,0.02589917555451393,0.057597123,0.8368204832077026,0.10752144251018762,0.0003,0.9999666213989258,0.457421875,1000.0,773.195068359375
491,796672,1622,389,0.2,1940,-0.0019184328382834792,-22.285963821411134,-0.0015190541744232178,0.03562498,0.8334386944770813,0.02226591482758522,0.0003,0.9999677538871765,0.36259765625,1000.0,766.8941650390625
490,798720,1626,390,0.2,1945,-0.00942115520592779,-22.210682106018066,-0.010984490625560284,0.01933074,0.8298172354698181,0.019630563352257012,0.0003,0.9999751448631287,0.25341796875,1000.0,758.8225708007812
490,800768,1631,391,0.2,1950,-0.009693387197330594,-22.13445062637329,0.003337869420647621,0.011904058,0.8267762064933777,0.041754699777811766,0.0003,0.9999406337738037,0.22080078125,1000.0,733.4317016601562
490,802816,1635,392,0.2,1955,-0.005083410697989166,-22.088664531707764,0.3604359030723572,0.030821525,0.8257371187210083,0.22731270790100097,0.0003,0.9996222257614136,0.28759765625,1000.0,733.4317016601562
491,804864,1639,393,0.2,1960,-0.0020162653643637897,-22.078289318084718,0.2675018012523651,0.013006384,0.8255531787872314,0.27361260578036306,0.0003,0.9998311996459961,0.0951171875,1000.0,734.8545532226562
490,806912,1643,394,0.2,1965,-0.000888022780418396,-22.075360774993896,0.21714892983436584,0.011356523,0.8255031704902649,0.517195587605238,0.0003,0.9997465014457703,0.1904296875,1000.0,732.3861083984375
490,808960,1648,395,0.2,1970,-0.003906412282958627,-22.074600219726562,0.09041741490364075,0.0067626806,0.8254168629646301,0.6038450039923191,0.0003,0.9997717142105103,0.07421875,1000.0,732.358642578125
490,811008,1651,396,0.2,1975,-0.0035250284941866993,-22.07092866897583,0.838280200958252,0.015602357,0.8251131772994995,0.8838155545294285,0.0003,0.9998360276222229,0.081640625,1000.0,732.358642578125
491,813056,1655,397,0.2,1980,-0.004542371421121061,-22.062556552886964,0.19033724069595337,0.013176063,0.8248280882835388,0.37294746935367584,0.0003,0.9997366666793823,0.1595703125,1000.0,739.2169799804688
490,815104,1660,398,0.2,1985,-0.007781028561294079,-22.058769702911377,0.1328301578760147,0.014020188,0.824688196182251,0.3398127965629101,0.0003,0.9998007416725159,0.09609375,1000.0,737.040283203125
490,817152,1664,399,0.2,1990,-0.0025686112930998206,-22.053070735931396,0.10367795079946518,0.014791049,0.8242359161376953,0.40303137004375456,0.0003,0.999782145023346,0.14365234375,1000.0,731.6240844726562
490,819200,1668,400,0.2,1995,0.00023178334813565016,-22.041081047058107,0.10144408047199249,0.025826566,0.8237676620483398,0.3711227022111416,0.0003,0.9997356534004211,0.3330078125,1000.0,731.6240844726562
491,821248,1672,401,0.2,2000,-0.004540806193836034,-22.028880310058593,0.1261676847934723,0.010334495,0.8228282332420349,0.10911309719085693,0.0003,0.9999017119407654,0.22939453125,1000.0,733.630615234375
490,823296,1677,402,0.2,2005,-0.000299061369150877,-22.00877685546875,0.050053514540195465,0.010582225,0.8222557306289673,0.25065273493528367,0.0003,0.9997361898422241,0.15107421875,1000.0,732.1905517578125
490,825344,1681,403,0.2,2010,-0.003974099550396204,-22.00135374069214,0.0871303528547287,0.017580483,0.8220846056938171,0.5067701674997807,0.0003,0.9998832941055298,0.13447265625,1000.0,729.9991455078125
490,827392,1685,404,0.2,2015,-0.0005866726860404015,-21.99813756942749,0.20068491995334625,0.011308032,0.8219349980354309,0.36270718425512316,0.0003,0.9998937845230103,0.16259765625,1000.0,729.9991455078125
490,829440,1689,405,0.2,2020,-0.0034795593470335006,-21.99448080062866,0.10095660388469696,0.0059437044,0.8216614127159119,0.3420011974871159,0.0003,0.9998853206634521,0.121484375,1000.0,721.6881103515625
490,831488,1694,406,0.2,2025,0.0008282025344669818,-21.98604679107666,0.09676406532526016,0.021927081,0.8212120532989502,0.28154367953538895,0.0003,0.9998413920402527,0.1478515625,1000.0,717.9202270507812
490,833536,1699,407,0.2,2030,-0.005834594066254794,-21.97604446411133,0.26707151532173157,0.013879306,0.8207483291625977,0.5009508728981018,0.0003,0.9998548030853271,0.18037109375,1000.0,739.77734375
490,835584,1703,408,0.2,2035,-0.00917150208260864,-21.964816951751708,0.07664360851049423,0.013677403,0.8201588988304138,0.22932301461696625,0.0003,0.999914824962616,0.147265625,1000.0,739.77734375
490,837632,1707,409,0.2,2040,0.007551948074251413,-21.943394565582274,0.2061903327703476,0.028330766,0.8188092708587646,0.19870004253461956,0.0003,0.9999200105667114,0.37119140625,1000.0,739.9136962890625
490,839680,1711,410,0.2,2045,0.0022389145102351903,-21.908140182495117,0.05806032568216324,0.02625275,0.8164277672767639,0.15281275399029254,0.0003,0.9999179244041443,0.2951171875,1000.0,736.4833374023438
490,841728,1716,411,0.2,2050,0.007980995788238942,-21.85395154953003,0.061994075775146484,0.01546821,0.8149110078811646,0.19346914626657963,0.0003,0.9999300241470337,0.31748046875,1000.0,726.302978515625
490,843776,1720,412,0.2,2055,0.003075423534028232,-21.83548469543457,1.0184694528579712,0.039086368,0.8145292401313782,0.5115852411836386,0.0003,0.9999251961708069,0.40419921875,1000.0,726.302978515625
490,845824,1724,413,0.2,2060,0.0018420214648358524,-21.830715274810792,0.0740232840180397,0.010222819,0.8142993450164795,0.42260843217372895,0.0003,0.9999217987060547,0.23779296875,1000.0,734.730224609375
490,847872,1728,414,0.2,2065,0.0034995243651792405,-21.822427845001222,0.22962306439876556,0.018956387,0.8139398097991943,0.2784223549067974,0.0003,0.9999082684516907,0.3185546875,1000.0,726.46533203125
490,849920,1733,415,0.2,2070,-0.001708518259692937,-21.81641502380371,0.2216504067182541,0.007649049,0.813726544380188,0.4502320118248463,0.0003,0.9998416900634766,0.038671875,1000.0,742.914306640625
490,851968,1736,416,0.2,2075,-0.004129646997898817,-21.81176815032959,0.8545697927474976,0.016995307,0.8135599493980408,2.402431283146143,0.0003,0.9998881816864014,0.16953125,1000.0,742.914306640625
490,854016,1740,417,0.2,2080,-0.005208346759900451,-21.808583736419678,0.4806225299835205,0.012861998,0.8133938312530518,0.9366833690553904,0.0003,0.9999133944511414,0.06845703125,1000.0,737.3467407226562
490,856064,1746,418,0.2,2085,-0.0073510674759745594,-21.80460786819458,0.4511698782444,0.0086649265,0.8132097721099854,0.45465299412608146,0.0003,0.9999244213104248,0.06337890625,1000.0,739.4534912109375
490,858112,1750,419,0.2,2090,-0.0045808369177393615,-21.80128927230835,0.09301885962486267,0.007918165,0.8131276369094849,0.6012743949890137,0.0003,0.9998776316642761,0.04423828125,1000.0,739.4534912109375
490,860160,1755,420,0.2,2095,-0.0057604346657171845,-21.797338199615478,0.4335668385028839,0.010193114,0.8128165602684021,0.2827991841360927,0.0003,0.9999476671218872,0.114453125,1000.0,739.68505859375
490,862208,1758,421,0.2,2100,-0.0037037358270026743,-21.790504932403564,0.02918565273284912,0.0077253683,0.8125125765800476,0.23740266021341086,0.0003,0.9999571442604065,0.077734375,1000.0,739.68505859375
489,864256,1764,422,0.2,2105,0.0033201666316017508,-21.783252048492432,0.09088212251663208,0.01603352,0.8122439384460449,0.36229413077235223,0.0003,0.9999642968177795,0.20771484375,1000.0,733.6063232421875
490,866304,1767,423,0.2,2110,-0.004647059179842472,-21.772972965240477,0.055517036467790604,0.020114183,0.8115057945251465,0.24842205587774516,0.0003,0.9999573826789856,0.18203125,1000.0,733.6063232421875
490,868352,1771,424,0.2,2115,-0.005307580926455557,-21.760210704803466,0.058276399970054626,0.024026694,0.8111245632171631,0.44441706985235213,0.0003,0.9998902082443237,0.28154296875,1000.0,737.5281982421875
490,870400,1775,425,0.2,2120,-0.007861221430357546,-21.751919746398926,0.053475379943847656,0.023371771,0.8107855319976807,0.4475074527785182,0.0003,0.9999353289604187,0.215625,1000.0,747.2298583984375
489,872448,1780,426,0.2,2125,-0.003917188919149339,-21.746034622192383,0.09152106940746307,0.016496133,0.8105593919754028,0.4405510975047946,0.0003,0.9999245405197144,0.113671875,1000.0,740.7891235351562
490,874496,1784,427,0.2,2130,0.002231195429340005,-21.7397421836853,0.22598132491111755,0.06772514,0.8102080821990967,1.1951366525143385,0.0003,0.9997915625572205,0.271484375,1000.0,740.7891235351562
490,876544,1788,428,0.2,2135,0.010921215498819947,-21.728332328796387,0.1864742785692215,0.032539535,0.80968177318573,1.3154940336942673,0.0003,0.9999266862869263,0.3181640625,1000.0,744.3016967773438
490,878592,1792,429,0.2,2140,0.00033086382900364696,-21.720467185974123,0.4188579320907593,0.03238424,0.8094398379325867,0.5816558457911014,0.0003,0.9999146461486816,0.36201171875,1000.0,733.3704833984375
489,880640,1797,430,0.2,2145,-0.007940786913968623,-21.716961288452147,0.08508288115262985,0.015880125,0.8093188405036926,0.16447909474372863,0.0003,0.9999032616615295,0.18330078125,1000.0,721.0662231445312
490,882688,1801,431,0.2,2150,0.0014946772018447519,-21.710863399505616,0.9185291528701782,0.030971775,0.808965802192688,0.39725555256009104,0.0003,0.9999147653579712,0.23984375,1000.0,721.0662231445312
490,884736,1805,432,0.2,2155,-0.004212898877449333,-21.70540533065796,0.03425150364637375,0.009990099,0.8088082075119019,0.15963300224393606,0.0003,0.9997493028640747,0.0556640625,1000.0,720.4071044921875
490,886784,1809,433,0.2,2160,-0.00411561947548762,-21.702945041656495,0.09986590594053268,0.008634735,0.8087806105613708,0.15985567718744279,0.0003,0.999863862991333,0.03916015625,1000.0,717.6931762695312
489,888832,1814,434,0.2,2165,-0.0057220698450692,-21.702717304229736,0.05455293506383896,0.007902896,0.8087627291679382,0.17864954844117165,0.0003,0.9998403191566467,0.02880859375,1000.0,716.762939453125
489,890880,1819,435,0.2,2170,-0.004648056230507791,-21.701931858062743,0.1008373349905014,0.0064031896,0.8087337017059326,0.23560152873396872,0.0003,0.9999002814292908,0.01787109375,1000.0,716.762939453125
489,892928,1823,436,0.2,2175,-0.003644841676577926,-21.701791858673097,0.12288302928209305,0.005710997,0.8087473511695862,0.2472554475069046,0.0003,0.9999112486839294,0.01494140625,1000.0,724.2382202148438
489,894976,1827,437,0.2,2180,-0.006648476759437472,-21.701204204559325,0.11131694912910461,0.011505337,0.8086475133895874,0.22354401424527168,0.0003,0.9999057650566101,0.05595703125,1000.0,742.976318359375
489,897024,1832,438,0.2,2185,-0.0073507598135620356,-21.69807872772217,0.08614531904459,0.013051713,0.808478593826294,0.18652211129665375,0.0003,0.9999064803123474,0.08515625,1000.0,742.2901611328125
489,899072,1836,439,0.2,2190,-0.008351622382178903,-21.695054054260254,0.06281554698944092,0.012752224,0.8084394931793213,0.12675705067813398,0.0003,0.9999094009399414,0.0888671875,1000.0,742.2901611328125
489,901120,1840,440,0.2,2195,-0.005444575462024659,-21.694331550598143,0.0836465060710907,0.009440511,0.8083512187004089,0.13407705277204512,0.0003,0.9999222159385681,0.04443359375,1000.0,742.2842407226562
489,903168,1844,441,0.2,2200,-0.006051435298286378,-21.69136734008789,0.07778848707675934,0.010878946,0.8082147836685181,0.15131019093096257,0.0003,0.9999259114265442,0.06591796875,1000.0,751.6732177734375
489,905216,1849,442,0.2,2205,-0.0062471916899085045,-21.689019298553468,0.08927424997091293,0.010567386,0.8081797957420349,0.15808229707181454,0.0003,0.9999298453330994,0.06376953125,1000.0,759.2425537109375
489,907264,1853,443,0.2,2210,-0.006283616367727518,-21.687962532043457,0.09200744330883026,0.011738132,0.808076798915863,0.19702751263976098,0.0003,0.9999069571495056,0.06865234375,1000.0,759.2425537109375
489,909312,1857,444,0.2,2215,-0.007606172922533005,-21.683471584320067,0.07271057367324829,0.0132613145,0.8077922463417053,0.15787854753434657,0.0003,0.9999412894248962,0.090625,1000.0,762.1587524414062
489,911360,1861,445,0.2,2220,-0.004574071790557355,-21.67609386444092,0.04223514348268509,0.01080345,0.8074530959129333,0.14489844106137753,0.0003,0.9999428391456604,0.07548828125,1000.0,762.6787719726562
489,913408,1866,446,0.2,2225,-0.008128346386365592,-21.66718635559082,0.03108331933617592,0.010394549,0.8069201707839966,0.11248004622757435,0.0003,0.999944806098938,0.11396484375,1000.0,763.5703125
489,915456,1869,447,0.2,2230,-0.005534858931787312,-21.65652017593384,0.07175711542367935,0.010289982,0.8066093921661377,0.1750176154077053,0.0003,0.9999091029167175,0.08701171875,1000.0,763.5703125
489,917504,1874,448,0.2,2235,-0.005864889011718333,-21.651678848266602,0.11092109978199005,0.009533085,0.8064034581184387,0.19668603390455247,0.0003,0.9999098777770996,0.0431640625,1000.0,763.5242309570312
489,919552,1879,449,0.2,2240,-0.003961824136786163,-21.647509384155274,0.11554105579853058,0.006078086,0.8062748908996582,0.22990379706025124,0.0003,0.999907374382019,0.01787109375,1000.0,761.71728515625
489,921600,1884,450,0.2,2245,-0.004710610827896744,-21.64498996734619,0.09532149136066437,0.0069900714,0.8061588406562805,0.21193289533257484,0.0003,0.9999188780784607,0.02548828125,1000.0,773.4918212890625
489,923648,1888,451,0.2,2250,-0.005346562922932207,-21.642344379425047,0.09319138526916504,0.008319818,0.8060433268547058,0.2162795014679432,0.0003,0.9999201893806458,0.03447265625,1000.0,773.4918212890625
489,925696,1892,452,0.2,2255,-0.006167988106608391,-21.639173698425292,0.08933450281620026,0.009405688,0.8058545589447021,0.1666521206498146,0.0003,0.9999473690986633,0.0421875,1000.0,779.2842407226562
489,927744,1896,453,0.2,2260,-0.0035132408142089845,-21.63529052734375,0.06760764867067337,0.0074021197,0.805720865726471,0.16534897834062576,0.0003,0.99996018409729,0.02919921875,1000.0,790.003662109375
489,929792,1901,454,0.2,2265,-0.004530921974219382,-21.633169746398927,0.0673975870013237,0.0070105623,0.8056466579437256,0.20060139819979667,0.0003,0.9999443292617798,0.02197265625,1000.0,797.5470581054688
489,931840,1905,455,0.2,2270,-0.005209083808586002,-21.631466102600097,0.11118893325328827,0.00574605,0.8055627346038818,0.3108436815440655,0.0003,0.9997418522834778,0.01484375,1000.0,797.5470581054688
489,933888,1909,456,0.2,2275,-0.004436540196184069,-21.629319190979004,0.10673914849758148,0.0051279487,0.8054559230804443,0.25349674448370935,0.0003,0.9998732805252075,0.01181640625,1000.0,796.088134765625
489,935936,1913,457,0.2,2280,-0.005311521212570369,-21.6270471572876,0.09480822831392288,0.0068904697,0.8053767681121826,0.23835223242640496,0.0003,0.9998236298561096,0.02392578125,1000.0,797.08642578125
488,937984,1918,458,0.2,2285,-0.00501172614749521,-21.625435638427735,0.07114759087562561,0.0051038438,0.8052968382835388,0.23665002584457398,0.0003,0.9998769760131836,0.01123046875,1000.0,815.683837890625
489,940032,1921,459,0.2,2290,-0.007310714502818882,-21.6217511177063,0.01712600141763687,0.011374826,0.8050338625907898,0.0856379209086299,0.0003,0.999977171421051,0.1076171875,1000.0,815.683837890625
489,942080,1926,460,0.2,2295,-0.00527870210353285,-21.61620750427246,0.029095593839883804,0.0077162683,0.8048341274261475,0.08515796270221472,0.0003,0.9999740719795227,0.07470703125,1000.0,815.5982055664062
488,944128,1931,461,0.2,2300,-0.008972842479124665,-21.611574745178224,0.033596400171518326,0.012684407,0.804601788520813,0.09280819371342659,0.0003,0.9999668598175049,0.1296875,1000.0,821.98876953125
488,946176,1935,462,0.2,2305,-0.005356209666933865,-21.610296726226807,0.03948836028575897,0.008009486,0.8048380613327026,0.10298147276043892,0.0003,0.9999546408653259,0.0763671875,1000.0,821.98876953125
488,948224,1939,463,0.2,2310,-0.006688207550905645,-21.61508913040161,0.03532108664512634,0.0112401955,0.8048539161682129,0.11028473395854235,0.0003,0.999967098236084,0.1138671875,1000.0,822.0845947265625
488,950272,1943,464,0.2,2315,-0.005881424527615309,-21.613047409057618,0.037677157670259476,0.010567343,0.8047099709510803,0.09503472596406937,0.0003,0.9999769330024719,0.08515625,1000.0,822.136962890625
488,952320,1949,465,0.2,2320,-0.006411931244656444,-21.608015155792238,0.03176960349082947,0.010106554,0.8043723702430725,0.09495982155203819,0.0003,0.9999703764915466,0.0806640625,1000.0,813.6351318359375
488,954368,1953,466,0.2,2325,-0.006100681703537702,-21.599073505401613,0.03562888130545616,0.011667599,0.8039565682411194,0.0804592590779066,0.0003,0.9999402761459351,0.0876953125,1000.0,813.6351318359375
488,956416,1957,467,0.2,2330,-0.005412282235920429,-21.590055465698242,0.02350502461194992,0.01039383,0.8036081790924072,0.0669720385223627,0.0003,0.999919056892395,0.10185546875,1000.0,804.2332153320312
488,958464,1961,468,0.2,2335,-0.0062993612140417096,-21.58186807632446,0.0023131296038627625,0.008580109,0.8031542301177979,0.054480042308568954,0.0003,0.9999503493309021,0.1201171875,1000.0,800.77490234375
488,960512,1967,469,0.2,2340,-0.007916472246870398,-21.568625831604002,0.0098028015345335,0.006396358,0.802448034286499,0.0567568801343441,0.0003,0.9999483823776245,0.10927734375,1000.0,790.7361450195312
488,962560,1971,470,0.2,2345,-0.005494922865182161,-21.55445251464844,0.04558485746383667,0.00931523,0.8020432591438293,0.10979515239596367,0.0003,0.9998265504837036,0.08095703125,1000.0,790.7361450195312
488,964608,1975,471,0.2,2350,-0.004981521680019796,-21.548306369781493,0.03736701235175133,0.012007711,0.8018319606781006,0.09196103289723397,0.0003,0.9998634457588196,0.07626953125,1000.0,782.5848388671875
488,966656,1979,472,0.2,2355,-0.0065914320468436925,-21.5423903465271,0.037371136248111725,0.010380579,0.8014622330665588,0.08836597930639982,0.0003,0.9998713731765747,0.1046875,1000.0,786.3477172851562
488,968704,1984,473,0.2,2360,-0.0048856733017601075,-21.534580516815186,0.03192618489265442,0.009234449,0.8011922836303711,0.09012366198003292,0.0003,0.9998756051063538,0.0681640625,1000.0,778.7332763671875
488,970752,1988,474,0.2,2365,-0.007593605894362554,-21.52953996658325,0.02879900112748146,0.01577092,0.8009999990463257,0.09101755451411009,0.0003,0.9998595118522644,0.122265625,1000.0,778.7332763671875
488,972800,1992,475,0.2,2370,-0.007013572542928159,-21.525868701934815,0.01830102503299713,0.008925807,0.8008280396461487,0.06322016846388578,0.0003,0.9998672008514404,0.12685546875,1000.0,775.8368530273438
488,974848,1996,476,0.2,2375,-0.007828988251276314,-21.517766666412353,0.03423183411359787,0.00729441,0.8002164959907532,0.06756496913731098,0.0003,0.999923050403595,0.1095703125,1000.0,776.68798828125
488,976896,2001,477,0.2,2380,-0.007973648805636913,-21.502917098999024,0.04993964731693268,0.006341,0.7996243834495544,0.10424419157207013,0.0003,0.9999269247055054,0.10791015625,1000.0,780.6718139648438
488,978944,2005,478,0.2,2385,-0.00467665164032951,-21.49443426132202,0.028646569699048996,0.0074391738,0.7995493412017822,0.139838495105505,0.0003,0.9999317526817322,0.07607421875,1000.0,780.6718139648438
488,980992,2009,479,0.2,2390,-0.00614506802521646,-21.495228385925294,0.07757748663425446,0.011769526,0.7995600700378418,0.1870209701359272,0.0003,0.9999392628669739,0.066015625,1000.0,780.7145385742188
488,983040,2014,480,0.2,2395,-0.0036990533117204905,-21.49372978210449,0.06313277781009674,0.007581491,0.7994412779808044,0.16556967757642269,0.0003,0.99994295835495,0.034765625,1000.0,777.1196899414062
487,985088,2018,481,0.2,2400,-0.002945950720459223,-21.49029321670532,0.06760479509830475,0.008088114,0.7992675304412842,0.17141061685979367,0.0003,0.9999331831932068,0.03349609375,1000.0,787.7281494140625
488,987136,2022,482,0.2,2405,-0.005526623246259988,-21.48639087677002,0.05248831957578659,0.011624349,0.799112856388092,0.18007745519280433,0.0003,0.9999423623085022,0.06181640625,1000.0,787.7281494140625
488,989184,2026,483,0.2,2410,-0.004599954292643815,-21.481449317932128,0.0856269970536232,0.009230206,0.7987722754478455,0.11711282320320607,0.0003,0.9999527931213379,0.06005859375,1000.0,783.1674194335938
487,991232,2031,484,0.2,2415,-0.0044793855631724,-21.474181747436525,0.0766732394695282,0.00847262,0.7985483407974243,0.15157243683934213,0.0003,0.9999536275863647,0.0556640625,1000.0,798.5426635742188
487,993280,2036,485,0.2,2420,-0.005762189941015095,-21.470419311523436,0.051402460783720016,0.008795299,0.7984124422073364,0.16670214384794235,0.0003,0.9999533891677856,0.075,1000.0,781.4308471679688
487,995328,2039,486,0.2,2425,-0.005705605214461684,-21.467703437805177,0.07947744429111481,0.00978389,0.7983186841011047,0.22118528932332993,0.0003,0.9999242424964905,0.05185546875,1000.0,781.4308471679688
487,997376,2044,487,0.2,2430,-0.005810567014850676,-21.46598072052002,0.08868300914764404,0.0105812065,0.7982466220855713,0.23189881891012193,0.0003,0.9999426007270813,0.0484375,1000.0,782.1610717773438
487,999424,2048,488,0.2,2435,-0.0054265670129098,-21.46511173248291,0.09097349643707275,0.010677871,0.7982717156410217,0.20913375467061995,0.0003,0.9999421834945679,0.05400390625,1000.0,792.6049194335938
487,1001472,2053,489,0.2,2440,-0.004554128088057041,-21.466126918792725,0.05811280384659767,0.009151609,0.7983041405677795,0.1498980861157179,0.0003,0.9999470114707947,0.05771484375,1000.0,808.9302978515625
