adim,skor,devrilen,odul_+0.10_+0.00_+0.00,odul_-0.10_+0.00_+0.00,odul_+0.00_+0.06_+0.00,odul_+0.00_-0.06_+0.00,odul_+0.00_+0.00_+0.40,odul_+0.00_+0.00_-0.40,odul_+0.10_+0.04_+0.25
250000,2.8627,0,3.242,3.224,2.919,2.9097,2.2634,2.2499,3.2308
500000,2.8583,0,3.2476,3.2308,2.9166,2.9138,2.2471,2.2211,3.2313
750000,2.8417,0,3.2267,3.2365,2.9086,2.9108,2.2224,2.1714,3.2156
1000000,2.836,0,3.2269,3.2257,2.9024,2.8897,2.2178,2.19,3.1998
1250000,2.827,0,3.2122,3.2214,2.9032,2.904,2.2227,2.1821,3.1433
1500000,2.8088,0,3.1984,3.2133,2.9067,2.8913,2.2493,2.0899,3.1125
1750000,2.784,0,3.1845,3.1946,2.899,2.8259,2.2451,2.0286,3.1105
2000000,2.7572,0,3.1451,3.1671,2.8912,2.8313,2.2141,2.0453,3.0061
2250000,2.7399,0,3.1658,3.0861,2.8599,2.8052,2.2245,2.0418,2.9962
